Date,Ticker,Open,High,Low,Close,Volume,return_1d,return_3d,return_5d,return_10d,volatility,hl_range_pct,volume_avg,volume_ratio,prev_close,gap_pct,next_return,target,news_sentiment_mean,news_count
2024-09-25,AAPL,223.06400902085235,225.40443143928672,222.1615697374452,224.4920654296875,42308700,,,,,,0.0144453288165643,,,,,0.0050802348400442,neutral,0.0,0
2024-09-26,AAPL,225.41436171300208,226.6044036950252,223.54004142995944,225.63253784179688,36636700,0.0050802348400442,,,,,0.0135812072778898,,,224.4920654296875,0.0041083691824442,0.0011866461027327,neutral,0.0,0
2024-09-27,AAPL,226.56473891662023,227.6159429044405,225.41435845997736,225.90028381347656,34026000,0.0011866461027327,,,,,0.0097458241632,,,225.63253784179688,0.0041315010846395,0.022872011207867,spike,0.0,0
2024-09-30,AAPL,228.13162655878588,231.06707763671875,227.74486252768645,231.06707763671875,54541900,0.022872011207867,0.0292883946452466,,,,0.0143777085987794,,,225.90028381347656,0.0098775561838236,-0.0291417038868636,crash,0.0,0
2024-10-01,AAPL,227.61592740519507,227.74483864724093,221.883878964708,224.33338928222656,63285000,-0.0291417038868636,-0.0057578067950518,,,,0.0261261139114671,,,231.06707763671875,-0.014935707270897,0.0025197401181737,neutral,0.0,0
2024-10-02,AAPL,224.016035092931,225.483752901305,221.1698492120793,224.89865112304688,32880600,0.0025197401181737,-0.0044339594157248,0.0018111361423003,,,0.0191815454102722,,,224.33338928222656,-0.0014146542800025,-0.0048945115387399,neutral,0.0,0
2024-10-03,AAPL,223.27228007150777,224.928424248049,221.4673863197881,223.79788208007807,34044200,-0.0048945115387399,-0.0314592439173408,-0.0081311666272405,,,0.0154650164518648,,,224.89865112304688,-0.0072315731704824,0.0050073574240849,neutral,0.0,0
2024-10-04,AAPL,226.00938361911108,226.10856009308668,222.27066963907552,224.91851806640625,37245100,0.0050073574240849,0.0026083000219088,-0.0043460137831475,,,0.0170634703047351,,,223.79788208007807,0.0098816910976918,-0.0225308101756688,crash,0.0,0
2024-10-07,AAPL,222.63760820325265,223.8177387035232,219.4939074890314,219.8509216308593,39505400,-0.0225308101756687,-0.0224444631703273,-0.0485406926879186,,,0.0196671052475809,,,224.91851806640625,-0.0101410496688412,0.0184040282756638,spike,0.0,0
2024-10-08,AAPL,222.43925780658088,224.1053136194961,221.3979653574062,223.8970642089844,31855700,0.0184040282756636,0.0004431772453987,-0.0019449849825664,,,0.0120919328337545,40632930.0,0.7839872733765446,219.8509216308593,0.0117731422571313,0.0166983363953534,spike,0.0,0
2024-10-09,AAPL,223.3615300750172,227.84403724277385,222.9648544526125,227.63577270507807,33591100,0.0166983363953534,0.0120810623421836,0.0121704668674675,0.0140036453821803,0.0168557136427744,0.021434165343084,39761170.0,0.8448217192803934,223.8970642089844,-0.0023918765342422,-0.0021783257625611,neutral,0.0,0
2024-10-10,AAPL,225.8903660776275,227.5960983960084,225.2854259515482,227.1399078369141,28183500,-0.0021783257625611,0.0331542217425557,0.014933232279831,0.0066806410526398,0.0168416525375937,0.0101729038567684,38915850.0,0.7242164824872128,227.63577270507807,-0.0076675410314875,-0.0065052421290809,neutral,0.0,0
2024-10-11,AAPL,227.3977901969481,227.5068782710055,225.45404318616428,225.6623077392578,31759200,-0.0065052421290809,0.0078841745268518,0.0033069294571466,-0.0010534562870015,0.0169966789255652,0.0090969338451202,38689170.0,0.8208808821693513,227.1399078369141,0.0011353458865501,0.0164797428900727,spike,0.0,0
2024-10-14,AAPL,226.80272780199272,229.80759005626183,226.703566469934,229.38116455078125,39882100,0.0164797428900727,0.0076674760955277,0.0433486603068402,-0.0072962063794655,0.0161406027302354,0.0135321642141225,37223190.0,1.0714315457648846,225.6623077392578,0.0050536577160799,0.0110247484088712,neutral,0.0,0
2024-10-15,AAPL,231.67201972311165,235.51983687729248,230.44230106244424,231.9100341796875,64751400,0.0110247484088712,0.0210008289084908,0.0357886334910753,0.0337740401538222,0.012931352289258,0.021894420536,37369830.0,1.7327186128489211,229.38116455078125,0.0099871110900356,-0.0088518202112108,neutral,0.0,0
2024-10-16,AAPL,229.6787087516564,230.19438406287304,227.9332995992129,229.85720825195312,34082200,-0.0088518202112108,0.0185892830518348,0.009758727815391,0.0220479629564043,0.0135048832896356,0.0098369091004608,37489990.0,0.909101336116654,231.9100341796875,-0.0096215130833978,0.0015963306235917,neutral,0.0,0
2024-10-17,AAPL,231.49351658619665,231.91004568892728,228.6076687095473,230.22413635253903,32993800,0.0015963306235917,0.0036749826578335,0.0135785408429389,0.0287145446271988,0.0132765780222636,0.0143441822899189,37384950.0,0.8825423064628948,229.85720825195312,0.0071188036550496,0.0122764700802342,neutral,0.0,0
2024-10-18,AAPL,234.2206797118992,234.2206797118992,232.0686835146529,233.05047607421875,46431500,0.0122764700802342,0.0049176047882759,0.0327399307796569,0.0361551288783237,0.0135989832083766,0.0092340347614693,38303590.0,1.2121970812657508,230.22413635253903,0.0173593586783634,0.006297896000287,neutral,0.0,0
2024-10-21,AAPL,232.5050454306036,234.88514457730523,232.5050454306036,234.5182037353516,36254500,0.006297896000287,0.0202777868871069,0.0223952092781056,0.0667146719044431,0.0100186336227958,0.0101488886951715,37978500.0,0.9546058954408416,233.05047607421875,-0.0023403970367409,-0.0026217054228261,neutral,0.0,0
2024-10-22,AAPL,231.949707496782,234.2603802258017,230.67041566655348,233.9033660888672,38846600,-0.0026217054228261,0.0159810773736346,0.0085952809943326,0.0446915278466668,0.0094379081218274,0.0153480671068422,38677590.0,1.0043697138317047,234.5182037353516,-0.0109522254462944,-0.0216230694957711,crash,0.0,0
2024-10-23,AAPL,232.1381225791717,233.189326617388,225.87054472777703,228.8456573486328,52287000,-0.0216230694957711,-0.0180425236473099,-0.0044007795579398,0.0053150022475696,0.0114621300495249,0.0319813011721747,40547180.0,1.2895348085859486,233.9033660888672,-0.0075468922880947,-0.000823396818257,neutral,0.0,0
2024-10-24,AAPL,228.0721096303277,228.9051525928802,226.5151420282862,228.6572265625,31109500,-0.000823396818257,-0.0249915660255762,-0.0068060187557382,0.0066801062835482,0.01143374953277,0.0104523727525433,40839780.0,0.7617450436804508,228.8456573486328,-0.003380215850575,0.0036431751692325,neutral,0.0,0
2024-10-25,AAPL,227.8341207497304,231.2852470135028,227.665532857223,229.49026489257807,38802300,0.0036431751692325,-0.0188671983224578,-0.0152765668691742,0.0169632101686352,0.0111679902530302,0.01577284403752,41544090.0,0.9340028870532489,228.6572265625,-0.0035997367113372,0.0085994071492889,neutral,0.0,0
2024-10-28,AAPL,231.38442210065008,232.78271346714027,230.6208056596869,231.4637451171875,36087100,0.0085994071492889,0.0114404083472128,-0.0130243988292311,0.0090791263113725,0.010252885590579,0.0093401573812728,41164590.0,0.8766539397088614,229.49026489257807,0.0082537584283091,0.0011568830752404,neutral,0.0,0
2024-10-29,AAPL,231.1662580738538,232.3860500186716,230.3927299983884,231.7315216064453,35417200,0.0011568830752404,0.013444994020799,-0.0092852211523827,-0.0007697492429493,0.0096317491732429,0.0086018509975025,38231170.0,0.9263959224894242,231.4637451171875,-0.0012852425038879,-0.0152778503007587,crash,0.0,0
2024-10-30,AAPL,230.68033441798144,231.5332007086612,227.64572172599728,228.191162109375,47070900,-0.0152778503007587,-0.0056608187010075,-0.0028599854016925,-0.0072481787943405,0.0104637699191454,0.0170360628638221,39530040.0,1.190762771805948,231.7315216064453,-0.0045362287408146,-0.0182095491354711,crash,0.0,0
2024-10-31,AAPL,227.43744214117888,227.92338265648337,223.5003751779276,224.0359039306641,64370100,-0.0182095491354711,-0.0320907327528239,-0.020210700100365,-0.0268791644521536,0.0117775024507436,0.0197424046813703,42667670.0,1.5086387421670788,228.191162109375,-0.0033030199821448,-0.0132796255548389,neutral,0.0,0
2024-11-01,AAPL,219.13688241025088,223.4805517303345,218.4426924836225,221.060791015625,65276700,-0.0132796255548389,-0.0460478165285715,-0.036731291764811,-0.0514467305991489,0.0109181109184721,0.0227894744407927,44552190.0,1.4651737658687485,224.0359039306641,-0.0218671268062881,-0.0040376353586277,neutral,0.0,0
2024-11-04,AAPL,219.15670083339904,220.94175615916865,217.88732075932973,220.1682281494141,44944500,-0.0040376353586277,-0.0351588286145605,-0.0488003724386928,-0.0611891757542673,0.0101709201607568,0.0138731888134469,45421190.0,0.989505118646165,221.060791015625,-0.008613423364125,0.0064862677070289,neutral,0.0,0
2024-11-05,AAPL,219.9599923572388,222.09215031274817,219.3054639601429,221.59629821777344,28111300,0.0064862677070289,-0.0108893515284304,-0.0437369215824023,-0.0526160357453681,0.0109124419981763,0.0125755094964026,44347660.0,0.6338846288620414,220.1682281494141,-0.000945803097593,-0.0032668538929325,neutral,0.0,0
2024-11-06,AAPL,220.76328741365683,224.19459083458287,219.35506917081847,220.87237548828125,54561100,-0.0032668538929325,-0.0008523244962532,-0.0320730503032617,-0.0348413072492992,0.0092919916659419,0.0219109413436861,44575070.0,1.224027242133327,221.59629821777344,-0.0037591368214011,0.0213720921428339,spike,0.0,0
2024-11-07,AAPL,222.7665321945981,225.9895710313294,222.7070323603037,225.59288024902344,42137700,0.0213720921428339,0.0246386690087181,0.0069496732043503,-0.0134014846569433,0.0121988319745453,0.0145507192753699,45677890.0,0.9224966389647158,220.87237548828125,0.0085757972319058,-0.0011882751173445,neutral,0.0,0
2024-11-08,AAPL,225.53329235935945,227.0125627173092,224.77877343219785,225.32481384277344,38328800,-0.0011882751173445,0.0168257125908115,0.0192889150878277,-0.018150883444901,0.0120771904149243,0.0099136408769876,45630540.0,0.8399812932303672,225.59288024902344,-0.0002641390526075,-0.0120285338406121,neutral,0.0,0
2024-11-11,AAPL,223.3789433198207,224.07389700260043,219.904159757068,222.614486694336,42005600,-0.0120285338406123,0.0078874110092013,0.0111108608425634,-0.0382317257433609,0.0118701998699075,0.0187307542624474,46222390.0,0.908771701333488,225.32481384277344,-0.0086358465797314,0.0,neutral,0.0,0
2024-11-12,AAPL,222.93218846295187,223.96468891324545,221.75075962779928,222.614486694336,40398300,0.0,-0.0132025157504959,0.0045947900969081,-0.0393430934596502,0.0118217647324642,0.0099451267449904,46720500.0,0.8646803865540823,222.614486694336,0.0014271387874776,0.003969220378027,neutral,0.0,0
2024-11-13,AAPL,222.3960891659536,225.01706838141624,221.1550949323282,223.4980926513672,48566200,0.0039692203780272,-0.0081070573642231,0.0118879382597361,-0.0205663944853322,0.0113277750018253,0.0172796707268204,46870030.0,1.036188796977514,222.614486694336,-0.0009810571253713,0.0137703041768271,neutral,0.0,0
2024-11-14,AAPL,223.3987876531247,227.2210402122622,223.3789275067786,226.5757293701172,44923900,0.0137703041768271,0.0177941819268045,0.0043567382091527,0.0113366893202937,0.0107482198187973,0.016957300396493,44925410.0,0.9999663887319002,223.4980926513672,-0.000444321457353,-0.0141091572845257,neutral,0.0,0
2024-11-15,AAPL,224.76884409236823,225.28510187679905,222.65420045885568,223.37893676757807,47923700,-0.0141091572845257,0.0034339637307241,-0.0086358756588307,0.0104864627567049,0.0108746714188184,0.0117777506510417,43190110.0,1.1095989336447627,226.5757293701172,-0.0079747521182966,0.0134221696273377,neutral,0.0,0
2024-11-18,AAPL,223.62711979019133,228.08477571151616,223.5476943559773,226.37716674804688,44633700,0.0134221696273377,0.0128818732299909,0.0169022246017498,0.0282008837097929,0.0113499688272251,0.0200421333154528,43159030.0,1.034168284134282,223.37893676757807,0.0011110403971144,0.0011402781397011,neutral,0.0,0
2024-11-19,AAPL,225.3446628208732,228.5017596103349,225.0269762165604,226.6352996826172,36211800,0.0011402781397011,0.0002629156823883,0.0180617759786767,0.0227395561449843,0.0112850002491111,0.0153320484436476,43969080.0,0.8235742025987353,226.37716674804688,-0.0045609897058339,0.0031539569283065,neutral,0.0,0
2024-11-20,AAPL,226.4168677573381,228.2733899080337,224.2625040209905,227.35009765625,35169600,0.0031539569283065,0.0177776873063186,0.0172350688061195,0.0293278964997252,0.0111139224184909,0.0176418920791826,42029930.0,0.8367751266775842,226.6352996826172,-0.0009638036333482,-0.0020959600569572,neutral,0.0,0
2024-11-21,AAPL,227.230987838277,228.50176458087773,224.0838286281757,226.8735809326172,42108300,-0.0020959600569572,0.0021928633161258,0.0013145784119421,0.0056770438950912,0.0090841521121268,0.0194731177360584,42026990.0,1.001934709100033,227.35009765625,-0.000523904846318,0.0059075675121986,neutral,0.0,0
2024-11-22,AAPL,226.41689485035167,229.0577339975617,226.41689485035167,228.2138519287109,38168300,0.0059075675121986,0.0069651649513748,0.0216444541777163,0.0128216597039036,0.0092049827520373,0.0115717741271681,42010940.0,0.9085323965614672,226.8735809326172,-0.0020129540001449,0.0130508217214999,neutral,0.0,0
2024-11-25,AAPL,229.79240040372403,231.5694972757357,228.08479132337305,231.1922302246093,90152800,0.0130508217215001,0.016899630164965,0.0212700933832321,0.0385318298806456,0.0085600406783915,0.0150727641191797,46825660.0,1.92528626398432,228.2138519287109,0.0069169704716531,0.0094044027837931,neutral,0.0,0
2024-11-26,AAPL,231.6489234928732,233.87279036398945,231.6489234928732,233.366455078125,45986200,0.0094044027837931,0.0286189080227734,0.029700383854299,0.0482986015126327,0.0086100731495876,0.0095295053026012,47384450.0,0.9704913742799588,231.1922302246093,0.0019753832895688,-0.0005530308023378,neutral,0.0,0
2024-11-27,AAPL,232.780718878382,233.99193037541465,232.125470334311,233.2373962402344,33498400,-0.0005530308023378,0.0220124425799217,0.0258952982412434,0.0435766742943057,0.0087735108212021,0.0080024047223594,45877670.0,0.7301678572604058,233.366455078125,-0.0025099417118321,0.0102157961239728,neutral,0.0,0
2024-11-29,AAPL,233.11825362062933,236.0966394139658,232.28430923422,235.6201019287109,28481400,0.0102157961239728,0.0191523378610076,0.0385523997996553,0.0399176583641027,0.0084121730698296,0.0161799869728401,44233420.0,0.6438887158171356,233.2373962402344,-0.0005108212556204,0.0095225889494994,neutral,0.0,0
2024-12-02,AAPL,235.5605381566453,239.0551666028684,235.45133007089743,237.8638153076172,48137100,0.0095225889494994,0.0192716653641868,0.0422847399373493,0.0648444242310561,0.0056350333104591,0.0151508396824053,44254760.0,1.087727060320743,235.6201019287109,-0.000252795799586,0.0127718621819743,neutral,0.0,0
2024-12-03,AAPL,238.08224409194108,241.010987266338,237.1787967118795,240.9017791748047,38861000,0.0127718621819743,0.0328608664738991,0.0419977303768481,0.0641611194070796,0.0055469885804162,0.0159076888829357,43677490.0,0.8897260350812284,237.8638153076172,0.0009182934530895,0.001483619662068,neutral,0.0,0
2024-12-04,AAPL,241.12019505186365,242.3512667049628,239.5118714775545,241.2591857910156,44383900,0.001483619662068,0.0239329489128683,0.0338211878405931,0.0645260739561659,0.0055127913982123,0.01176906577919,44494700.0,0.9975098157758115,240.9017791748047,0.0009066594601631,0.0001233938403768,neutral,0.0,0
2024-12-05,AAPL,242.2321233137982,242.7781485930641,240.38552350615552,241.28895568847656,40033900,0.0001233938403768,0.0143995856470637,0.0345208769178209,0.0613101035624006,0.0057808918530502,0.0099160157582912,44981130.0,0.8900154353614504,241.2591857910156,0.0040327480986584,-0.0008229878582414,neutral,0.0,0
2024-12-06,AAPL,241.1598807416467,242.86748966267425,240.3358589246164,241.0903778076172,36870600,-0.0008229878582414,0.0007828860104668,0.0232165075650521,0.0626639594463072,0.0055942227589896,0.010500753954096,44457360.0,0.8293474916189355,241.28895568847656,-0.000534939307361,0.0161012282264814,spike,0.0,0
2024-12-09,AAPL,240.0876781705053,245.4587041321112,240.0082527322972,244.97222900390625,44649200,0.0161012282264814,0.0153902666989309,0.029884384420119,0.0734327777808609,0.0064208196145299,0.0222492623836437,45105450.0,0.9898848143627876,241.0903778076172,-0.0041590197262538,0.0041337942632904,neutral,0.0,0
2024-12-10,AAPL,245.1112290940277,246.42172615122828,243.5723933612922,245.98489379882807,36914800,0.0041337942632904,0.0194618858412001,0.0211003614893807,0.0639842591589139,0.0061192591303231,0.011583364921044,39781650.0,0.9279353671856244,244.97222900390625,0.0005674116232956,-0.005166099637575,neutral,0.0,0
2024-12-11,AAPL,246.1735215855749,248.9930565140259,244.4857575090629,244.714111328125,45205800,-0.005166099637575,0.0150306020234429,0.0143203896083035,0.0486259100357895,0.0069586665660375,0.0184186313592654,39703610.0,1.1385816050480044,245.98489379882807,0.0007668267096968,0.005963741171987,neutral,0.0,0
2024-12-12,AAPL,245.11122473397327,246.9479020514793,243.9099357862414,246.17352294921875,32777500,0.005963741171987,0.0049037964433646,0.0202436420962779,0.0554633472912728,0.0067041223536221,0.0123407514701107,39631520.0,0.8270563430320109,244.714111328125,0.001622764636224,0.0006856036498088,neutral,0.0,0
2024-12-13,AAPL,246.0345362986312,247.4939314395242,244.46591792091505,246.34230041503903,33155300,0.0006856036498088,0.0014529616461051,0.0217840407202509,0.0455062976314823,0.0066255536199106,0.0122918943011717,40098910.0,0.8268379364925381,246.17352294921875,-0.0005645881365406,0.0117276146382168,neutral,0.0,0
2024-12-16,AAPL,246.2032946496481,249.56886987487528,245.86573275817128,249.23130798339844,51694800,0.0117276146382168,0.0184590771278267,0.0173859665514342,0.0477899198794917,0.0068450881290399,0.0148582340905207,40454680.0,1.2778447388534528,246.34230041503903,-0.0005642789125405,0.0097195827282166,neutral,0.0,0
2024-12-17,AAPL,248.2782345553336,252.0012166921119,247.98039295462075,251.6537322998047,51356400,0.0097195827282166,0.0222615709639757,0.0230454741079049,0.0446321034316565,0.0065047655584583,0.0159776042292152,41704220.0,1.2314437244000729,249.23130798339844,-0.0038240517845708,-0.0214217730504495,crash,0.0,0
2024-12-18,AAPL,250.34325221557475,252.44797328398425,245.95509905753715,246.2628631591797,56774100,-0.0214217730504495,-0.000322466972686,0.0063288210992378,0.0207398418914437,0.0104688393459176,0.0263656246953087,42943240.0,1.3220730433940242,251.6537322998047,-0.0052074732699323,0.007014710811017,neutral,0.0,0
2024-12-19,AAPL,245.71683140567848,250.184410158509,245.3097817058068,247.9903259277344,60882300,0.007014710811017,-0.0049792382253465,0.0073801721515374,0.0277732158114598,0.0105504448675118,0.019656526658716,45028080.0,1.3520962919138455,246.2628631591797,-0.0022172720096585,0.0188158668554729,spike,0.0,0
2024-12-20,AAPL,246.2529371403228,253.16279902630112,243.919877297432,252.656478881836,147495300,0.0188158668554727,0.0039846282940745,0.0256317264885437,0.0479741297823514,0.0115800314051458,0.0365829594783195,56090550.0,2.6295926853988774,247.9903259277344,-0.0070058732368369,0.0030649661087218,neutral,0.0,0
2024-12-23,AAPL,252.9344647729304,253.80811434244583,251.6239676953758,253.4308624267578,40858800,0.0030649661087218,0.0291071060233099,0.0168500277005292,0.0345289482699555,0.0108733227559937,0.0086183135950983,55711510.0,0.7333996152680119,252.656478881836,0.0011002523755759,0.0114779203490669,neutral,0.0,0
2024-12-24,AAPL,253.64924013847912,256.34962902881983,253.45066898797964,256.3397216796875,23234700,0.0114779203490669,0.0336682316970144,0.0186207823625688,0.0420953812282791,0.0111683720842628,0.0113090551157835,54343500.0,0.4275525131800491,253.4308624267578,0.0008616855485957,0.0031756935333713,neutral,0.0,0
2024-12-26,AAPL,256.329771467171,258.2260137599804,255.7738086302712,257.1537780761719,27237100,0.0031756935333713,0.0178000548976193,0.0442247555204964,0.050833467185581,0.0106934886131912,0.0095359482876539,52546630.0,0.5183415187615267,256.3397216796875,-3.881650667058118e-05,-0.0132419896242946,neutral,0.0,0
2024-12-27,AAPL,255.9724022209019,256.8361595932908,251.23677948504653,253.74855041503903,42355300,-0.0132419896242946,0.0012535489373282,0.0232195528828111,0.0307710893319055,0.0121333873757891,0.0220666486531085,53504410.0,0.791622597090595,257.1537780761719,-0.0045940443267375,-0.0132634662213577,neutral,0.0,0
2024-12-30,AAPL,250.4127477342041,251.673601973938,248.9434149702759,250.38296508789065,35557500,-0.0132634662213577,-0.0232377430729997,-0.0089984385281036,0.0164026424452636,0.0131972161557991,0.010904044541144,53744630.0,0.6616009822748803,253.74855041503903,-0.0131460955161272,-0.0070579138475498,neutral,0.0,0
2024-12-31,AAPL,250.6212343300532,251.4551787009884,247.6329109442556,248.61578369140625,39480700,-0.0070579138475498,-0.033201901401723,-0.0189995752263326,-0.0024696908946655,0.012946971907296,0.0153741958775921,52523220.0,0.7516808756203447,250.38296508789065,0.0009516192208957,-0.0262358404849507,crash,0.0,0
2025-01-02,AAPL,247.1365264348607,247.3053149666319,240.0777664039773,242.0931396484375,55740700,-0.0262358404849507,-0.0459329156660701,-0.0555769583344246,-0.0379910624173747,0.0147604717298017,0.0298544129468116,52961650.0,1.052472874240134,248.61578369140625,-0.0059499732260831,-0.0020094144543209,neutral,0.0,0
2025-01-03,AAPL,241.606674194336,242.42075849453863,240.147263834766,241.606674194336,40244100,-0.002009414454321,-0.0350514696176474,-0.0604583918546617,-0.0189073939331,0.0133938831302664,0.0094099000673464,51308650.0,0.7843531256425573,242.0931396484375,-0.002009414454321,0.006738880764636,neutral,0.0,0
2025-01-06,AAPL,242.549801627174,245.54804748087847,241.4477983095151,243.23483276367188,45045600,0.006738880764636,-0.0216436416378674,-0.0414336067503463,-0.0191761236906002,0.0133739231500747,0.0168571627869896,49724980.0,0.905894783668088,241.606674194336,0.0039035653132637,-0.0113876872431328,neutral,0.0,0
2025-01-07,AAPL,241.2293920171741,243.78088314896328,239.61114601786807,240.46495056152344,40856000,-0.0113876872431328,-0.0067254656174002,-0.0396113790045011,-0.0482533769736193,0.011461079655173,0.0173403114314919,39061050.0,1.045952425754044,243.23483276367188,-0.0082448748138233,0.0020229567518119,neutral,0.0,0
2025-01-08,AAPL,240.177021684634,241.95413364050103,238.32049944087447,240.951400756836,37628900,0.0020229567518117,-0.0027121495698952,-0.0308282234569776,-0.0492420755326452,0.0113853688389954,0.0150803613849647,38738060.0,0.9713676936841958,240.46495056152344,-0.0011973839689196,-0.0241038070378232,crash,0.0,0
2025-01-10,AAPL,238.28077607985776,238.42970445265777,231.3212870184269,235.1435546875,61710900,-0.0241038070378231,-0.0332652933966632,-0.0287062449230471,-0.0826877974794457,0.0112300526212273,0.0302301181237044,42585680.0,1.4490997912913448,240.951400756836,-0.011083665289306,-0.0103440748462333,neutral,0.0,0
2025-01-13,AAPL,231.847485095216,232.9792711307645,228.06493742769467,232.71121215820312,49630700,-0.0103440748462333,-0.0322447757363978,-0.0368179482863862,-0.0950503861962649,0.0104501286272925,0.0211177349707109,44825040.0,1.1072092741021535,235.1435546875,-0.0140172653112453,-0.0047781903856293,neutral,0.0,0
2025-01-14,AAPL,233.0586839045808,234.41880854341963,230.7951119565212,231.59927368164065,39435300,-0.0047781903856293,-0.0388133335013616,-0.0478367302488142,-0.0872882887298088,0.0104909908526662,0.0156464073884774,44533040.0,0.8855290364188028,232.71121215820312,0.0014931457025862,0.0196759276035389,spike,0.0,0
2025-01-15,AAPL,232.94947976770305,237.2383625727966,232.74098609709984,236.1562042236328,39832000,0.0196759276035389,0.0043065162363415,-0.0179183965389926,-0.0568200031470347,0.0136988917539839,0.0190440750455062,44960490.0,0.8859334050852203,231.59927368164065,0.005829923663398,-0.0404001283733457,crash,0.0,0
2025-01-16,AAPL,235.63998458586752,236.29521800986595,226.38712456587973,226.615463256836,71759100,-0.0404001283733458,-0.0261944787482912,-0.0594972158492143,-0.0884912458409242,0.0175651994878808,0.0437220536568452,48188330.0,1.4891385528404906,236.1562042236328,-0.0021859245217053,0.0075352805119437,neutral,0.0,0
2025-01-17,AAPL,230.447655820989,230.61642921557544,226.8338812897996,228.3230743408203,68488300,0.0075352805119437,-0.0141459827949367,-0.0290056019427958,-0.0568792049523327,0.017142106410382,0.0165666476622927,49463090.0,1.384634481994554,226.615463256836,0.0169105519503309,-0.0319158484302444,crash,0.0,0
2025-01-21,AAPL,222.38615194982364,222.80312416686704,217.799442413492,221.03594970703125,98070400,-0.0319158484302444,-0.0640264970649813,-0.0501706056313038,-0.08514137515406,0.0189401880719526,0.0226374115161227,55245720.0,1.7751673794820666,228.3230743408203,-0.0260022882406294,0.0053448160172173,neutral,0.0,0
2025-01-22,AAPL,218.20644519467228,222.50525012711904,218.20644519467228,222.21734619140625,64126500,0.0053448160172173,-0.0194078418225374,-0.0405093130953896,-0.0864082102610949,0.0188187024852266,0.019345046667707,57153810.0,1.1219986909009216,221.03594970703125,-0.0128011055039204,-0.0007593779294655,neutral,0.0,0
2025-01-23,AAPL,223.1208199792776,225.394314538592,220.69839703644928,222.0485992431641,60234800,-0.0007593779294655,-0.0274806876868267,-0.059738447384212,-0.0765864267343505,0.0189581323465337,0.0211481518827337,59091690.0,1.0193446828141148,222.21734619140625,0.0040657212560406,-0.0039346003006973,neutral,0.0,0
2025-01-24,AAPL,223.160517277336,224.00439930767484,219.81480209957203,221.1749267578125,54697900,-0.0039346003006973,0.0006287531551563,-0.0240077902047549,-0.0820766093780942,0.0187080770854592,0.0189424600225614,60798590.0,0.8996573769227214,222.0485992431641,0.0050075435646151,0.0317802374900999,spike,0.0,0
2025-01-27,AAPL,222.4059977899183,230.47741293083345,222.3662774962669,228.20391845703125,94863400,0.0317802374900999,0.0269401663201778,-0.0005218740336826,-0.0295123387059932,0.0216073343430421,0.0355433661674558,64113840.0,1.4796087708987635,221.1749267578125,0.0055660514966682,0.0365439717049937,spike,0.0,0
2025-01-28,AAPL,229.1867945454765,238.4594987479956,229.147074251248,236.5433959960937,75707600,0.0365439717049937,0.0652775869892179,0.0701580277308582,0.0164675513583993,0.0246557741938342,0.0393687782215716,66721530.0,1.134680214917134,228.20391845703125,0.0043070079387366,0.0046168559785551,neutral,0.0,0
2025-01-29,AAPL,232.4332299805781,238.1318804363608,232.3240218920036,237.635482788086,45486100,0.0046168559785548,0.0744232462131562,0.0693831370994744,0.0260631607797818,0.0245514158129995,0.0244401992337838,67326610.0,0.675603598636557,236.5433959960937,-0.0173759491285203,-0.0073947844950447,neutral,0.0,0
2025-01-30,AAPL,236.95044029141235,239.05516137192973,235.500967711044,235.8782196044922,55658300,-0.0073947844950446,0.0336291383572624,0.06228195272776,-0.0011771218124652,0.0239755429395194,0.015067917957178,68909240.0,0.8077044529877271,237.635482788086,-0.0028827449867177,-0.006692039953385,neutral,0.0,0
2025-01-31,AAPL,245.4090960245911,245.4090960245911,231.7581593483071,234.2997131347656,100959800,-0.006692039953385,-0.0094852906456335,0.0593412036768743,0.0339087623037472,0.0196154147436494,0.0582627118644067,71829310.0,1.405551577761223,235.8782196044922,0.0404059197838603,-0.0338560576685244,crash,0.0,0
2025-02-03,AAPL,228.33299411580023,230.15973381299625,224.0738938399255,226.36724853515625,73063300,-0.0338560576685244,-0.0474181469901878,-0.0080483715367088,-0.008566045334273,0.0227834697879257,0.0268848078176185,72286810.0,1.0107417936965264,234.2997131347656,-0.025466181495209,0.0210079349094221,spike,0.0,0
2025-02-04,AAPL,225.6127398204117,231.4503812363357,225.01705656002383,231.1227569580078,45067300,0.0210079349094221,-0.0201606687317636,-0.0229160447082421,0.0456342385224934,0.02076517000791,0.0278350983736348,66986500.0,0.6727818291745352,226.36724853515625,-0.0033331178411499,-0.0014175874460061,neutral,0.0,0
2025-02-05,AAPL,226.88350440739825,230.9936762657329,226.625383087866,230.7951202392578,39620300,-0.0014175874460061,-0.0149577344701741,-0.0287851059470277,0.038600830200101,0.020850533397919,0.0189271470442634,64535880.0,0.613926702479303,231.1227569580078,-0.0183419954244479,0.0032262310741231,neutral,0.0,0
2025-02-06,AAPL,229.6236158418004,232.1155417136993,228.7698112868805,231.5397186279297,29925300,0.0032262310741231,0.0228499048614363,-0.0183929698292494,0.0427434328210822,0.0207876706878283,0.0144499200683368,61504930.0,0.486551240689161,230.7951202392578,-0.0050759495965209,-0.0239687964831328,crash,0.0,0
2025-02-07,AAPL,230.9241838961893,232.31409120281864,225.6226456863809,225.989990234375,39707200,-0.0239687964831328,-0.0222079677102734,-0.0354662103047943,0.0217703857627362,0.0225680483310676,0.0296094774352528,60005860.0,0.6617220384809084,231.5397186279297,-0.0026584412185863,0.0011874024339519,neutral,0.0,0
2025-02-10,AAPL,228.1666073624245,229.1803610121675,225.81108525741087,226.25833129882807,33115600,0.0011874024339519,-0.0196572134442296,-0.0004811528038308,-0.0085256518440086,0.0200764888991966,0.0148912781925657,53831080.0,0.6151762141870458,225.989990234375,0.0096314758268368,0.0218317749597285,spike,0.0,0
2025-02-11,AAPL,226.80497424991785,233.7919975340461,226.7354100570617,231.1979522705078,53718400,0.0218317749597285,-0.0014760593104592,0.0003253479384275,-0.0225981524577172,0.0174077124021271,0.0305218424630684,51632160.0,1.0404058245868466,226.25833129882807,0.0024160124754381,0.018270119785855,spike,0.0,0
2025-02-12,AAPL,229.78663009476247,235.5114278924553,229.26980470124647,235.4219665527344,45243300,0.018270119785855,0.0417362570288066,0.0200474182845811,-0.0093147547217327,0.0184983304832157,0.0265124927915795,51607880.0,0.8766742598223372,231.1979522705078,-0.0061043887365146,0.0196732512719548,spike,0.0,0
2025-02-13,AAPL,235.4617298072221,240.85852795215607,234.1299251101732,240.0534820556641,53614100,0.0196732512719548,0.0609707968658896,0.036770207194626,0.0177009240538306,0.0193822305452267,0.0280295990058695,51403460.0,1.043005665377389,235.4219665527344,0.0001689020573141,0.0127105998578069,neutral,0.0,0
2025-02-14,AAPL,239.77517912233392,244.048895192642,239.5167740261789,243.10470581054688,40896200,0.0127105998578069,0.0515002551843877,0.0757321842371077,0.0375800403593187,0.0193947868760216,0.0186426714832703,45397100.0,0.9008549004231547,240.0534820556641,-0.0011593372066381,-0.0005314424768596,neutral,0.0,0
2025-02-18,AAPL,242.6574585849239,243.6811607859394,240.36158248040348,242.9755096435547,48822500,-0.0005314424768596,0.0320851244317861,0.0738853603699905,0.0733686574178555,0.0144172667057436,0.0136621929938771,42973020.0,1.1361198258814484,243.10470581054688,-0.0018397308440895,0.0016361833783888,neutral,0.0,0
2025-02-19,AAPL,243.1643543930965,244.5060925083624,241.6735241546838,243.37306213378903,32204200,0.0016361833783888,0.0138285020891935,0.0526609762055159,0.0530034572839877,0.0136359329182949,0.0116387916100651,41686710.0,0.7725291825620204,242.9755096435547,0.0007772172175659,0.003920513348937,neutral,0.0,0
2025-02-20,AAPL,243.4426507707668,245.2713989598738,242.7966152101895,244.32720947265625,32316900,0.003920513348937,0.0050287124555379,0.037826728959581,0.0586324755019522,0.0134486000166013,0.010128973170961,40956370.0,0.7890567450191509,243.37306213378903,0.0002859340157354,-0.0011390045157987,neutral,0.0,0
2025-02-21,AAPL,244.44646835255205,247.16972378813352,243.7209351965304,244.0489196777344,53197400,-0.0011390045157987,0.0044177704812902,0.0166439477897006,0.0540261563930906,0.013611126961348,0.0141315462332602,43283580.0,1.2290434386434763,244.32720947265625,0.0004881113329669,0.0063123085609031,neutral,0.0,0
2025-02-24,AAPL,243.43268408373555,247.3386670527108,242.92580728065096,245.5894317626953,51326400,0.0063123085609031,0.0091068814661496,0.0102208056559991,0.0867270338300987,0.0089222317189734,0.0179684432688611,44445500.0,1.1548165731063886,244.0489196777344,-0.0025250494647244,-0.0002428090949527,neutral,0.0,0
2025-02-25,AAPL,246.48393846255715,248.47171215983585,243.41283173998391,245.52980041503903,48013300,-0.0002428090949527,0.0049220508226586,0.0105125441458338,0.0851746276284448,0.0090608517332364,0.0206039365132073,45935270.0,1.0452382232650423,245.5894317626953,0.0036422849853171,-0.0270401399138813,crash,0.0,0
2025-02-26,AAPL,242.83637220684057,243.48239258336395,237.66816369812489,238.89064025878903,44433600,-0.0270401399138813,-0.0211362518045843,-0.0184179047413878,0.0332731666207863,0.0131673097538946,0.0243384541099665,45006790.0,0.9872643661100914,245.52980041503903,-0.0109698627361955,-0.0127309531202123,neutral,0.0,0
2025-02-27,AAPL,237.9464364184556,240.97779411500133,235.61079643123784,235.84933471679688,41153600,-0.0127309531202123,-0.0396600821785766,-0.034698856398997,0.0018153283243718,0.0129130177825743,0.0227560433452486,44597820.0,0.9227715614799108,238.89064025878903,-0.0039524522154178,0.0191318646467513,spike,0.0,0
2025-02-28,AAPL,235.5014665780957,240.6100439575549,228.7927308959873,240.361572265625,56833400,0.0191318646467513,-0.0210492907202211,-0.0151090503370329,0.0012834232077061,0.0128233921872034,0.0491647352369132,44919750.0,1.2652207547904877,235.84933471679688,-0.0014749591688223,-0.0157541713178286,crash,0.0,0
2025-03-03,AAPL,240.3118838035197,242.5381957053339,234.66661403302143,236.5748748779297,47184000,-0.0157541713178286,-0.0096938305257614,-0.0367058013044961,-0.026860158510078,0.0128974805259231,0.0332731093121115,45548530.0,1.035906098396589,240.361572265625,-0.0002067238187741,-0.0088224646129098,neutral,0.0,0
2025-03-04,AAPL,236.25683384188991,238.60240725621293,233.2453429373596,234.4877014160156,53798100,-0.0088224646129098,-0.0057733183874201,-0.0449725409313169,-0.0349327726073739,0.0130125808870203,0.0228458221326888,46046090.0,1.1683532738610378,236.5748748779297,-0.0013443567758574,-0.0008051466918315,neutral,0.0,0
2025-03-05,AAPL,233.9808533299346,235.1039503854265,227.82869096216825,234.2989044189453,47227600,-0.0008051466918315,-0.0252231161143338,-0.0192210788788942,-0.0372849716204638,0.0129287091278132,0.0310511884009901,47548430.0,0.993252563754471,234.4877014160156,-0.0021615124504196,-0.0017392365607244,neutral,0.0,0
2025-03-06,AAPL,233.00684447444675,236.4059358119138,231.7346704709097,233.8914031982422,45170400,-0.0017392365607244,-0.0113430121481503,-0.0083016198494082,-0.0427124195333715,0.0126786799851757,0.0199719411535822,48833780.0,0.924982665687563,234.2989044189453,-0.005514579539767,0.0158925574755255,spike,0.0,0
2025-03-07,AAPL,233.6727371800736,239.89446338205195,233.3248707174565,237.6085357666016,46273600,0.0158925574755255,0.0133091600614445,-0.0114537297833158,-0.0263897251405058,0.0142005496540868,0.0276488074950667,48141400.0,0.961201793051303,233.8914031982422,-0.0009349040416985,-0.0484795927128545,crash,0.0,0
2025-03-10,AAPL,234.10009611136832,234.71631625547707,222.8493051372945,226.08937072753903,72071200,-0.0484795927128545,-0.0350387199281434,-0.0443221375718831,-0.0794010593012752,0.0198393675336624,0.052488142542904,50215880.0,1.4352272627702631,237.6085357666016,-0.0147656297107084,-0.0291893233667582,crash,0.0,0
2025-03-11,AAPL,222.4418202229124,224.45940937640347,216.1206990584521,219.489974975586,76137400,-0.0291893233667583,-0.0615731404648927,-0.0639595439328456,-0.1060556616566943,0.0206666980151339,0.0379913037890632,53028290.0,1.435788331096477,226.08937072753903,-0.0161332241886872,-0.0174787505574581,crash,0.0,0
2025-03-12,AAPL,218.7942505386503,220.39440897367027,213.5962265598192,215.653564453125,62547500,-0.0174787505574579,-0.0923997584625602,-0.0795792878846797,-0.0972707669940162,0.0200517985548741,0.0315236264751317,54839680.0,1.1405518777644217,219.489974975586,-0.0031697321803105,-0.03364378246994,crash,0.0,0
2025-03-13,AAPL,214.6298369024284,215.51439548794804,207.14587101812543,208.39816284179688,61368300,-0.03364378246994,-0.0782487377837053,-0.1089960554678347,-0.116392831499664,0.0214129010600233,0.0401564215140201,56861150.0,1.07926589595884,215.653564453125,-0.0047470931134046,0.0181707127952808,spike,0.0,0
2025-03-14,AAPL,209.9585940343847,212.6420854575803,208.2988048386841,212.1849060058593,60107600,0.0181707127952808,-0.0332820165045768,-0.1069979648614787,-0.1172261688679064,0.0212587937614242,0.0204693194282926,57188570.0,1.0510421925220372,208.39816284179688,0.0074877396773042,0.0023887960016542,neutral,0.0,0
2025-03-17,AAPL,212.0059881512876,213.904315554563,208.6864099217596,212.6917724609375,48073400,0.0023887960016542,-0.0137340275348487,-0.0592579749480881,-0.100953672402091,0.0216901506560568,0.0245327102803739,57277510.0,0.8393067366231528,212.1849060058593,-0.0008432166921751,-0.0061214718334957,neutral,0.0,0
2025-03-18,AAPL,212.85080057479257,213.83473880015984,210.19712464056028,211.3897857666016,42432400,-0.0061214718334957,0.0143553229261228,-0.0369045976240389,-0.0985037403238258,0.0217283549378966,0.0172080885857744,56140940.0,0.755819193622337,212.6917724609375,0.0007476928327553,0.0119892669371177,neutral,0.0,0
2025-03-19,AAPL,212.91042558181823,217.42266485537365,212.4432975855824,213.9241943359375,54385400,0.0119892669371177,0.008197040792478,-0.008019204883411,-0.0869603301540675,0.0226918433504629,0.0232763165720837,56856720.0,0.9565342496014544,211.3897857666016,0.0071935349652872,-0.0052963907451608,neutral,0.0,0
2025-03-20,AAPL,212.6818400591608,216.16044383082547,210.9226561911479,212.79116821289065,48862900,-0.0052963907451608,0.000467322975417,0.0210798661139286,-0.0902138116101144,0.0225961731463815,0.0246146852976404,57225970.0,0.8538588336728936,213.9241943359375,-0.0058074510021328,0.0194769173270596,spike,0.0,0
2025-03-21,AAPL,210.2666968536004,217.5021918152461,209.9884097524224,216.9356842041016,94127800,0.0194769173270596,0.0262354134916589,0.022389802779426,-0.0870038254131011,0.0230616599122878,0.034635989419585,62011390.0,1.5179114675545895,212.79116821289065,-0.0118636096624303,0.0112703739729707,neutral,0.0,0
2025-03-24,AAPL,219.6489841771892,220.1260455978378,217.24377992596973,219.3806304931641,44299500,0.0112703739729707,0.025506400405828,0.0314485979162877,-0.0296729572592763,0.01903242742792,0.0131381957713804,59234220.0,0.7478700656478637,216.9356842041016,0.0125073935302171,0.0136818876440814,neutral,0.0,0
2025-03-25,AAPL,219.42039321145907,222.7300380772677,218.73460889257407,222.3821716308593,34493600,0.0136818876440816,0.0450723754116204,0.0520005535007004,0.0131768963734908,0.0171764698227568,0.0179664995417248,55069840.0,0.6263609990513864,219.3806304931641,0.0001812499043584,-0.0099217526398652,neutral,0.0,0
2025-03-26,AAPL,222.1436424317859,223.64442126802376,219.12223310716143,220.17575073242188,34466100,-0.0099217526398653,0.0149356088658605,0.0292232321635728,0.0209696801940866,0.016400144823291,0.020538992808332,52261700.0,0.6594906021044091,222.3821716308593,-0.0010726093612818,0.0104726185455039,neutral,0.0,0
2025-03-27,AAPL,220.0365991694977,223.61459773398053,219.21167130142223,222.4815673828125,37094800,0.0104726185455039,0.014134962064233,0.0455394800982853,0.0675793123555839,0.0105922643115979,0.0197900728781832,49834350.0,0.744362071543022,220.17575073242188,-0.0006320022185063,-0.0265803379734869,crash,0.0,0
2025-03-28,AAPL,220.31488968867507,222.44180687800483,216.34927581514728,216.56793212890625,39818600,-0.0265803379734869,-0.0261452591244786,-0.0016952124614471,0.0206566348452978,0.0140536489751006,0.0281321939170159,47805450.0,0.8329301366266817,222.4815673828125,-0.0097386840610006,0.0194125327732073,spike,0.0,0
2025-03-31,AAPL,215.6833538383521,224.2407191910912,214.9081234021185,220.7720642089844,65299300,0.0194125327732073,0.0027083521894617,0.0063425550044795,0.0379906173828652,0.015081186510032,0.042272539428441,49528040.0,1.3184309332652775,216.56793212890625,-0.004084530345091,0.0047721542731602,neutral,0.0,0
2025-04-01,AAPL,218.46627993939285,222.31261744008,217.5618392087601,221.8256225585937,36412700,0.0047721542731602,-0.0029483108732784,-0.0025026694729353,0.0493677438299431,0.014669644378368,0.0214167244366235,48926070.0,0.7442392164341015,220.7720642089844,-0.0104441849463747,0.0031362888582984,neutral,0.0,0
2025-04-02,AAPL,219.96705040499884,223.81338775742097,219.66888130946384,222.5213317871093,35905900,0.0031362888582984,0.0274897562149667,0.0106532215599801,0.0401877752904904,0.0144617986361716,0.0186252096132619,47078120.0,0.7626876349352948,221.8256225585937,-0.0083785278371255,-0.0924561058722669,crash,0.0,0
2025-04-03,AAPL,204.2835010267849,206.2215925598656,200.01973301812973,201.9478759765625,103419000,-0.092456105872267,-0.0852652635190419,-0.0922938994353574,-0.0509574355336016,0.0339073323728457,0.030710199410345,52533730.0,1.9686209222151176,222.5213317871093,-0.081959920938155,-0.0728874571812492,crash,0.0,0
2025-04-04,AAPL,192.70471987275084,198.65810753704545,186.19475800144227,187.22840881347656,125910900,-0.0728874571812492,-0.1559658138048436,-0.1354749201648475,-0.1369404738534175,0.0388217298994797,0.0665676198104082,55712040.0,2.2600303273762727,201.9478759765625,-0.0457700090140308,-0.0367342800659907,crash,0.0,0
2025-04-07,AAPL,176.11674047268428,192.96311894309864,173.55251067175698,180.3507080078125,160466300,-0.0367342800659907,-0.1895127241986953,-0.1830909012242996,-0.1779096103316548,0.0383269475853583,0.1076270145304936,67328720.0,2.383326164525332,187.22840881347656,-0.0593481962016891,-0.0498182489493601,crash,0.0,0
2025-04-08,AAPL,185.5586531084637,189.17640027021665,168.17558356470508,171.36595153808594,120859500,-0.0498182489493601,-0.1514347417153613,-0.2274744929755768,-0.2294078689790707,0.0376176667977742,0.1225495293377701,75965310.0,1.5909827788499775,180.3507080078125,0.0288767654875277,0.1532886062850029,spike,0.0,0
2025-04-09,AAPL,170.89883496621582,199.3836347505176,170.83920418374143,197.6343994140625,184395900,0.1532886062850029,0.0555791221350001,-0.1118406589299793,-0.1023789006889942,0.0680287897974928,0.1444304769382423,90958290.0,2.0272577683683366,171.36595153808594,-0.0027258423722889,-0.0423937521502191,crash,0.0,0
2025-04-10,AAPL,187.9141974958541,193.5892830219747,181.8812969249637,189.2559356689453,121880000,-0.0423937521502191,0.0493772814063311,-0.0628476048398259,-0.1493410537543434,0.0684229267897504,0.061863243842936,99436810.0,1.225703036933707,197.6343994140625,-0.0491827432219614,0.0405943621893181,spike,0.0,0
2025-04-11,AAPL,184.96233608452025,198.3201616874928,184.92257212057936,196.93865966796875,87435900,0.0405943621893181,0.1492286413978758,0.0518631275885375,-0.0906379456458664,0.0703244929553364,0.0680292512881993,104198540.0,0.8391278802946759,189.2559356689453,-0.0226867367158069,0.0220541132068223,spike,0.0,0
2025-04-14,AAPL,210.14743595954587,211.638266220138,199.9302804535287,201.281967163086,101352900,0.0220541132068221,0.0184561379994454,0.1160586469910989,-0.0882815365056739,0.0704408821695141,0.0581670873532504,107803900.0,0.9401598643462806,196.93865966796875,0.0670705097406808,-0.0018764761244512,neutral,0.0,0
2025-04-15,AAPL,200.62597928160577,202.2658863473441,198.5785750100267,200.90426635742188,51343900,-0.0018764761244511,0.0615480336048868,0.1723698001511757,-0.0943144257180913,0.0703482737341134,0.0183535740886528,109297020.0,0.469764866416303,201.281967163086,-0.0032590494356044,-0.0389333900025686,crash,0.0,0
2025-04-16,AAPL,197.1473753495745,199.4730666932086,191.193988287298,193.08238220214844,59732400,-0.0389333900025686,-0.0195811095308653,-0.0230325147110507,-0.1322972020189315,0.0708835102196495,0.0428784765936997,111679670.0,0.534854732289234,200.90426635742188,-0.0186999065573033,0.0139497498270684,neutral,0.0,0
2025-04-17,AAPL,195.9944894564487,197.61452992177487,193.2314851467638,195.7758331298828,52164700,0.0139497498270684,-0.0273553270111965,0.0344501610366523,-0.0305625539106734,0.0652094163940651,0.022388078778361,106554240.0,0.4895600588019773,193.08238220214844,0.0150822007740271,-0.0193928231971576,crash,0.0,0
2025-04-21,AAPL,192.08851517151223,192.6152739871965,188.64966000796989,191.97918701171875,46742500,-0.0193928231971576,-0.0444245386497906,-0.0251828293368681,0.0253742379607311,0.0607217956923327,0.0206564786576815,98637400.0,0.4738821177362745,195.7758331298828,-0.018834387776168,0.0340651245776748,spike,0.0,0
2025-04-22,AAPL,194.9211009149487,200.3576636647513,194.77202394084523,198.5189819335937,52976400,0.034065124577675,0.0281568917341894,-0.013726938723992,0.1007385783314707,0.059551242918586,0.0281365523311746,87888410.0,0.6027688975144732,191.97918701171875,0.0153241293966432,0.024331482981736,spike,0.0,0
2025-04-23,AAPL,204.7406786029273,206.7284521815966,201.56024391015845,203.3492431640625,52929200,0.024331482981736,0.0386840904370218,0.0121698600580779,0.1866373765553322,0.0556011670437729,0.0254154290963769,81095380.0,0.6526783646614641,198.5189819335937,0.0313405630470885,0.0184262475860481,spike,0.0,0
2025-04-24,AAPL,203.6374845300284,207.5534013078127,201.69940812530305,207.09620666503903,47311000,0.0184262475860481,0.0787430131808899,0.0725795088244702,0.0478753055086993,0.0295431689577865,0.028267022736819,67386890.0,0.7020801820650872,203.3492431640625,0.0014174695783516,0.0043672176263684,neutral,0.0,0
2025-04-25,AAPL,205.10842646651813,208.46776890662989,204.9394675201618,208.00064086914065,38222300,0.0043672176263684,0.0477619764276175,0.0624428845165356,0.0990442129803759,0.0244564264377458,0.0169629351704153,59021120.0,0.6476037730222672,207.09620666503903,-0.0095983419036543,0.0041092232493342,neutral,0.0,0
2025-04-28,AAPL,208.71621839949725,210.2070485309222,206.19175271644127,208.85536193847656,38743100,0.0041092232493342,0.0270771540072647,0.0879062735364519,0.0605097155154754,0.0219367853993951,0.0192252464921812,54151840.0,0.715453066784065,208.00064086914065,0.0034402659884437,0.005092001524013,neutral,0.0,0
2025-04-29,AAPL,207.41425458581944,210.94255602883885,207.096203506044,209.9188537597656,36827600,0.005092001524013,0.013629641702187,0.0574245934325072,0.0429093908332172,0.0212107279673091,0.0183230446141664,47699310.0,0.7720782543814575,208.85536193847656,-0.006900025641102,0.0061076195359506,neutral,0.0,0
2025-04-30,AAPL,208.0205233254963,212.2743578831654,205.4065960245207,211.20095825195312,52286500,0.0061076195359506,0.0153860938574024,0.0386119710391832,0.0512517333813746,0.0210976068388436,0.0325176642922793,47793570.0,1.0940069971755615,209.9188537597656,-0.0090431631093116,0.0038588955663445,neutral,0.0,0
2025-05-01,AAPL,207.80187477964563,213.2483707428857,207.6229672516596,212.0159606933593,57365700,0.0038588955663447,0.0151329548140297,0.0237558867327667,0.0980595861479911,0.0144370572243308,0.026532924562987,47556900.0,1.2062539820720022,211.20095825195312,-0.0160940722070614,-0.0373617870093858,crash,0.0,0
2025-05-02,AAPL,204.8301320717281,205.7246393133032,200.92416412992952,204.0946655273437,101010600,-0.0373617870093858,-0.0277449506230972,-0.0187786697458027,0.0424916204644214,0.0205153656421588,0.0235208263330651,52441490.0,1.9261580858972545,212.0159606933593,-0.0338928663584161,-0.031458449403344,crash,0.0,0
2025-05-05,AAPL,201.85843431656065,202.8523212109494,196.99832800962005,197.6741638183593,69018500,-0.031458449403344,-0.0640470315359882,-0.05353560481445,0.0296645532012433,0.0223411343316513,0.0296143567184051,54669090.0,1.2624775718783685,204.0946655273437,-0.0109568332175907,-0.0019106469939185,neutral,0.0,0
2025-05-06,AAPL,196.99832434112832,199.42339557924856,195.8155965323488,197.2964782714844,51216500,-0.0019106469939187,-0.0694262940098356,-0.060129784734469,-0.0061581197435228,0.0195301661885125,0.0182861806683411,54493100.0,0.9398712864564503,197.6741638183593,-0.0034189570562799,-0.0113848994224452,neutral,0.0,0
2025-05-07,AAPL,197.95242524507103,198.2207789180717,192.0686174137577,195.0502777099609,68536700,-0.0113848994224452,-0.0443146703222926,-0.076470678332459,-0.0408113909103953,0.0176734959735873,0.0315414137141718,56053850.0,1.2226938916773782,197.2964782714844,0.0033246765443224,0.0063185612871656,neutral,0.0,0
2025-05-08,AAPL,196.5113045675241,198.82706269335063,193.4898801219913,196.28271484375,50478900,0.0063185612871656,-0.0070391038855636,-0.0742078369862185,-0.0522148232235801,0.0163288236736667,0.0271913019728098,56370640.0,0.8954821162222036,195.0502777099609,0.007490514111114,0.0052661062422416,neutral,0.0,0
2025-05-09,AAPL,197.78348851905432,199.3140676367793,196.3324070058388,197.3163604736328,36453900,0.0052661062422416,0.0001007732237421,-0.0332115738360774,-0.0513665744050741,0.0163898627850417,0.0151110664304946,56193800.0,0.6487174741697482,196.28271484375,0.0076459798128378,0.0631461973154337,spike,0.0,0
2025-05-12,AAPL,209.95528044040137,210.2538405413652,205.7555765269304,209.7761383056641,63775800,0.0631461973154337,0.0754977679016715,0.0612218321986939,0.004408679569638,0.0271746126632571,0.0214431634158523,58697070.0,1.086524421065651,197.3163604736328,0.0640540902762975,0.0101522495562771,neutral,0.0,0
2025-05-13,AAPL,209.4178625594749,212.3735786127325,207.99474788922345,211.9058380126953,51909300,0.0101522495562771,0.079595002450328,0.0740477471732066,0.0094654873411401,0.0273108630780547,0.0206640400499334,60205240.0,0.8622056817645773,209.7761383056641,-0.0017078956123557,-0.0028178656991367,neutral,0.0,0
2025-05-14,AAPL,211.40822571910564,212.9109724892217,209.56713314477625,211.3087158203125,49325800,-0.0028178656991367,0.0709133054810702,0.083355113877499,0.0005102134443482,0.0272811519240829,0.0158244269833569,59909170.0,0.8233430708520916,211.9058380126953,-0.0023482708086591,-0.0041443992372219,neutral,0.0,0
2025-05-15,AAPL,209.9353730316401,211.93571508448807,208.5321511825612,210.43296813964844,45029500,-0.0041443992372219,0.0031310988908914,0.0720911839188829,-0.0074663838917315,0.0272851747248323,0.0161741001517795,58675550.0,0.7674320905385633,211.3087158203125,-0.0064992245272089,-0.0008986337764625,neutral,0.0,0
2025-05-16,AAPL,211.33858120774948,211.54757782116647,208.7610423595207,210.24386596679688,54737900,-0.0008986337764625,-0.0078429743205039,0.0655166427260933,0.0301291580726263,0.0240436344018663,0.013253825260642,54048280.0,1.012759332951946,210.43296813964844,0.0043035702822955,-0.0117390504742809,neutral,0.0,0
2025-05-19,AAPL,206.90999202317107,208.4724326946764,203.2775387890809,207.7758026123047,46140500,-0.0117390504742809,-0.0167192024914487,-0.0095355730614352,0.0511024738833731,0.021563577869882,0.025002400858433,51760480.0,0.891423340741817,210.24386596679688,-0.0158571758005644,-0.0091962903164805,neutral,0.0,0
2025-05-20,AAPL,206.67113760639387,207.46729276724128,204.0438362053752,205.8650360107422,42496600,-0.0091962903164805,-0.0217073026593193,-0.028507010748761,0.0434298564998574,0.0219500867836585,0.0166296163166213,50888490.0,0.8350925720138287,207.7758026123047,-0.0053166200877204,-0.0230590640630361,crash,0.0,0
2025-05-21,AAPL,204.1831685508297,206.0441693385156,199.74462882701684,201.11798095703125,59211800,-0.0230590640630361,-0.0434061891308964,-0.0482267606602039,0.0311084060905209,0.0231639190725118,0.0313226121380198,49956000.0,1.1852790455600928,205.8650360107422,-0.0081697576844702,-0.0036122389584345,neutral,0.0,0
2025-05-22,AAPL,199.7446272097534,201.7748084903006,198.7394754118135,200.39149475097656,46742400,-0.0036122389584345,-0.0355397874463117,-0.0477181568907402,0.0209329686034622,0.0232330339860477,0.0151470155071155,49582350.0,0.942722561556683,201.11798095703125,-0.0068285975264005,-0.0302442949009492,crash,0.0,0
2025-05-23,AAPL,192.7384848883374,196.7491001935844,192.5295034494263,194.330795288086,78432900,-0.0302442949009494,-0.0560281675128861,-0.0756886323676335,-0.0151308547267969,0.0253484347011401,0.0217134743770423,53780250.0,1.4583959724991982,200.39149475097656,-0.0381902928173145,0.0252982510608199,spike,0.0,0
2025-05-27,AAPL,197.34620772495165,199.77447409530296,196.4803819774073,199.2470245361328,56288500,0.0252982510608201,-0.0093027804475531,-0.0410479852270669,-0.0501921422263448,0.0156284518897846,0.01653270419252,53031520.0,1.0614159277350526,194.330795288086,0.0155169047314167,0.0010489473269457,neutral,0.0,0
2025-05-28,AAPL,199.6252046868552,201.7549111726597,198.9385209981625,199.45602416992188,45339700,0.0010489473269457,-0.0046682149969348,-0.031132104630365,-0.0587516321377967,0.0148939691622384,0.0141203565358238,52374560.0,0.865681735560165,199.2470245361328,0.0018980466664575,-0.0023451694711034,neutral,0.0,0
2025-05-29,AAPL,202.60081106845576,202.8297005493605,197.5551897560925,198.9882659912109,51396800,-0.0023451694711034,0.0239667145715143,-0.0105893811964796,-0.0583054503041812,0.0149057120051311,0.0265066423238291,52581660.0,0.9774662876752084,199.45602416992188,0.0157668183331216,0.004501148119052,neutral,0.0,0
2025-05-30,AAPL,198.4110493394953,200.9886032908641,195.83351057352263,199.88394165039065,70819900,0.004501148119052,0.0031966204551392,-0.0025328075985292,-0.0501301035789087,0.0152645653938063,0.0257904295601596,55160700.0,1.2838832719671796,198.9882659912109,-0.0029007572322938,0.0042320395578669,neutral,0.0,0
2025-06-02,AAPL,199.31669015009305,201.157798076784,199.15745607510848,200.7298583984375,35423300,0.0042320395578669,0.006386541764366,0.0329287136445113,-0.0452522480245006,0.01550301910914,0.0099653435599247,53229240.0,0.6654857367867736,199.88394165039065,-0.0028379043139431,0.0077837895035146,neutral,0.0,0
2025-06-03,AAPL,200.3815341795081,202.78989241693247,199.99341064507595,202.29229736328125,46381600,0.0077837895035146,0.0166041517855946,0.0152839061674228,-0.0263914526142164,0.0157194775255534,0.01382396565913,53253350.0,0.870961169579003,200.7298583984375,-0.0017352885201463,-0.0022137778157268,neutral,0.0,0
2025-06-04,AAPL,201.9340306292736,205.24801554678163,201.1279290627925,201.844467163086,43604000,-0.0022137778157269,0.0098083192501996,0.0119747849336919,-0.0195301199541549,0.0155460312746608,0.0204121844006761,53364090.0,0.8171037864601458,202.29229736328125,-0.0017710349760093,-0.0107977129559025,neutral,0.0,0
2025-06-05,AAPL,202.5211994717568,203.76518718349973,199.18730633012683,199.66500854492188,55126100,-0.0107977129559024,-0.0053048901743454,0.0034009168849225,-0.007224477916869,0.0141051036757492,0.0229278073646186,52955520.0,1.040988739228696,201.844467163086,0.0033527414359295,0.0163982396662623,spike,0.0,0
2025-06-06,AAPL,202.023590138985,204.71060036976428,201.0781625818177,202.9391632080078,46607700,0.0163982396662623,0.0031976790671615,0.0152849775344181,0.0127134560286463,0.0150251899438734,0.0178991463772983,52942050.0,0.8803531408398428,199.66500854492188,0.0118126937276167,-0.0121124938448419,neutral,0.0,0
2025-06-09,AAPL,203.4069254763425,205.0091823144686,199.05794913802785,200.48106384277344,72862600,-0.0121124938448419,-0.0067547222843167,-0.0012394496645846,0.0316484504968448,0.0114570916053323,0.0296847645476781,52385020.0,1.3909052626113343,202.9391632080078,0.0023049383910943,0.0060559900513954,neutral,0.0,0
2025-06-10,AAPL,199.6351395661653,203.36710243054736,199.605285078082,201.69517517089844,54672600,0.0060559900513954,0.0101678638674427,-0.0029517791837149,0.0122870122676368,0.0085854296872567,0.0186510031748549,52223430.0,1.0468979153609788,200.48106384277344,-0.0042194722054722,-0.0191937008517362,crash,0.0,0
2025-06-11,AAPL,202.5211970741936,203.5163872318064,197.45568281643992,197.8238983154297,60989900,-0.0191937008517362,-0.0252059031471175,-0.019919143210439,-0.0081828857327554,0.0107523687499326,0.0306368667637044,53788450.0,1.1338846908583535,201.69517517089844,0.0040953974362314,0.0021129095743659,neutral,0.0,0
2025-06-12,AAPL,198.12246436103905,198.7195693623348,196.4107360236097,198.24188232421875,43904600,0.0021129095743659,-0.011169042480295,-0.0071275694778684,-0.0037508928643316,0.0107721658749966,0.0116465466916272,53039230.0,0.8277759688441932,197.8238983154297,0.0015092516533735,-0.0138052090597426,neutral,0.0,0
2025-06-13,AAPL,198.769334334526,199.4062554549193,194.7587190445596,195.505111694336,51447300,-0.0138052090597429,-0.0306901911328199,-0.0366319215875159,-0.0219068621516056,0.0113984805830722,0.0237719431992444,51101970.0,1.0067576651154544,198.24188232421875,0.002660648719248,0.0100279232441315,neutral,0.0,0
2025-06-16,AAPL,196.35101387226533,197.7343275327709,195.6145677161257,197.4656219482422,43020700,0.0100279232441318,-0.0018110873875117,-0.0150410309918153,-0.0162618380555821,0.0118957820571837,0.0107348296667094,51861710.0,0.829527217671766,195.505111694336,0.0043267522296393,-0.0140105479384414,neutral,0.0,0
2025-06-17,AAPL,196.2515147499311,197.43579358003367,194.2710958661713,194.6990203857422,38856200,-0.0140105479384414,-0.0178714099005694,-0.0346867731428296,-0.0375361646316314,0.0119868874742226,0.0162543073282668,51109170.0,0.760258873309819,197.4656219482422,-0.0061484484556472,0.0048046226447995,neutral,0.0,0
2025-06-18,AAPL,194.9975546383106,196.6197193940347,194.13174409281177,195.6344757080078,45394700,0.0048046226447995,0.0006616912087398,-0.0110675334277906,-0.0307662208548952,0.0122887433157075,0.0127174685965694,51288240.0,0.8850898373584276,194.6990203857422,0.0015333115286196,0.0224845744526929,spike,0.0,0
2025-06-20,AAPL,197.28651411005004,200.7298637574877,195.9131467510872,200.03323364257807,96813500,0.0224845744526929,0.0130028288924584,0.0090361900187652,0.0018442144687227,0.014300226392625,0.0240795837706001,55456980.0,1.745740572241763,195.6344757080078,0.0084445157023752,0.0024875322078594,neutral,0.0,0
2025-06-23,AAPL,200.6602023375907,201.3269779408771,198.00304635957568,200.53082275390625,55814300,0.0024875322078594,0.0299529106854772,0.0257062898049835,-0.0118673025749744,0.0131912773351104,0.0165756642078938,56377640.0,0.9900077406574664,200.03323364257807,0.0031343226502697,-0.0059554155733514,neutral,0.0,0
2025-06-24,AAPL,201.61555699715424,202.4614746491071,199.2370532858301,199.33657836914065,54064000,-0.0059554155733514,0.0189235698244636,0.0094748463172433,-0.0057086961316722,0.0127574814629636,0.0161757635736371,54497780.0,0.9920404097194416,200.53082275390625,0.0054093142807237,0.0062905502734977,neutral,0.0,0
2025-06-25,AAPL,200.4810436177515,202.6903668657116,199.65503400834336,200.59051513671875,39525700,0.0062905502734977,0.0027859445352786,0.0302594986831685,-0.0054768788258999,0.0127710812992821,0.0151319859530717,52983090.0,0.7460059426507589,199.33657836914065,0.0057413709915873,-0.0027782046113239,neutral,0.0,0
2025-06-26,AAPL,200.461158146952,201.6653449912509,198.5006473897771,200.03323364257807,50799100,-0.0027782046113239,-0.002481359745573,0.0224845744526929,0.0111681922455375,0.0110347682516969,0.0158208590834886,51964010.0,0.9775823690281024,200.59051513671875,-0.0006448808892015,0.0003979593844958,neutral,0.0,0
2025-06-27,AAPL,200.91894034324127,202.24254507531293,199.03803155248616,200.1128387451172,73188600,0.0003979593844958,0.0038942194268982,0.0003979593844958,0.009437745439879,0.0110317405836208,0.0160135328793588,54892410.0,1.3333100149911437,200.03323364257807,0.0044277977440778,0.0203400867506773,spike,0.0,0
2025-06-30,AAPL,201.03834688076608,206.39247448465787,198.3015741024104,204.1831512451172,91912800,0.0203400867506773,0.0179102990285944,0.0182133022796855,0.0443877885113765,0.011224636671944,0.0396257004209644,58938960.0,1.5594574454656138,200.1128387451172,0.0046249313210119,0.0129161884823703,neutral,0.0,0
2025-07-01,AAPL,205.6759415551798,209.17901505124104,205.1484920031366,206.82041931152344,78788900,0.0129161884823703,0.0339302902090399,0.0375437413625303,0.0473743088593581,0.0114207340518865,0.0194880324753305,62515780.0,1.260304198395989,204.1831512451172,0.0073110357096534,0.0222307755472981,spike,0.0,0
2025-07-02,AAPL,207.9051776215516,212.3138626915596,207.13887695509675,211.418197631836,67941800,0.0222307755472979,0.0564949203540026,0.0539790352885691,0.0858719125189708,0.0105407296423911,0.0244774848827089,65424340.0,1.0384789514116612,206.82041931152344,0.0052449284922597,0.0052249997708486,neutral,0.0,0
2025-07-03,AAPL,211.1295823572572,213.6175577099725,210.7912213537831,212.5228576660156,34955800,0.0052249997708488,0.0408442438567655,0.0624377449486925,0.0863262055263427,0.0105259717929346,0.0132989758712497,64380450.0,0.5429567516225811,211.418197631836,-0.0013651392255333,-0.0168578919805411,crash,0.0,0
2025-07-07,AAPL,211.65703516300363,215.1899632551168,207.7957076824449,208.940170288086,50229000,-0.0168578919805412,0.0102492344983096,0.0441117701309115,0.0445272842082977,0.0119216305941845,0.035389344052303,59722000.0,0.8410468504068852,212.5228576660156,-0.0040740206136914,0.0002858373299314,neutral,0.0,0
2025-07-08,AAPL,209.08947184941584,210.4130614823681,207.44739887083225,208.99989318847656,42848900,0.0002858373299314,-0.0114384876536061,0.0235903007372875,0.04223326029517,0.0119816625420696,0.0141897805127652,58425460.0,0.733394311315649,208.940170288086,0.000714566093844,0.0053806606212138,neutral,0.0,0
2025-07-09,AAPL,208.52219391164948,210.31353924447487,206.22330706177223,210.1244506835937,48749400,0.0053806606212138,-0.0112854071734298,0.0159753634726635,0.0541188797495841,0.0114369665829165,0.0194657602644335,57894000.0,0.8420458078557364,208.99989318847656,-0.0022856436409577,0.0060148651675051,neutral,0.0,0
2025-07-10,AAPL,209.49745072772552,212.453166373689,209.01976375844308,211.3883209228516,44443600,0.0060148651675049,0.0117169935842884,-0.0001413156924003,0.053830091511422,0.0114347610655769,0.0162421585083641,58385790.0,0.7612057659920334,210.1244506835937,-0.0029839457227771,-0.0058847753408965,neutral,0.0,0
2025-07-11,AAPL,209.55718962168865,211.1096837700706,208.8505979590809,210.14434814453125,39765800,-0.0058847753408965,0.0054758638322489,-0.0111917821339586,0.0505471731763325,0.0117177787647579,0.0107501621192114,57282460.0,0.6942055212014289,211.3883209228516,-0.0086624052510035,-0.0120288091362051,neutral,0.0,0
2025-07-14,AAPL,208.92025854176603,209.89555581124029,206.5417547175356,207.61656188964844,38840100,-0.0120288091362051,-0.0119352544922136,-0.0063348679988751,0.0374974598910602,0.0128635454278784,0.0161538225235001,53847610.0,0.7212966369352326,210.14434814453125,-0.0058249941698328,0.0023488282206871,neutral,0.0,0
2025-07-15,AAPL,208.2136890556617,210.8708449933557,207.9151289669034,208.10421752929688,42296300,0.0023488282206871,-0.015535879083657,-0.0042855316599227,0.0192036720966879,0.0114699594844218,0.0142030568219321,48885960.0,0.8652034244597018,207.61656188964844,0.0028761056467674,0.0050212936815228,neutral,0.0,0
2025-07-16,AAPL,209.28849593835915,211.37838618562168,207.63647661047767,209.149169921875,47490500,0.0050212936815228,-0.004735688737019,-0.0046414434804986,0.0112597712455262,0.0108892847061988,0.0178911041174189,45756120.0,1.0379048748014472,208.10421752929688,0.005690794848478,-0.0006660927422883,neutral,0.0,0
2025-07-17,AAPL,209.5572148434645,210.78129457926272,208.5819174807461,209.0098571777344,48068100,-0.0006660927422883,0.0067109062755144,-0.0112516327048419,-0.0113913583649759,0.0079912512762059,0.0105228391053649,43768750.0,1.0982287591032414,209.149169921875,0.0019509755728027,0.0055232021212365,neutral,0.0,0
2025-07-18,AAPL,209.85575432940053,210.77132749863404,208.6913836081342,210.1642608642578,48974600,0.0055232021212365,0.0098990945950958,9.47573413341285e-05,-0.0110980852961443,0.0080180544298361,0.0098967535295796,45170630.0,1.0842133483637488,209.0098571777344,0.004047163914125,0.0061558846538507,neutral,0.0,0
2025-07-21,AAPL,211.07984586548804,214.74213848423943,210.61210526026528,211.4580078125,51377400,0.0061558846538507,0.0110391922257566,0.0185025986746343,0.0120505191555193,0.0060492879485608,0.0195312216675958,45285470.0,1.1345228392241484,210.1642608642578,0.0043565209301765,0.0090361515334844,neutral,0.0,0
2025-07-22,AAPL,212.11484021935428,213.9161320652676,211.2092134860329,213.3687744140625,46404100,0.0090361515334844,0.0208550797325384,0.025297694334448,0.0209037486045318,0.0065148860719332,0.0126865732189173,45640990.0,1.0167198388992,211.4580078125,0.0031062072968959,-0.0011661737942934,neutral,0.0,0
2025-07-23,AAPL,213.9658669821171,214.1151394198069,211.3883283220368,213.1199493408203,46989300,-0.0011661737942934,0.0140637064761051,0.0189853941109521,0.0142558309967326,0.0064763103682858,0.0127947247838792,45464980.0,1.0335273434630343,213.3687744140625,0.0027984065132973,-0.0018210744747506,neutral,0.0,0
2025-07-24,AAPL,212.87116805528336,214.6525669363457,212.50295255730364,212.7318420410156,46022600,-0.0018210744747506,0.0060240529157216,0.0178077001417027,0.0063557017355482,0.0063331305261703,0.0101048078107068,45622880.0,1.0087613934061157,213.1199493408203,-0.0011673298830373,0.0005614135657658,neutral,0.0,0
2025-07-25,AAPL,213.6673206036272,214.2047317845148,212.3735703810196,212.8512725830078,40268800,0.0005614135657658,-0.0024253869033826,0.012785293311528,0.0128812621532643,0.005907644174865,0.0086030089520892,45673180.0,0.8816727891510948,212.7318420410156,0.0043974543426894,0.0007948717011265,neutral,0.0,0
2025-07-28,AAPL,213.00055398053087,213.8166172208377,212.03521828670327,213.0204620361328,37858000,0.0007948717011265,-0.0004668136652397,0.0073889574568311,0.0260282710459132,0.00365675008894,0.0083625719196509,45574970.0,0.8306752588098247,212.8512725830078,0.0007013413437071,-0.0129875637055929,neutral,0.0,0
2025-07-29,AAPL,213.14983725799084,213.77681196541133,209.80601264614248,210.2538452148437,51411700,-0.0129875637055928,-0.011648452823974,-0.0145988053208477,0.0103295728989454,0.0061380925834186,0.0188857393557362,46486510.0,1.1059488010607808,213.0204620361328,0.0006073370634041,-0.0105079425533969,neutral,0.0,0
2025-07-30,AAPL,210.88079278566187,211.36844143995228,206.7209051278188,208.0445098876953,45512500,-0.010507942553397,-0.0225827294193787,-0.0238149430347713,-0.0052816850030641,0.0069332966146242,0.022339144227561,46288710.0,0.9832311161836224,210.2538452148437,0.0029818601898933,-0.0070796635423403,neutral,0.0,0
2025-07-31,AAPL,207.48719786288635,208.8306954413449,206.1635931537528,206.5716247558593,80698400,-0.0070796635423402,-0.0302733231288344,-0.0289576643818489,-0.0116656336442624,0.0072394538606902,0.0129112712878367,49551740.0,1.6285684417943749,208.0445098876953,-0.0026788114962024,-0.0250035493007099,crash,0.0,0
2025-08-01,AAPL,209.8557561748323,212.5527283441607,200.530828701964,201.40660095214844,104434500,-0.02500354930071,-0.0420788702040378,-0.0537683965520863,-0.0416705479613673,0.0100167346340481,0.0596897002648535,55097730.0,1.8954410644503863,206.5716247558593,0.0158982697786027,0.0047929513068907,neutral,0.0,0
2025-08-04,AAPL,203.5263420730089,206.88014336875773,200.70995198839023,202.37193298339844,75109300,0.0047929513068907,-0.0272661696641693,-0.0499882919741679,-0.0429686958800736,0.009868316371275,0.0304893632699237,57470920.0,1.3069096510026288,201.40660095214844,0.0105246854414872,-0.0021147362212082,neutral,0.0,0
2025-08-05,AAPL,202.42165671427043,204.35232790405936,201.18763073057525,201.9439697265625,44155100,-0.0021147362212082,-0.0224021814940271,-0.03952306070688,-0.0535448765587839,0.0087565370056935,0.0156711645203825,57246020.0,0.771321744288948,202.37193298339844,0.0002457046791961,0.0509067897783084,spike,0.0,0
2025-08-06,AAPL,204.64094523363173,214.3440487139093,204.6011291257884,212.2242889404297,108483100,0.0509067897783084,0.0537106923861516,0.0200907923741446,-0.0042026117365403,0.0199360015293461,0.0459085981004544,63395400.0,1.711214062849986,201.9439697265625,0.0133550682930567,0.0317936781918692,spike,0.0,0
2025-08-07,AAPL,217.8272171299369,219.78774287041324,215.5382768294147,218.9716796875,90224800,0.0317936781918692,0.0820259334354598,0.0600278714285948,0.0293319400923597,0.0223309757733199,0.0194064641010337,67815620.0,1.330442750504972,212.2242889404297,0.0264009752016647,0.0423579536585692,spike,0.0,0
2025-08-08,AAPL,219.7678474336444,229.88892965735025,218.1954451401473,228.2468719482422,113854000,0.0423579536585692,0.1302485152554666,0.1332641078753453,0.0723303139248574,0.0254881096538392,0.0512317405158331,75174140.0,1.514536780866399,218.9716796875,0.0036359393474106,-0.0083374631235306,neutral,0.0,0
2025-08-11,AAPL,227.08115402328403,228.71511750604432,223.9327805410339,226.3438720703125,61806100,-0.0083374631235306,0.0665314191904118,0.118454860481471,0.0625452123557959,0.0259070581965523,0.021128634591551,77568950.0,0.7967891791754304,228.2468719482422,-0.00510726791131,0.0108724259239385,neutral,0.0,0
2025-08-12,AAPL,227.17081559543823,229.95055565919736,226.23428798669784,228.8047790527344,55626200,0.0108724259239385,0.0449058041627459,0.1330111979206021,0.0882311275636114,0.0250080716460756,0.0162420893824206,77990400.0,0.7132441941572296,226.3438720703125,0.0036534831606523,0.0160245282578466,spike,0.0,0
2025-08-13,AAPL,230.2195907453388,234.1351197052745,229.5819315694875,232.4712677001953,69878500,0.0160245282578466,0.0185080115924263,0.0954036828717981,0.1174112108302489,0.0241277353329817,0.0195860253218861,80427000.0,0.8688437962375819,228.8047790527344,0.0061834883801892,-0.0023571671382598,neutral,0.0,0
2025-08-14,AAPL,233.1985820425246,234.2546784716922,230.00040438081007,231.9232940673828,51916300,-0.0023571671382598,0.0246502012448435,0.0591474404286727,0.1227258068066503,0.0237689313986208,0.0183434532007208,77548790.0,0.6694662805183679,232.4712677001953,0.0031286203646777,-0.0051122007062813,neutral,0.0,0
2025-08-15,AAPL,233.1387895567921,233.417757832359,228.4959365092947,230.73765563964844,56038700,-0.0051122007062813,0.0084477107292786,0.0109126739400444,0.1456310495725443,0.0210102945577128,0.0213308110001381,72709210.0,0.7707235438261535,231.9232940673828,0.0052409375017592,-0.0030226252830135,neutral,0.0,0
2025-08-18,AAPL,230.8472385776313,232.2620105258568,229.26309412883964,230.04022216796875,37476200,-0.0030226252830135,-0.0104574021395269,0.0163306833264211,0.1367199926228903,0.021525050236705,0.0130364871358341,68945900.0,0.5435595155041851,230.73765563964844,0.0004749243797206,-0.0014291668910866,neutral,0.0,0
2025-08-19,AAPL,230.42880766374827,232.0129522601839,228.50591803460907,229.71145629882807,39402600,-0.0014291668910866,-0.0095369366731749,0.0039626674313681,0.1375009444939776,0.021472230251034,0.0152671280835579,68470650.0,0.57546700666636,230.04022216796875,0.001689206748791,-0.0197346684052535,crash,0.0,0
2025-08-20,AAPL,229.1335667246527,229.6217687789582,224.9390699166556,225.1781768798828,42263900,-0.0197346684052535,-0.0240943713515408,-0.0313720095066456,0.0610386681191295,0.0191749098418561,0.0207955270230317,61848730.0,0.6833430532850068,229.71145629882807,-0.0025157194311789,-0.004911204146944,neutral,0.0,0
2025-08-21,AAPL,225.4372491279448,225.68632903786573,222.9564077521854,224.07228088378903,30621200,-0.004911204146944,-0.0259430339091835,-0.0338517664435757,0.0232934286459702,0.0171135329863994,0.0121832172855693,55888370.0,0.5478993214509567,225.1781768798828,0.0011505211191055,0.0127167538736141,neutral,0.0,0
2025-08-22,AAPL,225.3376083702921,228.2468598588307,224.58041092619504,226.9217529296875,42477800,0.0127167538736141,-0.0121443806682044,-0.0165378412092406,-0.0058056393379847,0.0108518902921394,0.0161573268551813,48750750.0,0.8713260821628385,224.07228088378903,0.0056469612462209,-0.002634292713655,neutral,0.0,0
2025-08-25,AAPL,225.6464693442017,228.456098045362,225.3973894325087,226.323974609375,30983100,-0.002634292713655,0.0050884048595143,-0.0161547729504463,-8.790810528913617e-05,0.0105413479551702,0.0135147353175133,45668450.0,0.6784355501445747,226.9217529296875,-0.0056199265562739,0.009464570997699,neutral,0.0,0
2025-08-26,AAPL,226.03501179732245,228.64537936019505,223.8630424721864,228.46603393554688,54575100,0.009464570997699,0.0196086416152321,-0.0054216815449598,-0.001480498434473,0.0103889178057971,0.0209323758356036,45563340.0,1.1977853247808437,226.323974609375,-0.0012767662486984,0.0051460152610576,neutral,0.0,0
2025-08-27,AAPL,227.7686378094015,230.050203138926,227.41991984776428,229.6417236328125,31259500,0.0051460152610576,0.011986381508201,0.0198222883530614,-0.01217158617224,0.0089880317330134,0.0114538562485597,41701440.0,0.7496024118111988,228.46603393554688,-0.0030525155714924,0.0089807837977911,neutral,0.0,0
2025-08-28,AAPL,229.9704999102399,232.55096405412047,228.4959359400532,231.7040863037109,38074700,0.0089807837977911,0.0237717268072095,0.0340595694827596,-0.000945173552115,0.009523252768759,0.0175008916707324,40317280.0,0.9443767039839988,229.6417236328125,0.0014316922562082,-0.0018059976322623,neutral,0.0,0
2025-08-29,AAPL,231.6542626563304,232.52107103838583,230.5184589305688,231.2856292724609,39418400,-0.0018059976322623,0.0123414202467815,0.0192307537132658,0.0023748773527814,0.0093844994585246,0.0086586101960443,38655250.0,1.019742467064629,231.7040863037109,-0.0002150313711569,-0.0104247161560241,neutral,0.0,0
2025-09-02,AAPL,228.4062708029861,230.00038826150748,226.1346633063032,228.87454223632807,44075600,-0.0104247161560241,-0.0033407752926951,0.0112695423953879,-0.0050672874537112,0.0099486449524567,0.0168901482770096,39315190.0,1.1210832250842486,231.2856292724609,-0.0124493617633408,0.0380898804641911,spike,0.0,0
2025-09-03,AAPL,236.33698891571112,237.9709525201245,233.49747185558653,237.59234619140625,66427800,0.0380898804641911,0.0254128443810748,0.0399460352974569,0.0343077790701307,0.0157056628923355,0.0188283870934718,42017710.0,1.5809476527873605,228.87454223632807,0.0326049660502546,0.0054933410194895,neutral,0.0,0
2025-09-04,AAPL,237.5724150276416,239.01707546456905,235.86871695735925,238.89752197265625,47549400,0.0054933410194895,0.0329112220423704,0.0403053861180879,0.0609266194569635,0.0134207902116651,0.0131786988881791,42546260.0,1.1175929447147646,237.59234619140625,-8.388807166635247e-05,-0.0003754378085162,neutral,0.0,0
2025-09-05,AAPL,239.1166874327268,240.4318365108689,237.61225041390915,238.80783081054688,54870400,-0.0003754378085162,0.0434005830319128,0.0306586932503407,0.0657624846261111,0.0130830193506179,0.0118069247871382,44971180.0,1.2201236436313212,238.89752197265625,0.0009174036560145,-0.0075513833095535,neutral,0.0,0
2025-09-08,AAPL,238.41927329094256,239.2661357937392,235.4701607098454,237.00450134277344,48999500,-0.0075513833095535,-0.0024741741813485,0.0247264479349711,0.0444327098786783,0.0135678830199674,0.0160164683049786,45623350.0,1.0740004844010798,238.80783081054688,-0.0016270719359809,-0.0148394377738764,neutral,0.0,0
2025-09-09,AAPL,236.1277284647933,237.9011760108924,232.5011259859287,233.48748779296875,66313900,-0.0148394377738764,-0.0226458363193349,0.0201549089364316,0.031651587932554,0.0147704642216413,0.0231277918830147,49156430.0,1.3490381624540269,237.00450134277344,-0.0036993933575636,-0.0322593968462346,crash,0.0,0
2025-09-10,AAPL,231.3354573908009,231.56460664903227,225.118417424808,225.955322265625,83440800,-0.0322593968462346,-0.0538194601965047,-0.0489789511839172,-0.0109894307992853,0.018284835059187,0.0285286009623015,52043000.0,1.6033049593605289,233.48748779296875,-0.009216898183752,0.0142864011634629,neutral,0.0,0
2025-09-11,AAPL,226.04500979013488,229.60186307827533,225.81584532196928,229.18341064453125,50208600,0.0142864011634629,-0.0329997559283937,-0.0406622523662546,-0.0019957740302196,0.0188436058141198,0.0165195977564809,53937910.0,0.9308592045928364,225.955322265625,0.0003969259215078,0.017562925755691,spike,0.0,0
2025-09-12,AAPL,228.37638560886936,233.6469097348115,228.17712472443904,233.2085418701172,55824200,0.017562925755691,-0.0011946932381186,-0.023446839751548,0.0064930040311601,0.0194846569116407,0.0234544796966261,55712860.0,1.001998461396525,229.18341064453125,-0.0035213065090195,0.0112359330011897,neutral,0.0,0
2025-09-15,AAPL,236.12775635652343,237.31337916896248,234.16500543557729,235.828857421875,42699500,0.0112359330011897,0.0436968470459087,-0.0049604286595305,0.0196433654944554,0.0197245347237714,0.0133502480052857,56040970.0,0.7619336353385746,233.2085418701172,0.0125176139046916,0.0061258676646427,neutral,0.0,0
2025-09-16,AAPL,236.3070825366736,240.3322223551857,235.45026224943368,237.2735137939453,63421100,0.0061258676646427,0.0352996891296029,0.0162151130099681,0.0366968360725097,0.0192432971760797,0.0205752425868807,57975520.0,1.0939289548416298,235.828857421875,0.002027848160851,0.003527276634913,neutral,0.0,0
2025-09-17,AAPL,238.09051246512183,239.21635855568803,236.8550706028844,238.1104431152344,46508000,0.003527276634913,0.0210193897951098,0.0537943551306141,0.0021806128527843,0.0150405473494719,0.0099167761057034,55983540.0,0.8307441794498883,237.2735137939453,0.0034432780048346,-0.0046446588313883,neutral,0.0,0
2025-09-18,AAPL,239.0868055705458,240.31227437025743,235.77901734043184,237.00450134277344,44249600,-0.0046446588313883,0.0049851571760588,0.0341259023776938,-0.0079239860432687,0.0149947450207225,0.0191273035074944,55653560.0,0.7950901972847739,238.1104431152344,0.0041004604524585,0.0320329980176183,spike,0.0,0
2025-09-19,AAPL,240.3421770415445,245.3935247988757,239.32594197772087,244.59646606445312,163741300,0.0320329980176183,0.0308629149263885,0.0488315054972485,0.0242397212614795,0.0182252974846969,0.0248065023946664,66540650.0,2.460770972330448,237.00450134277344,0.0140827523522173,0.043095660015793,spike,0.0,0
2025-09-22,AAPL,247.38616206443075,255.6954791611581,247.2068166293636,255.13751220703125,105517400,0.043095660015793,0.071509123535403,0.0818757084957373,0.0765091412252652,0.0217947274466994,0.0332709308731771,72192440.0,1.4616128780243471,244.59646606445312,0.0114052996957139,-0.0064433338046057,neutral,0.0,0
2025-09-23,AAPL,254.9382515607796,256.3928695916873,252.6467135530789,253.4935760498047,60275200,-0.0064433338046057,0.0695728334846415,0.0683601890346063,0.0856837702351533,0.0209802054897662,0.0147781103449832,71588570.0,0.8419668111822879,255.13751220703125,-0.0007809931378885,-0.0083322322849848,neutral,0.0,0
2025-09-24,AAPL,254.2807025242173,254.7987929994329,250.11607847800005,251.38140869140625,42303700,-0.0083322322849848,0.0277393321993673,0.055734496154582,0.1125270525643615,0.0167616111241597,0.0186279269648826,67474860.0,0.6269549873834492,253.4935760498047,0.0031051140888002,0.0180729261383569,spike,0.0,0
2025-09-25,AAPL,252.27808820484515,256.22352044118514,250.7836088309123,255.9246063232422,55202100,0.0180729261383569,0.0030849799757091,0.079830150369613,0.1166803286656168,0.0168902758334069,0.0212559147337401,67974210.0,0.8121035904646777,251.38140869140625,0.0035670080699549,-0.0054891182025097,neutral,0.0,0
2025-09-26,AAPL,253.1648106749593,256.6519291955366,252.8459811129584,254.51980590820312,46076300,-0.0054891182025097,0.004048346606609,0.0405702502714619,0.091382862167866,0.0174912956903008,0.0149534456424617,66999420.0,0.6877119234763525,255.9246063232422,-0.0107836276000641,-0.0040320235776407,neutral,0.0,0
2025-09-29,AAPL,253.6231024562692,254.061485491106,252.07880411177769,253.4935760498047,40127700,-0.0040320235776407,0.008402241714666,-0.0064433338046057,0.074904822170805,0.0179274218803458,0.0078214265237978,66742240.0,0.6012339412042509,254.51980590820312,-0.003523118559415,0.0007861936663284,neutral,0.0,0
2025-09-30,AAPL,253.9220203508673,254.9781167214257,252.17846100632588,253.69287109375,37704300,0.0007861936663284,-0.008720283920935,0.0007861936663284,0.0692001270485829,0.0180484144661365,0.0110356105121505,64170560.0,0.5875638298933342,253.4935760498047,0.0016901584163949,0.0032203746225194,neutral,0.0,0
2025-10-01,AAPL,254.1013624635733,257.8375764362911,253.9917666915456,254.5098571777344,48713900,0.0032203746225194,-3.908823689857677e-05,0.0124450272699705,0.0688731407490743,0.0180549660038251,0.0151106514592078,64391150.0,0.7565309829068125,253.69287109375,0.0016101807199476,0.0065765531676558,neutral,0.0,0
2025-10-02,AAPL,255.6356607808825,257.229778167004,253.2146115335708,256.18365478515625,42630200,0.0065765531676558,0.0106120193547747,0.0010122061556945,0.0809231610949214,0.0176059194512896,0.0156730008274744,64229210.0,0.663719824671672,254.5098571777344,0.0044234184704362,0.0034612620026193,neutral,0.0,0
2025-10-03,AAPL,253.73271197999827,258.2858846694617,253.01536064819075,257.07037353515625,49155600,0.0034612620026193,0.0133133517975683,0.0100210968566942,0.0509979055356268,0.0154494537046681,0.0205022614966955,52770640.0,0.9314952405352672,256.18365478515625,-0.0095671318578596,-0.0051545749234123,neutral,0.0,0
2025-10-06,AAPL,257.0404883747525,258.1165305885388,254.1113214696764,255.7452850341797,44664100,-0.0051545749234123,0.0048541454156039,0.0088827062975851,0.0023821382512159,0.0080002785333447,0.0156609304383739,46685310.0,0.95670565323439,257.07037353515625,-0.0001162528376676,-0.0008181128954031,neutral,0.0,0
2025-10-07,AAPL,255.86482860124664,256.45265350411205,254.48990271765,255.5360565185547,31955800,-0.0008181128954031,-0.0025278672331561,0.007265420651586,0.008057326345614,0.0076668779588228,0.0076809152226997,43853370.0,0.7286965631147617,255.7452850341797,0.0004674321446472,0.0061603967465806,neutral,0.0,0
2025-10-08,AAPL,255.57591915435188,257.5685585594684,255.16742442767125,257.1102600097656,36496900,0.0061603967465806,0.0001551578039151,0.0102172971250196,0.0227894789363363,0.0070908197837832,0.0093389277102591,43272690.0,0.8434164827747016,255.5360565185547,0.0001559961296275,-0.0155778838405604,crash,0.0,0
2025-10-09,AAPL,256.8611554198282,257.0504585775582,252.2083446799687,253.1050262451172,38322000,-0.0155778838405604,-0.010323782855702,-0.0120172715258547,-0.0110172293263733,0.0067384371149156,0.0191308484443141,41584680.0,0.9215412983820004,257.1102600097656,-0.0009688628914612,-0.0345220986103322,crash,0.0,0
2025-10-10,AAPL,254.00171816056968,255.436420799504,243.10197943699816,244.3673095703125,61999100,-0.0345220986103322,-0.0437071272853082,-0.0494147333671902,-0.0398888263397163,0.0125738370326607,0.050475005777959,43176960.0,1.4359301812818688,253.1050262451172,0.0035427661344982,0.009744389834039,neutral,0.0,0
2025-10-13,AAPL,248.46219085423505,248.7710475029622,244.6562426215344,246.7485198974609,38142900,0.009744389834039,-0.0403007647843813,-0.0351786158462955,-0.0266083908612285,0.0133023176888542,0.0166761076546183,42978480.0,0.887488343003289,244.3673095703125,0.0167570747949995,0.0004441308223144,neutral,0.0,0
2025-10-14,AAPL,245.6924164271232,247.9341354996237,243.79940008876653,246.8581085205078,35478000,0.0004441308223144,-0.0246811286890826,-0.0339597789692617,-0.0269410903971222,0.0132930440385915,0.0167494413517055,42755850.0,0.8297811878374538,246.7485198974609,-0.0042800802646217,0.0063365317531554,neutral,0.0,0
2025-10-15,AAPL,248.5717898296712,250.8932163906544,246.559219921403,248.42233276367188,33893600,0.0063365317531554,0.0165939675011752,-0.0337906672637792,-0.0239186194262462,0.0134810530719078,0.0174460823269636,41273820.0,0.8211888310798467,246.8581085205078,0.0069419688882571,-0.0075800004004762,neutral,0.0,0
2025-10-16,AAPL,247.3363501327597,248.1234359576197,244.22783772705108,246.539291381836,39777000,-0.0075800004004763,-0.0008479423329951,-0.0259407525827745,-0.0376462870412569,0.0131812335359178,0.0158011252840634,40988500.0,0.9704429291142638,248.42233276367188,-0.0043715177247982,0.0195594545812054,spike,0.0,0
2025-10-17,AAPL,247.10719170360767,252.4474653732209,246.35995200283696,251.3614654541016,49147000,0.0195594545812056,0.0182426939936617,0.0286214874489039,-0.0222075690891464,0.0150153130651547,0.0242181647031156,40987640.0,1.1990687924457226,246.539291381836,0.0023034880914464,0.0394388469774436,spike,0.0,0
2025-10-20,AAPL,254.9482507697476,263.4070106066718,254.68921311729665,261.2748718261719,90483000,0.0394388469774436,0.051736649114904,0.0588710802996814,0.0216214613350669,0.0198607973297105,0.033366383182747,45569530.0,1.985603099263916,251.3614654541016,0.0142694319082132,0.0020210349759475,neutral,0.0,0
2025-10-21,AAPL,260.9162087553024,264.3136625920602,260.86637452698056,261.80291748046875,46695900,0.0020210349759475,0.0619115355328605,0.0605400772513793,0.0245243706398787,0.0198312467590297,0.0131674929303903,47043540.0,0.9926102499939418,261.2748718261719,-0.0013727423091344,-0.0164401420345462,crash,0.0,0
2025-10-22,AAPL,261.68336485657886,261.882640960004,254.48993535873984,257.49884033203125,45015300,-0.0164401420345462,0.024416530460793,0.036536600664619,0.0015113372848321,0.020651578879772,0.028709665611432,47895380.0,0.9398672690351344,261.80291748046875,-0.0004566512284906,0.0043720331150991,neutral,0.0,0
2025-10-23,AAPL,258.98332466328685,259.6608147081683,257.0604350924048,258.6246337890625,32754900,0.0043720331150991,-0.0101434861247299,0.0490199446079731,0.0218075777705017,0.0198924076116262,0.0100546478410265,47338670.0,0.6919269172539068,257.49884033203125,0.0057650136573098,0.0124817513769361,neutral,0.0,0
2025-10-24,AAPL,260.2287163700197,263.15789839957887,258.22610426270086,261.85272216796875,38253700,0.0124817513769361,0.0001902373280606,0.0417377289510705,0.071553812285293,0.015219571680735,0.0188342290125761,44964130.0,0.8507603727682488,258.6246337890625,0.0062023580563694,0.0227913882702301,spike,0.0,0
2025-10-27,AAPL,263.9051799132,268.12956591820625,263.67601542509226,267.8207092285156,44888200,0.0227913882702301,0.040085108279225,0.0250534517789324,0.0853994558500756,0.0160157758213921,0.0166288503452286,45638660.0,0.9835564847872396,261.85272216796875,0.0078382142764767,0.0007068181458209,neutral,0.0,0
2025-10-28,AAPL,268.000036838551,268.8967489277785,267.1631319065021,268.010009765625,41534800,0.0007068181458209,0.0362895670031855,0.0237090264115156,0.085684449953403,0.0160015908103311,0.0064684786317961,46244340.0,0.898159645050616,267.8207092285156,0.0006695808197654,0.0026020957050163,neutral,0.0,0
2025-10-29,AAPL,268.28892986747474,270.4110953948544,266.1269030442272,268.7073974609375,51086700,0.0026020957050163,0.0261775979879701,0.0435285732333916,0.0816555599957398,0.0160975778976653,0.015943708253324,47963650.0,1.0651128510861871,268.010009765625,0.001040707778391,0.0063033475055775,neutral,0.0,0
2025-10-30,AAPL,270.98897852374654,273.131090148023,267.4919171420092,270.4011535644531,69886500,0.0063033475055775,0.0096349693919142,0.0455351820236726,0.0967872587321601,0.0151774149968026,0.0208548407862826,50974600.0,1.3710063443361988,268.7073974609375,0.0084909499491569,-0.0037951561451634,neutral,0.0,0
2025-10-31,AAPL,275.9705701844509,276.29937269597025,268.16940070155243,269.3749389648437,86167100,-0.0037951561451634,0.005092829183553,0.0287268993600522,0.0716636238502173,0.0152343766344172,0.030180877351322,54676610.0,1.5759407907695813,270.4011535644531,0.0205968670864794,-0.0048823604449951,neutral,0.0,0
2025-11-03,AAPL,269.424736694289,269.8531467885877,265.2700709373508,268.05975341796875,50194600,-0.0048823604449951,-0.002410220370144,0.0008925530446906,0.0259683663582883,0.0104643498483169,0.017097217291291,50647770.0,0.9910525182056388,269.3749389648437,0.0001848640027043,0.0036798499780619,neutral,0.0,0
2025-11-04,AAPL,267.3424445625432,270.49081837885313,266.6350661079627,269.0461730957031,49274800,0.0036798499780619,-0.0050110010659663,0.0038661366826717,0.0276668254309073,0.0104670165415124,0.0143311916557865,50905660.0,0.9679630909411644,268.05975341796875,-0.0026759289534489,0.0003703449539222,neutral,0.0,0
2025-11-05,AAPL,267.6214146886098,270.7000692568828,265.94760492323326,269.14581298828125,43683100,0.0003703449539222,-0.0008505838644193,0.0016315722287008,0.045231165473335,0.0081246761652264,0.0176575822632487,50772440.0,0.860370311137302,269.0461730957031,-0.0052955906813309,-0.0013698257358518,neutral,0.0,0
2025-11-06,AAPL,266.90407480138714,272.3937751745226,266.90407480138714,268.7771301269531,51204000,-0.0013698257358518,0.0026761820819323,-0.00600597821456,0.0392557204978822,0.0083320671107268,0.0204247302236707,52617350.0,0.973139088152482,269.14581298828125,-0.0083290843799666,-0.0048189630202891,neutral,0.0,0
2025-11-07,AAPL,268.8069946610708,271.2878509444664,265.78814772800683,267.4819030761719,48227400,-0.0048189630202891,-0.0058141322046414,-0.0070275130119616,0.0214975076890444,0.0081436124263123,0.0205610291881817,53614720.0,0.8995178935934012,268.7771301269531,0.0001111126311363,0.0045487388427887,neutral,0.0,0
2025-11-10,AAPL,268.2298830249396,272.9869540449525,266.7339548671466,268.6986083984375,41312400,0.0045487388427887,-0.0016615699307319,0.0023832558685996,0.0032779360955721,0.0039943406086679,0.0232714237527187,53257140.0,0.775715706851701,267.4819030761719,0.0027963759049326,0.0216011510195217,spike,0.0,0
2025-11-11,AAPL,269.07757258136417,275.16101963639426,269.0675899882029,274.5028076171875,46208300,0.0216011510195217,0.0213026959828388,0.0202814054505928,0.0242259528188535,0.0078320409062704,0.022198059470084,53724490.0,0.8600975086036182,268.6986083984375,0.0014103689825022,-0.0064667698657951,neutral,0.0,0
2025-11-12,AAPL,274.2535066981436,274.9815360542478,270.9624767916609,272.7276611328125,48398000,-0.0064667698657951,0.0196116372596122,0.0133082068220291,0.0149614923513947,0.0083190277967556,0.0147365296424028,53455620.0,0.9053865617871424,274.5028076171875,-0.0009081907802981,-0.0019014763772919,neutral,0.0,0
2025-11-13,AAPL,273.36590026791555,275.9488963676571,271.3513946141157,272.2090759277344,49602800,-0.0019014763772919,0.0130647030523187,0.0127687418909496,0.0066860748907653,0.008198248743348,0.0168895975928515,51427250.0,0.9645236717887892,272.7276611328125,0.0023402068292304,-0.0019785314538629,neutral,0.0,0
2025-11-14,AAPL,270.31417782757546,275.21085247368256,268.8681323529343,271.6705017089844,47431300,-0.0019785314538629,-0.0103179487772415,0.0156593720346744,0.0085218125819799,0.0081072817352981,0.0233471064427253,47553670.0,0.9974266970351604,272.2090759277344,-0.0069611863370123,-0.0181711077353778,crash,0.0,0
2025-11-17,AAPL,268.0902717401977,269.7557213346742,265.00866346949266,266.73394775390625,45018300,-0.0181711077353778,-0.021976917757482,-0.0073117633777171,-0.0049459333120972,0.0100198999882454,0.0177969767446372,47036040.0,0.9571022560572702,271.6705017089844,-0.0131785745830508,-7.471106952616768e-05,neutral,0.0,0
2025-11-18,AAPL,269.2570854665072,269.9751321987233,264.59977951795884,266.7140197753906,45677300,-7.471106952616768e-05,-0.0201868954354871,-0.0283741645828951,-0.0086682270685296,0.0099177513243648,0.0201539937244065,46676290.0,0.9785974849329284,266.73394775390625,0.0094593797821671,0.0041877939536723,neutral,0.0,0
2025-11-19,AAPL,264.8091896065648,271.47104873805114,264.77927226211665,267.8309631347656,40424500,0.0041877939536723,-0.014133071312732,-0.0179545337561571,-0.0048852695827479,0.0100416167202771,0.0249850741587609,46350430.0,0.8721494061651639,266.7140197753906,-0.0071418449259995,-0.0086013615100238,neutral,0.0,0
2025-11-20,AAPL,270.0948061865016,274.68232536305425,265.1981613886433,265.5272521972656,45823600,-0.0086013615100238,-0.0045239669221029,-0.0245466603481018,-0.0120913484274218,0.0103706697862408,0.035718231917547,45812390.0,1.0002446936298235,267.8309631347656,0.0084525068544703,0.0196806108681768,spike,0.0,0
2025-11-21,AAPL,265.2280517805383,272.5879921198442,264.9488130991126,270.75299072265625,59030800,0.0196806108681768,0.0151434519665183,-0.0033772933776629,0.0122291923635404,0.0121529416703571,0.028214569302973,46892730.0,1.2588475868220936,265.5272521972656,-0.0011268162279066,0.0163174532469103,spike,0.0,0
2025-11-24,AAPL,270.16459800357205,276.24804478801667,270.16459800357205,275.1709899902344,65585800,0.0163174532469103,0.0274054454703784,0.031630927774189,0.0240878865371694,0.0130417224560122,0.0221078783946684,49320070.0,1.3297994102603663,270.75299072265625,-0.0021731716333538,0.0038055616830043,neutral,0.0,0
2025-11-25,AAPL,274.52277261748515,279.6189174225992,274.50283786370125,276.2181701660156,46914200,0.0038055616830043,0.0402629782076284,0.0356342362453567,0.0062489799784499,0.0112275086948974,0.0185218791212144,49390660.0,0.9498597508111858,275.1709899902344,-0.002355689357996,0.0020939956913605,neutral,0.0,0
2025-11-26,AAPL,276.2081750495132,278.7712060098946,275.8790842359358,276.79656982421875,33431400,0.0020939956913605,0.0223213752336837,0.033474870061763,0.0149193106210989,0.0109448684218477,0.0104485462944699,47894000.0,0.6980289806656366,276.2181701660156,-3.618558654704758e-05,0.0046838668279296,neutral,0.0,0
2025-11-28,AAPL,276.50736791500816,278.242634823177,275.2407959413455,278.0930480957031,20135600,0.0046838668279296,0.0106190630980846,0.0473239405539516,0.0216156355107381,0.0109131408297234,0.0107943686560567,44947280.0,0.4479826142983513,276.79656982421875,-0.0010448175329421,0.0152411733572359,spike,0.0,0
2025-12-01,AAPL,277.2553332443013,282.65065109438723,275.3904143522869,282.3315124511719,46587700,0.0152411733572359,0.0221322959365126,0.0427641508136691,0.0392424303526617,0.0115230415488443,0.0257152900824557,44862920.0,1.0384455581580512,278.0930480957031,-0.0030123545235604,0.0109148425450353,neutral,0.0,0
2025-12-02,AAPL,282.231773534172,286.619823290159,281.86278279875575,285.4131164550781,53669500,0.0109148425450353,0.031129528217533,0.0372209529253328,0.0700292139731895,0.0086380909940395,0.016667210499949,45728040.0,1.1736671853855971,282.3315124511719,-0.0003532688084795,-0.0071281038901495,neutral,0.0,0
2025-12-03,AAPL,285.4231155973949,287.8365294074879,282.5309633672564,283.378662109375,43538700,-0.0071281038901495,0.0190066384250384,0.0259233197405359,0.0624813136857906,0.0095082216590091,0.0187225318968572,45514180.0,0.9565963838082988,285.4131164550781,3.503392710521002e-05,-0.0121415045329662,neutral,0.0,0
2025-12-04,AAPL,283.3287830094401,283.95707766942763,277.8337308175164,279.9380187988281,43989100,-0.0121415045329662,-0.0084776000792957,0.0113493060141762,0.0452040926200549,0.0111391573148708,0.0218739379459266,45870640.0,0.9589816056632304,283.378662109375,-0.0001760157224387,-0.0068400674195348,neutral,0.0,0
2025-12-05,AAPL,279.77845592816414,280.37683325787106,277.2951945750906,278.0232238769531,47265800,-0.0068400674195348,-0.0258919164960245,-0.0002510822159278,0.047060976138163,0.0109210077150996,0.0110841052765589,46014860.0,1.0271855657063826,279.9380187988281,-0.0005699935698218,-0.0031924428103902,neutral,0.0,0
2025-12-08,AAPL,277.374989388386,278.9108174051644,275.4003533668138,277.1356506347656,38211800,-0.0031924428103902,-0.0220306335986574,-0.0184034072969621,0.0235737374315743,0.0097597099136681,0.012666952195829,43932960.0,0.8697752211551418,278.0232238769531,-0.0023315839573676,-0.0025550641485947,neutral,0.0,0
2025-12-09,AAPL,277.4049018876359,279.26982065807096,276.16827776921565,276.42755126953125,32193300,-0.0025550641485947,-0.0125401599409746,-0.0314826637862704,0.0045664743923095,0.0085087001173899,0.0112200932020381,40593710.0,0.7930612895446117,277.1356506347656,0.0009715504023158,0.005772480348263,neutral,0.0,0
2025-12-10,AAPL,276.9960211276047,278.9905919368044,275.68957968235776,278.0232238769531,33038300,0.005772480348263,0.0,-0.0188985232429209,0.0065348840369647,0.0086159641965743,0.0118731529273524,39206120.0,0.8426822138992586,276.42755126953125,0.002056487696189,-0.0026902620286017,neutral,0.0,0
2025-12-11,AAPL,278.34237127554803,278.8310314000742,273.0667227973629,277.2752685546875,33248000,-0.0026902620286017,0.0005037890996777,-0.0095119278744848,0.0017294243594592,0.0086617356200455,0.0207891191766149,39187780.0,0.8484277496709434,278.0232238769531,0.0011479163292349,0.0008992097080309,neutral,0.0,0
2025-12-12,AAPL,277.14562382282355,278.4620479370953,276.0685689150702,277.52459716796875,39532900,0.0008992097080309,0.0039686561393723,-0.0017934714303041,-0.002044103337451,0.0085259837083786,0.0086243851768441,41127510.0,0.9612276551631742,277.2752685546875,-0.0004675668787184,-0.0149850570589643,neutral,0.0,0
2025-12-15,AAPL,279.3894873363706,279.3894873363706,272.0993337942639,273.3658752441406,50409100,-0.0149850570589643,-0.0167516532175519,-0.0136026360448051,-0.0317557084903223,0.0077798272497205,0.0266681184533218,41509650.0,1.214394725081999,277.52459716796875,0.006719729304834,0.001824138532716,neutral,0.0,0
2025-12-16,AAPL,272.07941349564567,274.752131096348,271.0522107383373,273.8645324707031,37648600,0.001824138532716,-0.0123009026436545,-0.0092719368494823,-0.0404626953652729,0.0063471668372815,0.0135100384289686,39907560.0,0.9433951862754828,273.3658752441406,-0.0047060070952383,-0.0100870370636572,neutral,0.0,0
2025-12-17,AAPL,274.2634587890498,275.41033087528734,270.9026119684932,271.10205078125,50138700,-0.0100870370636572,-0.0231422600095931,-0.0248942264577375,-0.0433222855833324,0.006568922709354,0.0166273877080752,40567560.0,1.2359308767892374,273.8645324707031,0.0014566556492282,0.0012876722074433,neutral,0.0,0
2025-12-18,AAPL,272.8672697170699,272.88723490520505,266.22537510199504,271.4511413574219,51630700,0.0012876722074433,-0.0070042900746434,-0.0210048563927977,-0.0303169875882602,0.0061709836572087,0.0245416533152029,41331720.0,1.2491785969710432,271.10205078125,0.0065112710535865,0.0054373787438681,neutral,0.0,0
2025-12-19,AAPL,271.4112306527045,273.8545921928022,269.1673383776201,272.9271240234375,144632000,0.0054373787438681,-0.003422891014067,-0.0165660024064413,-0.0183297631847152,0.0065446321485659,0.017174012410652,51068340.0,2.832126519091868,271.4511413574219,-0.0001470272127713,-0.0098659596326894,neutral,0.0,0
2025-12-22,AAPL,272.1192896847017,273.13654030849926,269.7756932559407,270.23443603515625,36571800,-0.0098659596326894,-0.0032003252782245,-0.0114551211126396,-0.0249019373141003,0.007021960848617,0.0124367830461152,50904340.0,0.7184416888618927,272.9271240234375,-0.0029598902697059,0.0051297328685735,neutral,0.0,0
2025-12-23,AAPL,270.1048034873943,271.7603010837797,268.8282792538215,271.62066650390625,29642000,0.0051297328685735,0.0006245143993008,-0.0081933426959437,-0.017389311389363,0.0074238201690876,0.0107945461871401,50649210.0,0.5852411123490376,270.23443603515625,-0.000479704029079,0.005323766193815,neutral,0.0,0
2025-12-24,AAPL,271.60070067851706,274.6823088952694,271.46109654935304,273.06671142578125,17910600,0.005323766193815,0.0005114456939492,0.0072469412860196,-0.0178276921692178,0.0073746429351642,0.0117964299972604,49136440.0,0.3645074816164948,271.62066650390625,-7.350628229500139e-05,-0.0014973429371301,neutral,0.0,0
2025-12-26,AAPL,273.41578359787746,274.6224904749486,272.11929424741834,272.6578369140625,21521800,-0.0014973429371301,0.0089677722590135,0.0044453508303792,-0.0166528795182261,0.0073677954087164,0.0091807235613009,47963820.0,0.448709047778096,273.06671142578125,0.0012783402644488,0.001316812715542,neutral,0.0,0
2025-12-29,AAPL,271.9497734782625,273.6152231466168,271.6107000753325,273.0168762207031,23715200,0.001316812715542,0.0051402926543395,0.0003288504123097,-0.0162425997308532,0.0073850340313547,0.0073421214799333,46382050.0,0.5113012469263433,272.6578369140625,-0.0025968937618439,-0.0024839549498967,neutral,0.0,0
2025-12-30,AAPL,272.0694584675055,273.3360001129787,271.54089836280934,272.3387145996094,22139600,-0.0024839549498967,-0.0026660035651022,0.0077868631227271,-0.0037574574500709,0.0057458408282095,0.0065914306484426,43555100.0,0.5083124593905192,273.0168762207031,-0.0034701801819449,-0.0044676179222424,neutral,0.0,0
2025-12-31,AAPL,272.3187639976345,272.9370761103812,271.0123224859311,271.1220092773437,27293600,-0.0044676179222424,-0.0056328021013489,-0.0018358589314314,-0.0100141598060085,0.0058238686087624,0.0070992156984244,42519600.0,0.6419063208496787,272.3387145996094,-7.325657684843262e-05,-0.0031265878039098,neutral,0.0,0
2026-01-02,AAPL,271.5209292436992,277.0857683126949,268.2697691424855,270.2743225097656,37838100,-0.0031265878039098,-0.0100453633083122,-0.0102260319518096,-0.0030531981189336,0.0049691298896609,0.0326187078681544,41289540.0,0.9164088531865456,271.1220092773437,0.0014713669591737,-0.0138370789136696,neutral,0.0,0
2026-01-05,AAPL,269.9053450243044,270.7729784841199,265.41756056202854,266.5345153808594,45647200,-0.0138370789136696,-0.0213124278980434,-0.0224578966902503,-0.0181123790895715,0.0064999940412475,0.0200927745303036,40691190.0,1.1217956515894472,270.2743225097656,-0.0013651962274289,-0.0183342811831226,crash,0.0,0
2026-01-06,AAPL,266.27521573774703,266.82371056256306,261.40845786144683,261.6477966308594,52352100,-0.0183342811831226,-0.0349444616161452,-0.0416424059465582,-0.0413272496566134,0.0077775036855641,0.0206967257926357,31463200.0,1.663915304228432,266.5345153808594,-0.0009728557772032,-0.0077375221244099,neutral,0.0,0
2026-01-07,AAPL,262.48552563718374,262.964203143993,259.1047135716701,259.623291015625,48309800,-0.0077375221244099,-0.0394082256695168,-0.0466897392927718,-0.0392664427791533,0.0076325106612793,0.0148657293312356,32637000.0,1.4802157061004382,261.6477966308594,0.0032017430190947,-0.0049551351915569,neutral,0.0,0
2026-01-08,AAPL,256.3222864925608,258.58614386359903,255.0058776573516,258.3368225097656,50419300,-0.0049551351915569,-0.0307565902276476,-0.0471565801745718,-0.048905866277114,0.00693031569457,0.0138589078067339,34714730.0,1.452389230738652,259.623291015625,-0.012714593171325,0.0012739243260126,neutral,0.0,0
2026-01-09,AAPL,258.3767027680543,259.5036402038468,255.52448097015204,258.6659240722656,39997000,0.0012739243260126,-0.0113965131638416,-0.0429504302506597,-0.0527372497303821,0.006355821367263,0.0153833917164253,36923370.0,1.0832434850881705,258.3368225097656,0.0001543731083368,0.0033928880074423,neutral,0.0,0
2026-01-12,AAPL,258.4565110528425,260.59068617382866,256.1029014720883,259.5435485839844,45263800,0.0033928880074423,-0.0003071466790544,-0.0262291237849079,-0.0480979695229208,0.0068565702676513,0.0172910662824206,39297570.0,1.1518218556516344,258.6659240722656,-0.0008095887395072,0.0030739390336405,neutral,0.0,0
2026-01-13,AAPL,258.01770778709204,261.0993163539261,257.68861696081353,260.34136962890625,45730800,0.0030739390336405,0.007759432432691,-0.0049930747316641,-0.0464275570333247,0.0070531681698571,0.0131008736643516,41499130.0,1.1019700894934423,259.5435485839844,-0.0058789394119677,-0.0041755432566868,neutral,0.0,0
2026-01-14,AAPL,258.78557762508564,261.1092696408236,256.0131254420647,259.2543029785156,40019400,-0.0041755432566868,0.0022746672502778,-0.0014212439710856,-0.0480446257533762,0.0070137526568615,0.0196569319784104,43287110.0,0.924510783926208,260.34136962890625,-0.0059759691901377,-0.006731765829002,neutral,0.0,0
2026-01-15,AAPL,259.9424426175537,260.3313985459844,256.35220896361545,257.5090637207031,39388600,-0.006731765829002,-0.0078387032711118,-0.0032041842932832,-0.0502096660943347,0.0070351400377858,0.0154526195112294,44496610.0,0.8852045133325888,259.2543029785156,0.0026543036359751,-0.0103791074177385,neutral,0.0,0
2026-01-16,AAPL,257.1999111311508,258.1971965798445,254.2379721311412,254.8363494873047,72142800,-0.0103791074177385,-0.0211453913354165,-0.0148050988884451,-0.0571196437719425,0.0071796433528309,0.0155363410936811,47927080.0,1.505261743465281,257.5090637207031,-0.0012005503227164,-0.0345556287050651,crash,0.0,0
2026-01-20,AAPL,252.04394930256512,254.09835490933511,242.75922413209136,246.0303192138672,80267500,-0.0345556287050651,-0.0510077696405459,-0.0520653641511899,-0.0769288590548699,0.0114581054116454,0.0460883472145844,51389110.0,1.5619554415322623,254.8363494873047,-0.0109576211963382,0.0038508189393806,neutral,0.0,0
2026-01-21,AAPL,248.0248902004532,250.87712721718017,244.51444112970407,246.9777374267578,54641700,0.0038508189393806,-0.0408969150125437,-0.0513311895884895,-0.0560679638544731,0.011363451359879,0.0257621846963554,51618070.0,1.0585769673294645,246.0303192138672,0.0081070129606756,0.0028265902249811,neutral,0.0,0
2026-01-22,AAPL,248.52352576906395,250.31864258405668,247.47637302553755,247.67584228515625,39708300,0.0028265902249811,-0.028098453052535,-0.0446606307410792,-0.0460184010599793,0.0116400805993372,0.0114757641774636,50757920.0,0.7823074704400811,246.9777374267578,0.0062588165168714,-0.0012482993138605,neutral,0.0,0
2026-01-23,AAPL,246.6486371992728,248.73296007338791,244.0157890837153,247.36666870117188,41689000,-0.0012482993138605,0.0054316455450478,-0.0393865554593907,-0.0424645379703044,0.0116877808623831,0.0190695497272962,49884890.0,0.8357039576513048,247.67584228515625,-0.0041473769763173,0.0297130011173603,spike,0.0,0
2026-01-26,AAPL,250.7973351598156,255.863546959882,249.12190294519743,254.7166748046875,55969200,0.0297130011173603,0.0313345545171848,-0.0004696138633988,-0.015267760072157,0.0158902868311835,0.0264672268505936,51482110.0,1.0871582380753235,247.36666870117188,0.013868749887189,0.0111975526193079,neutral,0.0,0
2026-01-27,AAPL,258.4664593428383,261.23891141767155,257.50904348719195,257.5688781738281,49648300,0.0111975526193079,0.039943483374861,0.0468989309806602,-0.0076082430903393,0.0163384688609148,0.0144810504938503,51920560.0,0.9562358341281372,254.7166748046875,0.0147213940391851,-0.0070854122687193,neutral,0.0,0
2026-01-28,AAPL,256.95060341967536,258.15731035497566,253.8191275531099,255.743896484375,41288000,-0.0070854122687193,0.0338656288140546,0.0354937216161712,-0.017659402925799,0.0163974288130229,0.0169629964253352,51476280.0,0.8020781610481565,257.5688781738281,-0.0024004249214282,0.0071751133860988,neutral,0.0,0
2026-01-29,AAPL,257.29964922744847,258.94516415300217,253.7193980705993,257.5788879394531,67253000,0.0071751133860988,0.0112368502649475,0.0399838981586877,-0.0064624386936457,0.0165955176869388,0.0202880217560036,54199640.0,1.2408385000343176,255.743896484375,0.0060832448572962,0.0046461370951069,neutral,0.0,0
2026-01-30,AAPL,254.47732177254832,261.1890484668085,251.4954328536096,258.775634765625,92443400,0.0046461370951069,0.0046851801364855,0.0461216789002223,0.0049185493769476,0.0165124284665028,0.0374595375719143,59505120.0,1.5535369057318094,257.5788879394531,-0.0120412281911623,0.040581232988504,spike,0.0,0
2026-02-02,AAPL,259.3241487899344,269.7557466562268,258.50636737104884,269.2770690917969,73913400,0.040581232988504,0.052916893788895,0.0571630981688735,0.0566666397220996,0.0201956280019798,0.0417762244780784,59682180.0,1.238450070020901,258.775634765625,0.0021196509663909,-0.0019629018353019,neutral,0.0,0
2026-02-03,AAPL,268.4692659190308,271.1419837262723,266.88355520832346,268.7485046386719,64394700,-0.0019629018353019,0.0433638672352847,0.043404414943714,0.0923389665850753,0.0149148966792549,0.015845403581591,58094900.0,1.1084398114120173,269.2770690917969,-0.0029998958897264,0.026012817340576,spike,0.0,0
2026-02-04,AAPL,271.5508302866565,278.19275421850585,271.5508302866565,275.7394104003906,90545700,0.026012817340576,0.0655539910089675,0.0781856935429827,0.1164545164001358,0.0156958975965512,0.0240876845359351,61685300.0,1.4678651153516316,268.7485046386719,0.0104273162440561,-0.0020975207707348,neutral,0.0,0
2026-02-05,AAPL,277.37501624935936,278.7412924914769,272.48832346973,275.1610412597656,52977400,-0.0020975207707348,0.0218509960310169,0.0682592950880562,0.1109724659499284,0.0160602830065274,0.0227247614455847,63012210.0,0.8407481661093937,275.7394104003906,0.0059317086614268,0.0080096694085727,neutral,0.0,0
2026-02-06,AAPL,276.3677049075235,280.1474248180158,276.1782182606431,277.364990234375,50453400,0.0080096694085727,0.0320615201460854,0.0718358028010888,0.1212706695316425,0.0155542979487849,0.0143104093779776,63888650.0,0.789708344126852,275.1610412597656,0.0043852997584011,-0.0116604186123071,neutral,0.0,0
2026-02-09,AAPL,277.41494619870406,277.70443813431814,271.2160169672847,274.1307983398437,44623400,-0.0116604186123071,-0.0058338126501799,0.0180250374248991,0.0762185025775898,0.0157084038295044,0.0236690704084611,62754070.0,0.7110837591888463,277.364990234375,0.0001801091200689,-0.0034230173985199,neutral,0.0,0
2026-02-10,AAPL,274.4003102195724,274.87943562430115,272.4537718732244,273.19244384765625,34376900,-0.0034230173985199,-0.0071543464259932,0.0165356797611178,0.0606578162105597,0.016001779815678,0.0088789562292191,61226930.0,0.5614669884640631,274.1307983398437,0.0009831506761039,0.0066501563343037,neutral,0.0,0
2026-02-11,AAPL,274.2106536370846,279.6808719096702,273.9610989943363,275.0092163085937,51931300,0.0066501563343037,-0.0084934076351549,-0.002648131040596,0.0753305165403848,0.0153271839539836,0.0207984772005445,62291260.0,0.8336851750951899,273.19244384765625,0.0037270788865454,-0.0499816789698319,crash,0.0,0
2026-02-12,AAPL,275.0990906441112,275.22886395053104,259.7165366668213,261.2637939453125,81077200,-0.0499816789698319,-0.0469374636941734,-0.0505058683119803,0.0143059318072897,0.0237567160724908,0.0593741943706014,63673680.0,1.2733236087501147,275.0092163085937,0.0003268048130308,-0.0227334900734624,crash,0.0,0
2026-02-13,AAPL,261.5432690161623,261.7628783299504,254.9949421084194,255.3243560791016,56290700,-0.0227334900734624,-0.0654047656549339,-0.0794643698061855,-0.0133369538042067,0.0249255566906136,0.0265072095959159,60058410.0,0.9372659049748404,261.2637939453125,0.0010697045565689,0.031667901456869,spike,0.0,0
2026-02-17,AAPL,257.5903108294174,265.8156532326085,255.08478749757865,263.4099426269531,58469100,0.031667901456869,-0.0421777634849327,-0.0391085415349784,-0.0217884370348804,0.0233826139222633,0.0407382714107611,58513980.0,0.9992330038052444,255.3243560791016,0.0088748084401856,0.0017811675649548,neutral,0.0,0
2026-02-18,AAPL,263.1304558468116,266.3447212846438,261.9825104325609,263.8791198730469,34203300,0.0017811675649548,0.0100102884071331,-0.0340907085256094,-0.0181187418035007,0.0234123737092833,0.0165310952006418,55494840.0,0.6163329779849802,263.4099426269531,-0.0010610335257439,-0.0142615913811262,neutral,0.0,0
2026-02-19,AAPL,262.1322047157328,264.00886051677537,259.5867290635135,260.11578369140625,30845300,-0.0142615913811262,0.0187660420881281,-0.0541561218096603,-0.0566608403430539,0.0215270260891088,0.017000627145749,49524800.0,0.6228253319548993,263.8791198730469,-0.0066201340907704,0.0153504310566325,spike,0.0,0
2026-02-20,AAPL,258.50868117461044,264.2783836675007,257.7001265171608,264.1086730957031,42070500,0.0153504310566325,0.0026526351351117,0.0108889146384596,-0.0401669077623111,0.0225267646710444,0.0249073878310545,48434110.0,0.8686130497700897,260.11578369140625,-0.0061784121439644,0.0060472737697376,neutral,0.0,0
2026-02-23,AAPL,263.0206001676805,268.95002088588865,262.91081074777924,265.705810546875,37308200,0.0060472737697376,0.0069224525028996,0.0406598674219593,-0.0420355131253151,0.0224201687951301,0.0227289351545588,47119590.0,0.7917768384656997,264.1086730957031,-0.0041197924902236,0.0223910510681033,spike,0.0,0
2026-02-24,AAPL,267.38283777638213,274.4003442568012,267.233111068832,271.6552429199219,47014600,0.0223910510681033,0.0443627797773535,0.0313021604679741,-0.0090305629098006,0.023687003075734,0.0263835628973373,47358710.0,0.9927339659378392,265.705810546875,0.0063115941125091,0.0076798561696611,neutral,0.0,0
2026-02-25,AAPL,271.29586819299504,274.45024283739696,270.567157599074,273.74151611328125,33714300,0.0076798561696611,0.036473027957274,0.0373746746047174,0.0020098369409191,0.0238025739171357,0.0141852258782553,47292450.0,0.7128896895804722,271.6552429199219,-0.0013229073846101,-0.0046676897850849,neutral,0.0,0
2026-02-26,AAPL,274.4602128097023,275.61811956353745,270.3175813011377,272.4637756347656,32345100,-0.0046676897850849,0.0254340131816515,0.0474711367688809,-0.009255837706078,0.0237444925331223,0.0194541026602562,45333830.0,0.713487036061149,273.74151611328125,0.0026254574265001,-0.0321304896801589,crash,0.0,0
2026-02-27,AAPL,272.3240124520744,272.3240124520744,262.4217010495403,263.7093811035156,72366500,-0.0321304896801589,-0.0292498010750652,-0.0015118473297649,0.0093606049321746,0.0200015503155349,0.0375500915481163,44462760.0,1.6275755261256837,272.4637756347656,-0.0005129606031687,0.0020440379487687,neutral,0.0,0
2026-03-02,AAPL,261.94253069595567,266.0551862059976,259.73647625260065,264.2484130859375,41827900,0.0020440379487687,-0.0346790766783627,-0.0054850041026122,0.034951843779726,0.0181701982483863,0.0239120071890157,43016480.0,0.9723691943180846,263.7093811035156,-0.0066999907252689,-0.0036640946670775,neutral,0.0,0
2026-03-03,AAPL,263.0106738027697,265.08695529305965,259.6666350681776,263.2801818847656,38568900,-0.0036640946670775,-0.033705742088484,-0.0308297419373755,-0.0004926189987113,0.0153146155694294,0.0205876499555688,41026460.0,0.9400981707902656,264.2484130859375,-0.0046839989262878,-0.0046636409527347,neutral,0.0,0
2026-03-04,AAPL,264.17854815272653,265.67587606267574,260.9543215497597,262.0523376464844,39803100,-0.0046636409527347,-0.0062835969281684,-0.0427015186909376,-0.0069227994524211,0.0153695049081585,0.0180176011987557,41586440.0,0.9571172718799684,263.2801818847656,0.0034122061961887,-0.0084945366394583,neutral,0.0,0
2026-03-05,AAPL,260.3254337562426,261.09405110124777,256.79173142961054,259.8263244628906,49658600,-0.0084945366394583,-0.0167345891368086,-0.0463821333402328,-0.0011128091667786,0.014900445652574,0.0165584441088905,43467770.0,1.1424234553555428,262.0523376464844,-0.0065899198066739,-0.010872576884936,neutral,0.0,0
2026-03-06,AAPL,258.16927189629365,258.3090066542827,253.916851068475,257.0013427734375,41120000,-0.010872576884936,-0.023848506432878,-0.0254372381521192,-0.0269106282613074,0.0141870705171369,0.0170900102637971,43372720.0,0.9480613620727498,259.8263244628906,-0.006377539189004,0.0093996024423435,neutral,0.0,0
2026-03-09,AAPL,255.2345148744848,260.68477987096253,253.2280857512349,259.41705322265625,38218500,0.0093996024423435,-0.0100563286231134,-0.0182834016176665,-0.0236681211873961,0.0144521041514285,0.028744039865905,43463750.0,0.879318972707141,257.0013427734375,-0.0068747808080919,0.0036555161307854,neutral,0.0,0
2026-03-10,AAPL,257.19102845716964,262.01244158439727,256.4922936817907,260.3653564453125,30590800,0.0036555161307854,0.0020745857200425,-0.0110711919848525,-0.0415596119303959,0.0118816787361387,0.021201545312984,41821370.0,0.7314633643039432,259.41705322265625,-0.0085808729142259,-7.677293916819039e-05,neutral,0.0,0
2026-03-11,AAPL,260.62486739620806,261.6630231774062,259.08760235948154,260.3453674316406,26218900,-7.677293916819039e-05,0.0130117011145389,-0.0065138522715507,-0.0489372195779648,0.0112589014170054,0.0098923243510407,41071830.0,0.638366978047971,260.3653564453125,0.0009967184361183,-0.0193626841036281,crash,0.0,0
2026-03-12,AAPL,258.1992253881205,258.48871731031414,253.7271951166324,255.30438232421875,40794000,-0.0193626841036281,-0.0158535101966007,-0.017403710528637,-0.0629786226465158,0.0121426864248268,0.0186503739196884,41916720.0,0.9732154615151184,260.3453674316406,-0.0082434424114868,-0.022051888794085,crash,0.0,0
2026-03-13,AAPL,255.024890934378,255.87336762960533,249.0755164384504,249.6744384765625,36930000,-0.022051888794085,-0.0410612153425854,-0.0285092062858758,-0.0532212489681733,0.0100005727010174,0.0272268608377909,38373070.0,0.9623936786918534,255.30438232421875,-0.0010947379253593,0.0107948803446675,neutral,0.0,0
2026-03-16,AAPL,251.66090222791988,253.43773019062647,249.4348789230203,252.36964416503903,32074200,0.0107948803446675,-0.0306351649168322,-0.0271663291602054,-0.0449530378713582,0.0110526927097949,0.0158610647522586,37397700.0,0.8576516737660338,249.6744384765625,0.0079562159565799,0.0055770205952527,neutral,0.0,0
2026-03-17,AAPL,252.5093881906664,254.67552076289968,251.7307636559193,253.7771148681641,32361600,0.0055770205952527,-0.0059821435188492,-0.0253038333021552,-0.0360948816905668,0.011510320469383,0.0116037141824634,36776970.0,0.8799419854327314,252.36964416503903,0.0005537275534453,-0.0168744476232112,crash,0.0,0
2026-03-18,AAPL,252.1799767808244,254.48585937367065,248.5564382882904,249.4947662353516,35757900,-0.0168744476232112,-0.000719626095115,-0.0416777194974982,-0.0479200892612272,0.0122579876034908,0.023765713304731,36372450.0,0.9831039701752288,253.7771148681641,-0.0062934677469613,-0.0039208877266552,neutral,0.0,0
2026-03-19,AAPL,248.95572868612365,251.3814079598573,246.85947863088072,248.5165252685547,34864100,-0.0039208877266552,-0.0152677589621855,-0.0265873111690028,-0.0435283038303196,0.0121912334447401,0.0181956886934985,34893000.0,0.9991717536468632,249.4947662353516,-0.0021605164603712,-0.0038962891312026,neutral,0.0,0
2026-03-20,AAPL,247.53824109812177,248.75606899357115,245.56177255944445,247.54823303222656,88331100,-0.0038962891312026,-0.0245446948168411,-0.0085159115899464,-0.0367823359955922,0.0119756909983429,0.0129037335269965,39614110.0,2.2297888302930446,248.5165252685547,-0.0039364954478409,0.0141135098048048,neutral,0.0,0
2026-03-23,AAPL,253.51758537106093,254.1464679788293,249.83415620831627,251.04200744628903,40546100,0.0141135098048048,0.0062014976678024,-0.0052606830870743,-0.0322840987989287,0.0126228362021943,0.0171776501246933,39846870.0,1.01754792785481,247.54823303222656,0.0241138959697493,0.0005963911769359,neutral,0.0,0
2026-03-24,AAPL,249.9040313986812,254.3760464402864,249.10545347620703,251.1917266845703,45152300,0.0005963911769359,0.0107646822002067,-0.0101876332896955,-0.0352336804173447,0.0124743153045617,0.0209823509462069,41303020.0,1.0931960907459066,251.04200744628903,-0.0045330104677851,0.00389446037295,neutral,0.0,0
2026-03-25,AAPL,253.6473574345128,254.5457480998694,251.15181088451408,252.16998291015625,28476700,0.00389446037295,0.0186700984342231,0.0107225362486405,-0.0314020741069303,0.0126576271464849,0.0134589263011709,41528800.0,0.6857096761765329,251.1917266845703,0.009775922090882,0.0010688474769657,neutral,0.0,0
2026-03-26,AAPL,251.67088153367663,256.5421934269488,250.32329549316128,252.43951416015625,41796700,0.0010688474769657,0.005566824166534,0.0157856258748276,-0.0112213826413066,0.0113217113259286,0.0246352000576345,41629070.0,1.004026753420146,252.16998291015625,-0.0019792259598853,-0.0161730540049985,crash,0.0,0
2026-03-27,AAPL,253.4477020992108,255.03488128462607,247.6281009352486,248.35679626464844,47900000,-0.0161730540049985,-0.0112859227385374,0.0032662856143943,-0.0052774413750719,0.0102091188110543,0.0298231434000494,42726070.0,1.1210953874297356,252.43951416015625,0.0039937802225959,-0.0087218780717569,neutral,0.0,0
2026-03-30,AAPL,249.62453299565456,250.4230956915925,245.07264337813007,246.190658569336,39446200,-0.008721878071757,-0.0237114833090607,-0.019324848961746,-0.0244838701427271,0.0096647918869586,0.0217329623494042,43463270.0,0.9075755229645628,248.35679626464844,0.00510449784372,0.0290312885842136,spike,0.0,0
2026-03-31,AAPL,247.46837564153284,255.02488248828536,246.65982101631488,253.337890625,49598100,0.0290312885842136,0.0035587790914293,0.0085439276554069,-0.0017307480360956,0.0137902310716814,0.0330193854986846,45186920.0,1.0976207274140393,246.190658569336,0.0051899494465872,0.0072501233530442,neutral,0.0,0
2026-04-01,AAPL,253.62737973002484,255.7236296181179,252.8787157917901,255.17462158203125,40059400,0.0072501233530442,0.0274517364530575,0.0119151321549064,0.0227654288399852,0.0125848583196695,0.0111488901548669,45617070.0,0.8781668791967568,253.337890625,0.0011426995950374,0.001134477027139,neutral,0.0,0
2026-04-02,AAPL,253.7471740568136,255.6737439434535,250.2034948550392,255.464111328125,31289400,0.001134477027139,0.0376677686012902,0.0119814727818317,0.0279562337034229,0.0124063875196642,0.0214129846261974,45259600.0,0.6913317837541648,255.17462158203125,-0.0055940027122123,0.0114878089338394,neutral,0.0,0
2026-04-06,AAPL,256.053045051996,261.6929736576745,256.003115847535,258.3988342285156,29329900,0.0114878089338394,0.0199770495879236,0.040433916506019,0.0438322708402305,0.0124334684428717,0.0220196729103956,39359480.0,0.7451800684358635,255.464111328125,0.0023053481790815,-0.020706045779172,crash,0.0,0
2026-04-07,AAPL,255.7036812801697,255.7436185540334,245.2623079794448,253.0484161376953,62148000,-0.020706045779172,-0.0083323546485692,0.0278554743230761,0.0079923225272788,0.0141571601603877,0.041420178535657,41519670.0,1.4968327060402935,258.3988342285156,-0.0104302055246985,0.0213017164179869,spike,0.0,0
2026-04-08,AAPL,257.98960165960847,259.2872736156141,256.0730086009651,258.43878173828125,41032800,0.0213017164179869,0.0116441812303549,0.0201347342898334,0.0288506916583732,0.0155551463116607,0.0124372394616223,41107720.0,0.9981774712876316,253.0484161376953,0.0195266407801755,0.0061413313917115,neutral,0.0,0
2026-04-09,AAPL,258.5386040524215,260.6548225010532,255.6138310165902,260.02593994140625,28121600,0.0061413313917115,0.0062968771424551,0.0190117588077443,0.0311534185813422,0.0155863918430549,0.01938649461511,41072210.0,0.6846867991763774,258.43878173828125,0.0003862512950603,-3.8260530741629495e-05,neutral,0.0,0
2026-04-10,AAPL,259.5168819122501,261.7229364827484,258.5585701252562,260.0159912109375,31291500,-3.8260530741629495e-05,0.0275345531878405,0.0178180796478528,0.03001303926601,0.0156069834773872,0.0121698913315109,40021690.0,0.7818635344984183,260.02593994140625,-0.0019577201769595,-0.004913966848681,neutral,0.0,0
2026-04-13,AAPL,259.2673359057164,259.71651601158027,256.2027973984465,258.73828125,36234700,-0.004913966848681,0.0011588799084421,0.0013136553905044,0.041800688128901,0.0144258887232343,0.0135802038884951,38855160.0,0.9325582496636226,260.0159912109375,-0.0028792663933264,-0.0014276386309766,neutral,0.0,0
2026-04-14,AAPL,258.7881616833941,261.4633801130582,256.73183388682423,258.368896484375,48370700,-0.0014276386309766,-0.0063726082767151,0.0210255429687595,0.0494666937641308,0.0138739560705567,0.0183131417543523,39747610.0,1.2169461258173762,258.73828125,0.000192783352943,0.0293630035179759,spike,0.0,0
2026-04-15,AAPL,257.7001261657452,266.08515659729386,257.35074355126085,265.95538330078125,49913500,0.0293630035179759,0.0228424108155156,0.0290846501904347,0.0498049961837652,0.0139382409930961,0.0328416478645023,39779150.0,1.2547653733174289,258.368896484375,-0.002588431996768,-0.011372688335946,neutral,0.0,0
2026-04-16,AAPL,266.3246925362851,266.6840670491935,260.804545264895,262.9307556152344,43323100,-0.011372688335946,0.0162035333348431,0.0111712534314178,0.0303953974149806,0.014814686546939,0.0223614836177721,40105520.0,1.0802278589082002,265.95538330078125,0.0013886134994537,0.0259302913339172,spike,0.0,0
2026-04-17,AAPL,266.4844323486072,271.8149160854778,266.24486962975914,269.7486267089844,61436200,0.0259302913339172,0.0440445052769638,0.0374309112786501,0.0559159378849578,0.0164360721071883,0.0206490261829131,43120200.0,1.4247661188955525,262.9307556152344,0.0135156373207749,0.0104354244193682,neutral,0.0,0
2026-04-20,AAPL,269.84841238867654,273.7913879220191,269.80850557942483,272.5635681152344,36590200,0.0104354244193682,0.0248469676847249,0.0534334803433127,0.0548173289133036,0.0163973410268966,0.0146126731834916,43846230.0,0.834511883917956,269.7486267089844,0.0003699209924053,-0.0251967140961575,crash,0.0,0
2026-04-21,AAPL,271.0163536236942,272.3140256362382,264.9272139873882,265.69586181640625,50209800,-0.0251967140961575,0.0105164806403184,0.028358542501552,0.0499803392242095,0.0172340500530713,0.0278017564833367,42652410.0,1.177185533009741,272.5635681152344,-0.005676527139115,0.0262990502763393,spike,0.0,0
2026-04-22,AAPL,267.3429346055621,273.2523721409737,266.39461467279705,272.68341064453125,43249200,0.0262990502763393,0.0108796992642821,0.0252975790910798,0.0551180005200435,0.0178210119460222,0.0251491553958755,42874050.0,1.008750048106022,265.69586181640625,0.0061990908623709,0.0009516199250387,neutral,0.0,0
2026-04-23,AAPL,274.56001085217736,275.2787294551341,271.1660737405759,272.9429016113281,33399600,0.0009516199250387,0.0013917248688692,0.0380790218803663,0.0496756657156303,0.0178764510500697,0.0150678244067862,43401850.0,0.7695432337561647,272.68341064453125,0.0068819742396886,-0.0086676871881985,neutral,0.0,0
2026-04-24,AAPL,272.2741016414235,272.5735550213531,269.16962610782736,270.5771179199219,38157100,-0.0086676871881985,0.0183715925048488,0.0030713454264637,0.0406172199632779,0.0183488855495947,0.0125802541607866,44088410.0,0.8654678179594139,272.9429016113281,-0.0024503292298731,-0.0127277860106013,neutral,0.0,0
2026-04-27,AAPL,265.6159889280984,267.88193422863776,264.59781690250213,267.1332702636719,41466800,-0.0127277860106013,-0.0203537881814691,-0.0199230509385857,0.0324458714540212,0.0189343245208933,0.0122939285057756,44611620.0,0.9295067069969662,270.5771179199219,-0.0183353604693644,0.0115840397522204,neutral,0.0,0
2026-04-28,AAPL,271.8548539018017,272.7432830913257,268.181416710472,270.2277526855469,40018900,0.0115840397522204,-0.0099476810342099,0.0170566859346577,0.0458989311892232,0.0190157681044511,0.0168815613330513,43776440.0,0.9141652450496204,267.1332702636719,0.0176750115531075,-0.0019947321363735,neutral,0.0,0
2026-04-29,AAPL,267.07336249706583,270.5571659728108,266.56429174844374,269.688720703125,30047900,-0.0019947321363735,-0.0032833420047728,-0.0109822960418743,0.0140374575464845,0.0169643488157358,0.0148054921019943,41789880.0,0.7190233616368364,270.2277526855469,-0.0116730800487086,0.0043676927881806,neutral,0.0,0
2026-04-30,AAPL,270.018146234023,275.50834883767226,267.6623648300734,270.8666381835937,91848200,0.0043676927881806,0.0139756755728586,-0.0076069515472911,0.0301824050586629,0.0163540197592964,0.0289662250774525,46642390.0,1.969200120319735,269.688720703125,0.0012215028127209,0.0323935150102112,spike,0.0,0
2026-05-01,AAPL,278.36321169794013,286.7083346607987,277.87409435408995,279.6409606933594,79915400,0.0323935150102112,0.0348343495968241,0.033498186554415,0.0366724164829475,0.0174477647621291,0.0315913673190242,48490310.0,1.6480694802734814,270.8666381835937,0.0276762526556159,-0.0118155353844561,neutral,0.0,0
2026-05-04,AAPL,279.16182884121525,280.13010214166496,274.3703610857382,276.3368530273437,46668400,-0.0118155353844561,0.0246511322642113,0.0344531504989531,0.0138436876879819,0.0179122974461506,0.0208431882784626,49498130.0,0.942831577677783,279.6409606933594,-0.0017133822275396,0.0265506174153833,spike,0.0,0
2026-05-05,AAPL,276.43668191704,284.0630869835518,276.00745521106614,283.6737670898437,49311700,0.0265506174153833,0.0472820462207284,0.0497580809915678,0.06766347488641,0.0167752847883054,0.028397521050772,49408320.0,0.9980444589089448,276.3368530273437,0.0003612579668714,0.0117179187776521,neutral,0.0,0
2026-05-06,AAPL,281.4177950537395,287.5168959460148,280.5693031693742,286.9978332519531,58336100,0.0117179187776521,0.0263082795179669,0.0641818185933036,0.0524946588191317,0.0154643488145283,0.0242078230971916,50917010.0,1.1457094593732036,283.6737670898437,-0.0079526988316466,-0.0002435044652232,neutral,0.0,0
2026-05-07,AAPL,288.7546745760609,291.60959552514373,285.2709015174152,286.9279479980469,45224300,-0.0002435044652232,0.0383267553881248,0.0592960060425264,0.0512379926503219,0.01550570110952,0.0220915879821217,52099480.0,0.8680374545005056,286.9978332519531,0.0061214445565707,0.0204564853109241,spike,0.0,0
2026-05-08,AAPL,289.49338424193445,294.2349225642168,289.48339230776435,292.7974853515625,52692800,0.0204564853109241,0.0321627140758109,0.0470479168201325,0.0821221232691848,0.0153634963483894,0.0162280432523089,53553050.0,0.983936489144876,286.9279479980469,0.0089410469136489,-0.0012626131025762,neutral,0.0,0
2026-05-11,AAPL,291.72841688276577,293.6267735875138,289.979924827367,292.42779541015625,42247300,-0.0012626131025762,0.0189198716125365,0.0582294478877212,0.0946887863182208,0.0140106349510669,0.0124709375011079,53631100.0,0.7877388306411764,292.7974853515625,-0.0036512214833849,0.007243374589372,neutral,0.0,0
2026-05-12,AAPL,292.3078994315659,295.0155556946294,292.3078994315659,294.54595947265625,45748100,0.007243374589372,0.026550259491143,0.0383263933579349,0.0899915221343217,0.0139949513284901,0.0091926443938026,54204020.0,0.8439982864739553,292.42779541015625,-0.0004100019918496,0.0138059873916276,neutral,0.0,0
2026-05-13,AAPL,293.24708951115105,300.6607090744109,293.24708951115105,298.6124572753906,52684300,0.0138059873916276,0.0198600473526815,0.0404693787818291,0.1072485957026918,0.0135324698875352,0.0248268931273109,56467660.0,0.9329995257462412,294.54595947265625,-0.0044097361370383,-0.0022082930971525,neutral,0.0,0
2026-05-14,AAPL,299.5616620172475,300.1911240450107,295.12548538387824,297.9530334472656,35324900,-0.0022082930971525,0.0188943668277488,0.0384245784565182,0.0999990085353839,0.0140054426353749,0.0170014669846583,50815330.0,0.6951622669773079,298.6124572753906,0.0031787178288462,0.006773819369938,neutral,0.0,0
2026-05-15,AAPL,297.643304079477,302.93875555297063,296.26448829773227,299.9713134765625,54862800,0.006773819369938,0.0184193801660683,0.0245009895368,0.0727016268746709,0.0115057798527362,0.0222496850711687,48310070.0,1.1356390085959305,297.9530334472656,-0.0010395241297097,-0.0079606611146492,neutral,0.0,0
2026-05-18,AAPL,299.98126929450746,300.4009207908792,294.6558756451712,297.5833435058594,34483000,-0.0079606611146492,-0.0034463189477127,0.0176301575179336,0.0768861997440975,0.0108472868261803,0.0193056677098423,47091530.0,0.7322548237443124,299.9713134765625,3.318923342892852e-05,0.0037939903054091,neutral,0.0,0
2026-05-19,AAPL,296.7140952726279,300.2510533099592,296.09463441963413,298.7123718261719,42243600,0.0037939903054091,0.00254851702673,0.0141452028775916,0.053013730845141,0.0085467169645517,0.0139144517681504,46384720.0,0.910722324075687,297.5833435058594,-0.0029210244867564,0.0109710593574492,neutral,0.0,0
2026-05-20,AAPL,297.9230626302997,302.5390768782648,297.82314269813475,301.98956298828125,38229800,0.0109710593574492,0.0067281417290472,0.0113093262876711,0.0522363864788031,0.0084865961065539,0.0156162157839641,44374090.0,0.8615342872383411,298.7123718261719,-0.0026423719615185,0.0090652466137959,neutral,0.0,0
2026-05-21,AAPL,300.80056674721834,305.27671719779084,300.1411318265125,304.7271728515625,42965100,0.0090652466137959,0.024006146518622,0.0227355946872607,0.0620337787855953,0.0083401138517647,0.0168530601430151,44148170.0,0.9732022867539016,301.98956298828125,-0.0039372097144597,0.0125578600542797,neutral,0.0,0
2026-05-22,AAPL,305.85620846339293,311.13165741506583,305.5764509618376,308.55389404296875,43670200,0.0125578600542797,0.0329464834570825,0.0286113377540577,0.0538133333778036,0.0071091951643066,0.0180040069513904,43245910.0,1.0098111012116522,304.7271728515625,0.0037050703462549,-0.0015867357868807,neutral,0.0,0
2026-05-26,AAPL,309.2932516306072,311.5513139598484,307.4048960873393,308.0643005371094,48000500,-0.0015867357868807,0.0201157201881969,0.0352202408500852,0.0534713367620254,0.0071429869272566,0.0134595857594659,43821230.0,1.0953708967091975,308.55389404296875,0.0023962024201045,0.0081731404087175,neutral,0.0,0
2026-05-27,AAPL,308.0643052358437,312.9900803339556,308.0343323058515,310.5821533203125,50430900,0.0081731404087175,0.0192138443511962,0.0397364910652175,0.0544437746705703,0.0071778468513112,0.0159563193671115,44289510.0,1.1386646634835202,308.0643005371094,1.5252446625617995e-08,0.0053401952372549,neutral,0.0,0
2026-05-28,AAPL,310.412282475935,312.5304508120942,309.30325358892543,312.24072265625,48220400,0.0053401952372549,0.0119487346763733,0.033945410452369,0.0456386364628147,0.0065390176409641,0.0103356064376063,43843120.0,1.099839609954766,310.5821533203125,-0.0005469433531884,-0.0014399642515899,neutral,0.0,0
2026-05-29,AAPL,311.5113496628706,314.7285763294451,309.2632884033746,311.7911071777344,70026800,-0.0014399642515899,0.0120974959906985,0.023181176329204,0.0464438088458594,0.0064555235861176,0.0175286844308714,47313310.0,1.4800655460376797,312.24072265625,-0.0023359316721232,-0.0184259782273675,crash,0.0,0
2026-06-01,AAPL,309.363197507879,310.6720662449624,304.7571540774977,306.0460510253906,48849900,-0.0184259782273675,-0.0146051608130994,-0.008127730895624,0.0202510616046049,0.0096347666022943,0.0193268697558655,46712020.0,1.0457672350714011,311.7911071777344,-0.0077869753625504,0.0290229352954181,spike,0.0,0
2026-06-02,AAPL,307.1950545511415,315.1781903378333,306.42572903356995,314.92840576171875,44534700,0.0290229352954181,0.0086077276615441,0.022281404280346,0.0582864015556632,0.0121385219739146,0.0277919080785797,47717190.0,0.9333051673830752,306.0460510253906,0.0037543484776267,-0.015672643076158,crash,0.0,0
2026-06-03,AAPL,313.9092501546009,316.6668815001487,308.5838566628498,309.9926452636719,50836700,-0.015672643076158,-0.0057681629548121,-0.0018980744718858,0.0377629937740384,0.013917184149964,0.0260748922943757,48576500.0,1.046528671271088,314.92840576171875,-0.0032361501486435,0.0031264523881506,neutral,0.0,0
2026-06-04,AAPL,312.96009909963743,313.26982953176514,309.3831669286496,310.9618225097656,44869100,0.0031264523881506,0.0160621954372714,-0.0040958787681654,0.0297104953982549,0.0136872850413016,0.0124988417283716,49240430.0,0.9112247801247876,309.9926452636719,0.0095726588398299,-0.0124988260085261,neutral,0.0,0
2026-06-05,AAPL,312.5903972939029,314.8984348439246,306.8853260765596,307.0751647949219,65310500,-0.0124988260085261,-0.0249365913747989,-0.0151253267788814,0.0077052266832242,0.0143127513413278,0.0260949424962989,51474970.0,1.2687817010869555,310.9618225097656,0.0052372177748159,-0.0188715453886555,crash,0.0,0
2026-06-08,AAPL,308.4739595974908,317.1265012321255,300.9105055796523,301.2801818847656,77949100,-0.0188715453886555,-0.0281053873761929,-0.0155723922091371,-0.0235735548914841,0.0148973691073389,0.0538236386841918,54902860.0,1.4197639248665734,307.0751647949219,0.0045552195779268,-0.0364463411899235,crash,0.0,0
2026-06-09,AAPL,300.0212482417878,300.4908444635933,287.5320194610898,290.29962158203125,70108800,-0.0364463411899235,-0.0664461018428893,-0.0782043909952097,-0.057665490367126,0.0183862679522641,0.0446394829310573,57113690.0,1.2275305622872554,301.2801818847656,-0.0041786141892974,0.0035450055495178,neutral,0.0,0
2026-06-10,AAPL,290.4894628291428,294.4960172141002,287.1323727394638,291.3287353515625,52793300,0.0035450055495178,-0.0512787462114545,-0.0602075894292083,-0.0619913854125848,0.0180515210703161,0.0252760664537616,57349930.0,0.9205468951749376,290.29962158203125,0.0006539493440499,0.013889837486094,neutral,0.0,0
2026-06-11,AAPL,293.4668864344149,296.7440586571729,289.3404406054596,295.375244140625,42572500,0.013889837486094,-0.0195994894426848,-0.0501237683884848,-0.0540143462779274,0.018845515036758,0.0250651271512399,56785140.0,0.7497119845086232,291.3287353515625,0.0073393071928595,-0.0152216336310819,crash,0.0,0
2026-06-12,AAPL,295.7749221682621,296.88398158337014,289.3704417369658,290.879150390625,38742100,-0.0152216336310819,0.0019963126559914,-0.0527428338762376,-0.0670704080574968,0.0190286366376492,0.0258304517058521,53656670.0,0.7220369806773324,295.375244140625,0.0013531195845472,0.0181705388684794,spike,0.0,0
2026-06-15,AAPL,293.8665449684006,297.5233947188816,291.4486474146935,296.1645812988281,45732600,0.0181705388684794,0.0165992755277983,-0.0169795455975066,-0.0322875256630665,0.0200276514150451,0.0205113902464209,53344940.0,0.8572996801571058,290.879150390625,0.0102702258782171,0.0095135140927802,neutral,0.0,0
2026-06-16,AAPL,294.99559499590845,300.2210994929347,293.71669913987887,298.9821472167969,39874400,0.0095135140927802,0.0122112571981647,0.0299088424140854,-0.0506345513874894,0.0173182249240135,0.0217551462975458,52878910.0,0.7540700063598134,296.1645812988281,-0.0039470834013746,-0.010994537435617,neutral,0.0,0
2026-06-17,AAPL,300.59074812548096,301.8096980081642,294.10632015937927,295.6949768066406,42745100,-0.010994537435617,0.0165561072684252,0.0149873353543692,-0.0461226054084928,0.0170605607428326,0.0260517710918786,52069750.0,0.8209200159401572,298.9821472167969,0.0053802573954947,0.0069606442466163,neutral,0.0,0
2026-06-18,AAPL,297.8530937792582,300.31099586682666,295.3652492546472,297.7532043457031,85962200,0.0069606442466163,0.0053639872800053,0.0080506415220973,-0.0424766553574199,0.0172944499633075,0.0166102212839235,56179060.0,1.5301466418270435,295.6949768066406,0.0072984566593729,-0.0033555138136291,neutral,0.0,0
2026-06-22,AAPL,297.05381866220307,302.1594314563154,296.5043047694293,296.75408935546875,44879900,-0.0033555138136291,-0.0074521434877264,0.0201971813963091,-0.0336109090630822,0.0170466005234568,0.0190566091243044,54136000.0,0.8290213536279001,297.7532043457031,-0.0023488771012117,-0.0091243987322962,neutral,0.0,0
2026-06-23,AAPL,297.2836155142734,301.3800886038737,293.9264950024863,294.04638671875,52010900,-0.0091243987322962,-0.0055753063704178,-0.0071520860826396,-0.0240101925083888,0.0163192418190713,0.025348359776026,51542180.0,1.0090939110452837,296.75408935546875,0.0017843938055065,-0.0041454807068002,neutral,0.0,0
2026-06-24,AAPL,295.1054570720635,299.4417438827621,292.68755959702736,292.8274230957031,53081900,-0.0041454807068002,-0.01654316789243,-0.0205855907397402,0.0087075604849093,0.0112069608855051,0.0230654090191796,49839490.0,1.0650570461294848,294.04638671875,0.0036017118425823,-0.0611777410540438,crash,0.0,0
2026-06-25,AAPL,287.1523472601469,288.55113481081804,273.5141152813601,274.91290283203125,107013700,-0.0611777410540438,-0.0736002882753029,-0.0702821339714508,-0.0563481405283325,0.0225121960252521,0.0546973946095407,55261530.0,1.9364954245747448,292.8274230957031,-0.0193802744823577,0.0313646922531616,spike,0.0,0
2026-06-26,AAPL,274.7630284991681,285.70360492137456,273.9737007161028,283.53546142578125,261775500,0.0313646922531616,-0.0357458066744491,-0.0477500920642134,-0.0400838694159723,0.0247552186880272,0.0413701487153915,77181830.0,3.3916726255389382,274.91290283203125,-0.0005451702387163,-0.0071886546929303,neutral,0.0,0
2026-06-29,AAPL,286.4829438934296,288.12151489662153,279.6088673150861,281.4972229003906,66427000,-0.0071886546929303,-0.0386924150598064,-0.0514124893382769,-0.0322536953151687,0.0244721610366982,0.0302406094590413,79950320.0,0.8308534599986591,283.53546142578125,0.0103954632440918,0.0270462129588564,spike,0.0,0
2026-06-30,AAPL,280.9277417485351,289.69017405322865,280.45814550695326,289.11065673828125,65100200,0.0270462129588564,0.0516445527292135,-0.016785548822913,-0.0238175832154268,0.025465978372911,0.0319325086471396,81887080.0,0.7949996507385536,281.4972229003906,-0.0020230435880962,0.0173486722756703,spike,0.0,0
2026-07-01,AAPL,293.1871503157195,296.33442991747245,288.95081360688545,294.1263427734375,50164200,0.0173486722756703,0.037352933895461,0.0044357856378425,-0.0162411183696474,0.0259787121096335,0.025103553258657,82916060.0,0.6049998034156471,289.11065673828125,0.0141001152410944,0.0484067536479817,spike,0.0,0
2026-07-02,AAPL,293.866538367699,309.15337194761725,293.4269150966668,308.3640441894531,75352800,0.0484067536479817,0.0954425802579568,0.1216790518481416,0.0428450544531806,0.0300020901166872,0.0509996452157321,86176830.0,0.8743974453458081,294.1263427734375,-0.0008833088641048,0.0130577814399623,neutral,0.0,0
2026-07-06,AAPL,307.0951430290638,313.9292760509671,306.7354678654279,312.3905944824219,53590000,0.0130577814399623,0.0805225860809928,0.1017690447309138,0.0491594714115122,0.0301168239615441,0.023028248329493,82939610.0,0.6461327705784968,308.3640441894531,-0.0041149452548031,-0.0063967707444452,neutral,0.0,0
2026-07-07,AAPL,315.0183186077797,315.2081573213481,309.88273318392555,310.3923034667969,42490000,-0.0063967707444452,0.0553026313113642,0.1026478352741366,0.045957965199231,0.0302282289546726,0.017157075346078,82700620.0,0.5137809124042843,312.3905944824219,0.0084116621043329,0.0087877859803449,neutral,0.0,0
2026-07-08,AAPL,311.6412289475945,314.5487250421545,306.7854009831778,313.1199645996094,41323500,0.0087877859803449,0.0154230705549909,0.0830453921422296,0.0648658808349953,0.0298317028070726,0.0247934495933651,81631880.0,0.5062176688813244,310.3923034667969,0.0040236999012163,0.0090302295787214,neutral,0.0,0
2026-07-09,AAPL,310.24243869469103,316.2572401947346,307.8944576262147,315.947509765625,48124500,0.0090302295787214,0.0113861151584808,0.0741897743208812,0.0789546498941311,0.0295889392497066,0.0264688985038164,81136140.0,0.5931327272902063,313.1199645996094,-0.0091898512718531,-0.0028460437625229,neutral,0.0,0
2026-07-10,AAPL,314.4488202226986,316.6369356310425,311.9010296470402,315.0483093261719,34132300,-0.0028460437625229,0.0150003908195264,0.0216765386972679,0.1459931712214428,0.0178515843963696,0.0150323167711373,73848000.0,0.4621966742498104,315.947509765625,-0.0047434763579499,0.0063109392228586,neutral,0.0,0
2026-07-13,AAPL,316.7468014245228,323.171283634363,315.5078797345754,317.0365600585937,43257800,0.0063109392228586,0.0125082904374766,0.0148722965999326,0.1181548807487762,0.0168522006873455,0.0241719879195361,51996230.0,0.8319410849594288,315.0483093261719,0.0053912115954015,-0.0077211157480072,neutral,0.0,0
2026-07-14,AAPL,313.48965629761443,315.91755515351207,311.64124426456783,314.58868408203125,36336800,-0.0077211157480072,-0.0043007956752112,0.0135196026717308,0.1175551958938871,0.0169180162307897,0.0135933398285526,48987210.0,0.7417609616877548,317.0365600585937,-0.0111876805637928,0.0401448637922199,spike,0.0,0
2026-07-15,AAPL,317.34631234952286,328.44675508114506,317.0465830462295,327.2178039550781,60957600,0.0401448637922199,0.0386273922717899,0.0450237638902899,0.131808172160508,0.0186869975563478,0.034839705838502,48572950.0,1.254970101671815,314.58868408203125,0.0087658215537483,0.0175877819936127,spike,0.0,0
2026-07-16,AAPL,327.72736328456057,334.3915986652446,326.50841333986017,332.97283935546875,62970600,0.0175877819936127,0.0502663771456823,0.0538865762938705,0.1320741835489189,0.0186938830632795,0.0236751602342215,49853590.0,1.2631106405777397,327.2178039550781,0.0015572481794187,0.0014402172368908,neutral,0.0,0
2026-07-17,AAPL,331.693929977533,334.7013154010385,328.7164869908464,333.452392578125,63407100,0.0014402172368908,0.0599630865653606,0.0584167021601098,0.0813595127623183,0.0140253154955503,0.0179480745779621,48659020.0,1.3030903622802104,332.97283935546875,-0.0038408819782758,-0.0214238359199339,crash,0.0,0
2026-07-20,AAPL,333.2226134619852,333.4224228207836,323.4010672140761,326.3085632324219,53468000,-0.0214238359199339,-0.0027787018666657,0.0292458484034603,0.0445530979351658,0.0166249490698944,0.0307112859908905,48646820.0,1.099105758608682,333.452392578125,-0.0006890912203785,0.003521260130602,neutral,0.0,0
2026-07-21,AAPL,322.85156758462244,329.3159936819017,321.94234806189104,327.45758056640625,41338900,0.003521260130602,-0.0165636896983498,0.0409070546257135,0.0549797044224547,0.0161934570371916,0.0225178650842543,48531710.0,0.8517915400054933,326.3085632324219,-0.0105942535297092,-0.0056446660012506,neutral,0.0,0
2026-07-22,AAPL,327.58746619388995,328.7164973399543,323.0613709608057,325.60919189453125,38755900,-0.0056446660012506,-0.0235212008015691,-0.004916028532383,0.0398863972499869,0.0165063362975414,0.0173678339553152,48274950.0,0.8028159532014015,327.45758056640625,0.0003966487117477,-0.0129798205399621,neutral,0.0,0
2026-07-23,AAPL,321.4527900194849,323.0214140443725,319.0748358849152,321.3828430175781,40840800,-0.0129798205399621,-0.0150952833295253,-0.0348076328397392,0.0172032792915035,0.0172190407676071,0.0122799901898976,47546580.0,0.8589639885770964,325.60919189453125,-0.0127650016600043,0.0353167241362775,spike,0.0,0
2026-07-24,AAPL,321.5127284115298,334.0818750563203,321.3428614810286,332.7330322265625,47489400,0.0353167241362775,0.0161103360350713,-0.0021573105114066,0.0561333686830913,0.020059993852087,0.0382859900925542,48882290.0,0.9715052220344014,321.3828430175781,0.0004041453885096,0.0116810095133483,neutral,0.0,0
2026-07-27,AAPL,334.2517370375488,339.277401491225,333.73216560461384,336.61968994140625,49604300,0.0116810095133483,0.0338150713215781,0.0315993138728634,0.0617693110195027,0.0201511687747594,0.0164732962815586,49516940.0,1.0017642447210997,332.7330322265625,0.004564334357859,0.009408945533389,neutral,0.0,0
2026-07-28,AAPL,339.73698155301014,342.59453283396704,335.31080637618777,339.78692626953125,51859000,0.009408945533389,0.0572652948089904,0.0376517339491693,0.0800990101122944,0.01955632375577,0.0214361586472622,51069160.0,1.0154660855984317,336.61968994140625,0.0092605741872868,-0.0055574127067582,neutral,0.0,0
2026-07-29,AAPL,339.43727163464206,344.2730974331505,337.0593175600121,337.8985900878906,56090800,-0.0055574127067582,0.0155246319452011,0.0377427864424051,0.0326412132949796,0.0162447556924966,0.0213489493142365,50582480.0,1.1088977843711894,339.78692626953125,-0.0010290408719605,-0.0140749933550157,neutral,0.0,0
2026-07-30,AAPL,332.8129674612056,334.4615395264105,329.30598233808786,333.1426696777344,74817800,-0.0140749933550157,-0.0103292242479252,0.0365913330958773,0.0005100425686201,0.0162437783482978,0.0154755234245732,51767200.0,1.445274227696302,337.8985900878906,-0.0150507364513188,-0.0735385844020827,crash,0.0,0
2026-07-31,AAPL,304.5473560391476,310.4222943774597,299.7415030462749,308.6438293457031,132489100,-0.0735385844020827,-0.0916547827950399,-0.0723979904239164,-0.0743991159895769,0.0283700044690806,0.0346055560346925,58675400.0,2.258000797608538,333.1426696777344,-0.0858350377820063,-0.0177721356729985,crash,0.0,0
2026-08-03,AAPL,309.313234694189,311.5313230344714,302.29929450581176,303.1585693359375,75052000,-0.0177721356729985,-0.102811973092036,-0.0994033373724905,-0.0709451007572705,0.0281913630922462,0.0304528041179315,60833800.0,1.2337220426802205,308.6438293457031,0.0021688603005767,0.0196426378360965,spike,0.0,0
2026-08-04,AAPL,302.46913991298527,310.1525156602479,301.0603512911937,309.1134033203125,68001000,0.0196426378360965,-0.0721290562408789,-0.0902728168089886,-0.0560200109411536,0.0292968677484836,0.0294136853057537,63500010.0,1.070881721120989,303.1585693359375,-0.0022741544943374,0.0052363365961669,neutral,0.0,0
2026-08-05,AAPL,309.09342362565195,311.4414048335362,305.406631186344,310.7320251464844,49438800,0.0052363365961669,0.0067657137523469,-0.0803985744194433,-0.045690254201625,0.0294862341263669,0.0194211512133237,64568300.0,0.7656822310638502,309.1134033203125,-6.463548473129545e-05,0.0045337552777839,neutral,0.0,0
2026-08-06,AAPL,314.06913775687,316.0174696892129,308.96355554648414,312.14080810546875,46139900,0.0045337552777839,0.0296288466765319,-0.0630416439676784,-0.0287570886651341,0.0294310776436716,0.0225985002907575,65098210.0,0.7087737128255908,310.7320251464844,0.0107395193939616,0.0029447910342257,neutral,0.0,0
2026-08-07,AAPL,311.1816431226555,314.53873325457766,310.47223295908327,313.0599975585937,34437200,0.0029447910342257,0.01276746396594,0.0143082990586671,-0.0591255834634811,0.0264357521126919,0.0129895238203766,63792990.0,0.539827338395645,312.14080810546875,-0.003072859933422,-0.0153324852437281,crash,0.0,0
2026-08-10,AAPL,306.8299865722656,308.260009765625,304.6099853515625,308.260009765625,44812500,-0.0153324852437281,-0.0079554573742246,0.0168276306385206,-0.0842484293795103,0.0258299469794224,0.0118407328178496,63313810.0,0.707783973196369,313.0599975585937,-0.0199003738417969,-0.0108674690111854,neutral,0.0,0
2026-08-11,AAPL,307.75,309.9700012207031,302.7900085449219,304.9100036621094,37476700,-0.0108674690111854,-0.0231652006261102,-0.0135982445699627,-0.1026435095379633,0.0250564413648589,0.0235479078729665,61875580.0,0.6056783629341334,308.260009765625,-0.0016544791716991,-0.0087238976424568,neutral,0.0,0
2026-08-12,AAPL,305.1000061035156,305.6600036621094,300.57000732421875,302.25,41657800,-0.0087238976424568,-0.0345301144920965,-0.0272969132888243,-0.105500854793795,0.0250073007051342,0.016840351820978,60432280.0,0.6893302718348538,304.9100036621094,0.000623142694973,0.0099586758167906,neutral,0.0,0
2026-08-13,AAPL,304.2099914550781,306.0,302.04998779296875,305.260009765625,40349300,0.0099586758167906,-0.0097320440698128,-0.0220438922472412,-0.0836958530082071,0.0257994198963503,0.0129398286073043,56985430.0,0.708063447095161,302.25,0.0064846698265612,0.0021947942367905,neutral,0.0,0
2026-08-14,AAPL,306.0,307.489990234375,304.29998779296875,305.92999267578125,28229400,0.0021947942367905,0.0033452133463032,-0.0227752026398005,-0.0087927779916253,0.0119485670211277,0.0104272301434235,46559460.0,0.6063085783211403,305.260009765625,0.0024241309398605,-0.0011113534012042,neutral,0.0,0
2026-08-17,AAPL,306.2099914550781,307.6600036621094,302.94000244140625,305.5899963378906,38169300,-0.0011113534012042,0.0110504428052626,-0.008661562781901,0.0080203142773733,0.0103806235520371,0.0154455357742935,42871190.0,0.890325181083147,305.92999267578125,0.0009152380806075,0.0145292794090581,neutral,0.0,0
2026-08-18,AAPL,307.5799865722656,311.489990234375,305.739990234375,310.0299987792969,53424500,0.0145292794090581,0.0156259872275252,0.0167918239995212,0.0029652401000372,0.009434782864779,0.0185465923382894,41413540.0,1.2900249531916372,305.5899963378906,0.0065119613149072,0.021933322000267,spike,0.0,0
2026-08-19,AAPL,310.1400146484375,319.2799987792969,309.6000061035156,316.8299865722656,50505600,0.021933322000267,0.0356290463747892,0.0482381689735835,0.0196245025690755,0.0116222016037353,0.0305526404886973,41520220.0,1.216409739640108,310.0299987792969,0.0003548555609902,-0.0174541521120682,crash,0.0,0
2026-08-20,AAPL,317.4599914550781,320.2799987792969,310.6499938964844,311.29998779296875,40959200,-0.0174541521120682,0.0186851386612949,0.0197863389704442,-0.0026937212010289,0.0130794100857444,0.0309348064903136,41002150.0,0.9989524939545852,316.8299865722656,0.0019884635593632,-0.0062639953932474,neutral,0.0,0
2026-08-21,AAPL,312.04998779296875,312.3800048828125,307.010009765625,309.3500061035156,46876800,-0.0062639953932474,-0.0021933125131717,0.0111790720413569,-0.0118507362295103,0.0131578981919494,0.017358962376715,42246110.0,1.1096122222850815,311.29998779296875,0.0024092516203334,0.0032002269754076,neutral,0.0,0
2026-08-24,AAPL,311.4700012207031,313.3599853515625,309.9700012207031,310.3399963378906,34673600,0.0032002269754076,-0.0204841413673914,0.0155437025325526,0.0067475069953026,0.0122032034782848,0.0109234522487022,41232220.0,0.8409345895030634,309.3500061035156,0.0068530631173742,-0.0014178077160482,neutral,0.0,0
2026-08-25,AAPL,310.7900085449219,313.5899963378906,308.2099914550781,309.8999938964844,25869800,-0.0014178077160482,-0.0044972500847492,-0.0004193300110453,0.0163654526727325,0.011553091933221,0.0173604549492491,40071530.0,0.6455905227476965,310.3399963378906,0.0014500619073968,0.0114553674748787,neutral,0.0,0
2026-08-26,AAPL,310.29998779296875,315.42999267578125,308.79998779296875,313.45001220703125,34024500,0.0114553674748787,0.013253615718836,-0.0106681012166865,0.0370554580877791,0.0112924746949256,0.0211517135894492,39308200.0,0.8655827537256857,309.8999938964844,0.0012907192783552,0.0036049587533211,neutral,0.0,0
2026-08-27,AAPL,310.54998779296875,315.3999938964844,309.3999938964844,314.5799865722656,32419200,0.0036049587533211,0.0136624034427021,0.0105364564982837,0.0305312733685503,0.0110780656769886,0.0190730505947862,38515190.0,0.8417250440670292,313.45001220703125,-0.0092519518300323,0.0162757513297477,spike,0.0,0
2026-08-28,AAPL,316.8500061035156,322.3699951171875,315.45001220703125,319.70001220703125,38649400,0.0162757513297477,0.0316231639353319,0.0334572681406455,0.0450103613928536,0.0118246121985891,0.021645238179331,39557190.0,0.977051201058518,314.5799865722656,0.007216032895114,-0.0089146261954785,neutral,0.0,0
2026-08-31,AAPL,319.6000061035156,321.239990234375,312.79998779296875,316.8500061035156,41242700,-0.0089146261954785,0.0108470051493847,0.0209770246904852,0.0368467878548446,0.0124738892375208,0.0266372172284222,39864530.0,1.0345713344670062,319.70001220703125,-0.0003128123231063,0.0261322348739099,spike,0.0,0
2026-09-01,AAPL,316.9800109863281,327.29998779296875,314.7300109863281,325.1300048828125,53167400,0.0261322348739099,0.033536838835497,0.0491449218660371,0.0487049839143629,0.0140355506696443,0.0386613865772593,39838820.0,1.3345626200776026,316.8500061035156,0.0004103041827621,-0.0005229090676993,neutral,0.0,0
2026-09-02,AAPL,326.8699951171875,328.3999938964844,323.5299987792969,324.9599914550781,33776400,-0.0005229090676993,0.0164528590779051,0.0367203024399458,0.0256604653201224,0.0127357784928592,0.0149864452401695,38165900.0,0.8849889561100354,325.1300048828125,0.0053516753552233,0.010001231183714,neutral,0.0,0
2026-09-03,AAPL,324.8699951171875,330.8099975585937,324.1099853515625,328.2099914550781,37225800,0.010001231183714,0.0358528803305471,0.043327628789511,0.0543206049637092,0.010731614574396,0.0204137972074753,37792560.0,0.98500339749411,324.9599914550781,-0.0002769459018251,-0.0251058482340651,crash,0.0,0
2026-09-04,AAPL,328.3099975585937,328.92999267578125,317.8599853515625,319.9700012207031,39606900,-0.0251058482340651,-0.0158705858721627,0.0008445073611602,0.0343300304110347,0.014118035236545,0.0345970162264776,37065570.0,1.0685630896813405,328.2099914550781,0.0003047015816678,-0.011719848691107,neutral,0.0,0
2026-09-08,AAPL,317.1000061035156,320.70001220703125,314.8999938964844,316.2200012207031,35477100,-0.011719848691107,-0.0268955885776578,-0.001988337922287,0.0189469773545092,0.0149156656328553,0.0183417187026661,37145920.0,0.9550739354416312,319.9700012207031,-0.0089695756047076,-0.00278288811402,neutral,0.0,0
2026-09-09,AAPL,315.489990234375,319.1499938964844,309.8999938964844,315.3399963378906,65640000,-0.00278288811402,-0.0392126853302972,-0.0301110583394187,0.0175540579172239,0.0149563968262959,0.0293334182387968,41122940.0,1.59618937751046,316.2200012207031,-0.0023085541189996,0.0356123901717022,spike,0.0,0
2026-09-10,AAPL,316.6700134277344,326.739990234375,316.510009765625,326.57000732421875,70011900,0.0356123901717022,0.0206269527716231,0.0049545048974535,0.0418567382556738,0.0182662224958292,0.0313255358401412,44721680.0,1.5655024587627298,315.3399963378906,0.0042177240606631,0.0174540881330667,spike,0.0,0
2026-09-11,AAPL,327.45001220703125,336.2200012207031,326.29998779296875,332.2699890136719,50716900,0.0174540881330667,0.0507557641231137,0.0123701217644054,0.0562337185978056,0.0187303175618871,0.029855279609156,46551450.0,1.089480563978136,326.57000732421875,0.0026946898462075,0.0024377692400032,neutral,0.0,0
2026-09-14,AAPL,334.7900085449219,335.5,331.3399963378906,333.0799865722656,39269100,0.0024377692400032,0.056256708442929,0.0409725452434515,0.0418516542206754,0.0183650970809227,0.0124895035121145,46613420.0,0.8424419405398703,332.2699890136719,0.0075842526095437,-0.0052239411088047,neutral,0.0,0
2026-09-15,AAPL,330.1400146484375,331.7799987792969,328.3500061035156,331.3399963378906,31748200,-0.0052239411088047,0.0146063291382916,0.0478147968465618,0.0457313869504585,0.0181061977429021,0.0103518823978118,45663970.0,0.6952571140879779,333.0799865722656,-0.0088266243615638,0.0032293334219983,neutral,0.0,0
2026-09-16,AAPL,332.5299987792969,335.4800109863281,330.70001220703125,332.4100036621094,35981000,0.0032293334219983,0.0004213881875192,0.0541320718033118,0.0223910394917898,0.0164573180880841,0.014379828304312,43945330.0,0.8187673183931035,331.3399963378906,0.0035914844406309,0.0138082376803445,neutral,0.0,0
2026-09-17,AAPL,334.7699890136719,338.3399963378906,330.17999267578125,337.0,36700200,0.0138082376803445,0.0117689851860369,0.0319379993320279,0.0370507412035867,0.0168009094620161,0.0242136607184254,44237710.0,0.8296134677857421,332.4100036621094,0.0070996219294332,-0.0025815878848294,neutral,0.0,0
2026-09-18,AAPL,337.9100036621094,338.489990234375,332.5299987792969,336.1300048828125,86588200,-0.0025815878848294,0.0144564755171818,0.011617106560237,0.0241309333473425,0.0167535840454109,0.01773120925981,49173950.0,1.7608550868905182,337.0,0.0027003076026984,0.0084788803799567,neutral,0.0,0
2026-09-21,AAPL,335.2799987792969,339.6400146484375,333.04998779296875,338.9800109863281,34999200,0.0084788803799567,0.0197647701688818,0.0177135362432903,0.0594118501518916,0.013687610677807,0.0194407535603464,48713180.0,0.7184749589330854,336.1300048828125,-0.0025288016278462,0.0022714879601055,neutral,0.0,0
2026-09-22,AAPL,340.1400146484375,345.3399963378906,338.75,339.75,40711800,0.0022714879601055,0.0081602373887239,0.0253817943956669,0.074410216584859,0.0123382519241982,0.019396604379369,49236650.0,0.8268596665288966,338.9800109863281,0.0034220414906888,-0.0080353524248067,neutral,-0.14285714285714285,7
2026-09-23,AAPL,341.0799865722656,341.79998779296875,335.5,337.0199890136719,31658800,-0.0080353524248067,0.0026477378333709,0.0138683712908005,0.0687511667646207,0.0129122272819099,0.0186932170148316,45838530.0,0.6906591463556968,339.75,0.0039146035975441,-0.0032638289175568,neutral,0.045454545454545456,22
2024-09-25,AMZN,193.75,193.9499969482422,192.1600036621093,192.52999877929688,26391100,,,,,,0.009297217563403,,,,,-0.0071157488488743,neutral,0.0,0
2024-09-26,AMZN,194.3099975585937,194.52999877929688,189.5399932861328,191.1600036621093,36334900,-0.0071157488488742,,,,,0.026103815639093,,,192.52999877929688,0.0092453061371351,-0.0166876039981919,crash,0.0,0
2024-09-27,AMZN,190.67999267578125,190.8999938964844,187.33999633789065,187.97000122070312,36002300,-0.016687603998192,,,,,0.0189391793130533,,,191.1600036621093,-0.0025110429856266,-0.0087247932063523,neutral,0.0,0
2024-09-30,AMZN,187.13999938964844,188.4900054931641,184.6499938964844,186.3300018310547,41583900,-0.0087247932063523,-0.0322027579470846,,,,0.0206086596841308,,,187.97000122070312,-0.0044156079462921,-0.0064401703238871,neutral,0.0,0
2024-10-01,AMZN,184.8999938964844,186.19000244140625,183.4499969482422,185.1300048828125,36044900,-0.0064401703238871,-0.031544249130458,,,,0.0148004398039015,,,186.3300018310547,-0.0076745984034652,-0.0019986515757438,neutral,0.0,0
2024-10-02,AMZN,184.44000244140625,186.6000061035156,184.0399932861328,184.759994506836,23704100,-0.001998651575744,-0.0170772287759798,-0.0403573693539982,,,0.013855882731627,,,185.1300048828125,-0.0037271237682029,-0.0151547297911681,crash,0.0,0
2024-10-03,AMZN,183.0500030517578,183.44000244140625,180.8800048828125,181.9600067138672,30204300,-0.0151547297911679,-0.0234529870350657,-0.0481272063820624,,,0.0140690122232153,,,184.759994506836,-0.0092552040805288,0.0250054277043618,spike,0.0,0
2024-10-04,AMZN,185.75,187.6000061035156,183.6000061035156,186.509994506836,40890300,0.0250054277043616,0.0074541651143853,-0.0077672325604387,,,0.0214465718610773,,,181.9600067138672,0.0208287159061968,-0.030614935516868,crash,0.0,0
2024-10-07,AMZN,182.9499969482422,183.6000061035156,180.25,180.8000030517578,42364200,-0.0306149355168677,-0.0214331650401279,-0.0296785205010137,,,0.0185287945075785,,,186.509994506836,-0.0190874358664103,0.0106194587197858,neutral,0.0,0
2024-10-08,AMZN,181.9199981689453,183.08999633789065,180.9199981689453,182.72000122070312,26372100,0.0106194587197858,0.0041767117981648,-0.0130178987659774,,,0.0118760844704912,33989210.0,0.775896232951575,180.8000030517578,0.0061946631542195,0.0134084770789975,neutral,0.0,0
2024-10-09,AMZN,182.82000732421875,185.8500061035156,182.0500030517578,185.1699981689453,26343100,0.0134084770789975,-0.0071845819385381,0.0022191149290935,-0.0382278120657371,0.0163071915279214,0.0205216994617602,33984410.0,0.7751524890383561,182.72000122070312,0.0005473188640953,0.0079926324035968,neutral,0.0,0
2024-10-10,AMZN,187.1300048828125,188.1300048828125,185.8300018310547,186.6499938964844,27785000,0.0079926324035968,0.0323561435065458,0.0257748241897586,-0.0235928524755457,0.0166588965460905,0.0123225455503276,33129420.0,0.8386805443620806,185.1699981689453,0.0105849043216975,0.0116261103600026,neutral,0.0,0
2024-10-11,AMZN,186.6300048828125,189.92999267578125,186.3000030517578,188.82000732421875,25751600,0.0116261103600026,0.0333844464906039,0.0123854639720024,0.0045220306325242,0.0163372179865031,0.0192246027074369,32104350.0,0.8021218308422379,186.6499938964844,-0.000107093567241,-0.006779016992029,neutral,0.0,0
2024-10-14,AMZN,189.77999877929688,189.8300018310547,187.3600006103516,187.5399932861328,22614400,-0.006779016992029,0.0127990232792742,0.0372787064192998,0.0064938090655697,0.0162253956060658,0.0131705306021557,30207400.0,0.748637751014652,188.82000732421875,0.0050841617299047,0.0007998782160802,neutral,0.0,0
2024-10-15,AMZN,187.6300048828125,188.4100036621093,184.5800018310547,187.69000244140625,32178900,0.0007998782160802,0.0055719720274871,0.0272000940646885,0.0138281072277517,0.0160284293471625,0.0204059980885253,29820800.0,1.0790756787208928,187.5399932861328,0.0004799594747897,-0.0042623636920009,neutral,0.0,0
2024-10-16,AMZN,187.0500030517578,187.77999877929688,185.6100006103516,186.88999938964844,23456800,-0.0042623636920009,-0.0102214164797501,0.009288768362647,0.0115284961362869,0.0160990116692282,0.0116110983788974,29796070.0,0.7872447608023474,187.69000244140625,-0.0034098746940356,0.0034244710350397,neutral,0.0,0
2024-10-17,AMZN,188.22000122070312,188.94000244140625,186.0,187.52999877929688,25039400,0.0034244710350397,-5.329266926379361e-05,0.0047147329846715,0.0306110785882114,0.0150302449897075,0.0156775047221448,29279580.0,0.8551830319970437,186.88999938964844,0.007116495454001,0.0077854568515487,neutral,0.0,0
2024-10-18,AMZN,187.1499938964844,190.7400054931641,186.27999877929688,188.9900054931641,37417700,0.0077854568515487,0.0069263308372733,0.0009003186227687,0.0132969334586368,0.0131080363050032,0.023599167068274,28932320.0,1.2932837739939278,187.52999877929688,-0.0020263685025652,0.0004233124965835,neutral,0.0,0
2024-10-21,AMZN,188.0500030517578,189.4600067138672,186.3999938964844,189.07000732421875,24639400,0.0004233124965835,0.0116646580431796,0.0081583347171798,0.0457411733012718,0.0068802861257426,0.0161845491026794,27159840.0,0.9071997478630212,188.9900054931641,-0.0049738209116051,0.0033320442144115,neutral,0.0,0
2024-10-22,AMZN,188.3500061035156,191.5200042724609,186.97999572753903,189.6999969482422,29650600,0.0033320442144115,0.0115714722074902,0.0107091186567778,0.0382005017562805,0.0065379807499854,0.0239325704689419,27487690.0,1.0786864956640592,189.07000732421875,-0.0038081197059906,-0.0263046405622054,crash,0.0,0
2024-10-23,AMZN,188.8500061035156,189.1600036621093,183.69000244140625,184.7100067138672,31937100,-0.0263046405622054,-0.0226466937663099,-0.0116645763973499,-0.0024841575829063,0.0107444167067487,0.0296139950293902,28047090.0,1.1386956721713375,189.6999969482422,-0.0044807109035352,0.0090411894767146,neutral,0.0,0
2024-10-24,AMZN,185.25,187.1100006103516,183.8600006103516,186.3800048828125,21647400,0.0090411894767146,-0.0142275471370422,-0.0061323196500299,-0.001446498915085,0.0108379214827086,0.0174374928364416,27433330.0,0.789091225892008,184.7100067138672,0.0029234652509612,0.0077797881224108,neutral,0.0,0
2024-10-25,AMZN,187.8500061035156,190.4499969482422,187.52999877929688,187.8300018310547,29362100,0.0077797881224108,-0.0098576444241994,-0.0061379100925597,-0.005243117544552,0.0104366946241018,0.0155459625218538,27794380.0,1.0564042083327636,186.3800048828125,0.0078871186940217,0.0029814063415569,neutral,0.0,0
2024-10-28,AMZN,189.57000732421875,190.2100067138672,188.2100067138672,188.38999938964844,27930800,0.0029814063415569,0.0199230823562357,-0.0035965933687421,0.0045323991358938,0.0102362111507863,0.0106162747835854,28326020.0,0.9860474574260696,187.8300018310547,0.0092637250503203,0.012951868195294,neutral,0.0,0
2024-10-29,AMZN,188.5800018310547,191.4600067138672,187.82000732421875,190.8300018310547,35690200,0.012951868195294,0.0238759353560493,0.0059567996889362,0.0167297104203976,0.0109707229508719,0.0190745656066753,28677150.0,1.2445518470280346,188.38999938964844,0.0010085590637604,0.0099564737109127,neutral,0.0,0
2024-10-30,AMZN,194.6999969482422,195.6100006103516,192.4199981689453,192.72999572753903,37707600,0.0099564737109127,0.0260873867258526,0.0434193531598725,0.0312483084004657,0.0110311636099876,0.0165516656053682,30102230.0,1.2526513816418252,190.8300018310547,0.0202798044335485,-0.0328438850795353,crash,0.0,0
2024-10-31,AMZN,190.509994506836,190.6000061035156,185.22999572753903,186.3999938964844,75146800,-0.0328438850795353,-0.0105632225681369,0.0001072487023727,-0.0060257286309822,0.0158401429495997,0.0288090694839762,35112970.0,2.1401436563184486,192.72999572753903,-0.0115187115130821,0.0618562186525604,spike,0.0,0
2024-11-01,AMZN,199.0,200.5,197.0200042724609,197.92999267578125,99687800,0.0618562186525604,0.0372058417261469,0.053771978631034,0.0473040209681381,0.0253516636154264,0.0175819524898355,41339980.0,2.411413841999924,186.3999938964844,0.0675966014811829,-0.0108623956754556,neutral,0.0,0
2024-11-04,AMZN,196.4499969482422,197.3300018310547,194.3099975585937,195.77999877929688,38492100,-0.0108623956754556,0.0158252639411127,0.0392271320855182,0.0354894546736426,0.0258208131686882,0.0154254994958163,42725250.0,0.9009215861814734,197.92999267578125,-0.0074773696877934,0.0190009257528736,spike,0.0,0
2024-11-05,AMZN,196.0399932861328,199.82000732421875,195.9900054931641,199.5,30564800,0.0190009257528736,0.0702790050024924,0.0454330979707322,0.0516605335235278,0.0262616705955691,0.0191980041656875,42816670.0,0.7138528054610506,195.77999877929688,0.0013279931987793,0.038045094425517,spike,0.0,0
2024-11-06,AMZN,200.009994506836,207.5500030517578,199.13999938964844,207.08999633789065,72292200,0.038045094425517,0.0462790077353962,0.0745083844169862,0.1211628434332316,0.0255151572458564,0.0406103810460622,46852180.0,1.5429847661304128,199.5,0.0025563634427867,0.0142933351016993,neutral,0.0,0
2024-11-07,AMZN,207.44000244140625,212.25,207.19000244140625,210.0500030517578,52878400,0.0142933351016993,0.0728879577149632,0.1268777356742148,0.1269985918490985,0.0255063269852613,0.0240894905264387,49975280.0,1.0580911202498515,207.08999633789065,0.0016901159385049,-0.008902691496347,neutral,0.0,0
2024-11-08,AMZN,209.72000122070312,209.9600067138672,207.44000244140625,208.17999267578125,36075800,-0.008902691496347,0.0435087352169485,0.0517859868604653,0.1083426004703473,0.0263670157568515,0.0121049301619756,50646650.0,0.7123037752743765,210.0500030517578,-0.0015710632052377,-0.0064367200741404,neutral,0.0,0
2024-11-11,AMZN,208.5,209.6499938964844,205.58999633789065,206.83999633789065,35456000,-0.0064367200741404,-0.0012072046183828,0.0564919686768501,0.0979351186794259,0.0268353202061563,0.0196286870550964,51399170.0,0.6898165865324284,208.17999267578125,0.0015371665648827,0.0100077710349459,neutral,0.0,0
2024-11-12,AMZN,208.3699951171875,209.5399932861328,206.009994506836,208.9100036621093,38942900,0.0100077710349459,-0.0054272762346381,0.0471679381559366,0.0947440216819848,0.0268118905704995,0.0168972223321878,51724440.0,0.7528916697793152,206.83999633789065,0.0073970160819257,0.0248432451793958,spike,0.0,0
2024-11-13,AMZN,209.3999938964844,215.08999633789065,209.13999938964844,214.1000061035156,46212900,0.0248432451793958,0.0284369950812428,0.0338500646558868,0.1108805627027937,0.0272551321391388,0.0277907369389118,52574970.0,0.8789905158291104,208.9100036621093,0.0023454608481438,-0.0122373204170288,neutral,0.0,0
2024-11-14,AMZN,214.1600036621093,215.8999938964844,210.8800048828125,211.47999572753903,42620300,-0.0122373204170288,0.0224327957445356,0.0068078679124268,0.1345493704521394,0.0241865927383184,0.023737417794066,49322320.0,0.8641179084844346,214.1000061035156,0.0002802314660595,-0.0419424782314404,crash,0.0,0
2024-11-15,AMZN,206.759994506836,207.33999633789065,199.6100006103516,202.6100006103516,86591100,-0.0419424782314404,-0.0301565408133703,-0.0267556550167832,0.0236447638445398,0.0231207009307917,0.0381520936984989,48012650.0,1.803505951035821,211.47999572753903,-0.0223189016269136,-0.0044914054556441,neutral,0.0,0
2024-11-18,AMZN,204.1499938964844,204.6699981689453,200.9499969482422,201.6999969482422,36409900,-0.0044914054556441,-0.0579169023903628,-0.0248501231901582,0.0302380131058175,0.0227945850213357,0.0184432388546724,47804430.0,0.761642801723606,202.6100006103516,0.0076007762770527,0.0144273857518011,neutral,0.0,0
2024-11-19,AMZN,199.3300018310547,205.3000030517578,198.77999877929688,204.6100006103516,31197900,0.0144273857518011,-0.032485318970965,-0.0205830404307137,0.0256140381471257,0.0224865282881857,0.0318655210058734,47867740.0,0.6517520985950036,201.6999969482422,-0.0117500999159442,-0.0084550888147134,neutral,0.0,0
2024-11-20,AMZN,202.97999572753903,203.1300048828125,199.4499969482422,202.8800048828125,32769000,-0.0084550888147134,0.0013326305298235,-0.0524054222365519,-0.0203292845116915,0.0189014021284941,0.0181388399349455,43915420.0,0.7461843698637062,204.6100006103516,-0.0079663988952165,-0.0221805988352538,crash,0.0,0
2024-11-21,AMZN,203.4900054931641,203.4900054931641,195.75,198.3800048828125,58800000,-0.0221805988352538,-0.0164600501520166,-0.0619443498646744,-0.0555581909040474,0.0189507675264592,0.0390160565715092,44507580.0,1.3211232783269726,202.8800048828125,0.0030067064061041,-0.0063514957889496,neutral,0.0,0
2024-11-22,AMZN,198.25,199.259994506836,196.75,197.1199951171875,31530800,-0.0063514957889496,-0.0366062532174449,-0.0270964191136949,-0.053127091688482,0.018917563567448,0.0127333328379182,44053080.0,0.7157456413944269,198.3800048828125,-0.0006553325920588,0.0219663247682231,spike,0.0,0
2024-11-25,AMZN,199.27999877929688,201.9499969482422,199.0,201.4499969482422,40685700,0.0219663247682231,-0.0070485405173186,-0.0012394645700671,-0.0260587869129693,0.020766730113977,0.0146438172893103,44576050.0,0.9127255555393536,197.1199951171875,0.0109578110572966,0.0318193286632628,spike,0.0,0
2024-11-26,AMZN,201.8999938964844,208.0,201.7899932861328,207.8600006103516,41673700,0.0318193286632628,0.0477870525970556,0.0158838765959887,-0.0050261023088967,0.0232200906818154,0.0298759102070257,44849130.0,0.9291975117466048,201.4499969482422,0.0022337897992514,-0.0101991489991457,neutral,0.0,0
2024-11-27,AMZN,206.97999572753903,207.63999938964844,205.0500030517578,205.7400054931641,28061600,-0.0101991489991457,0.0437297615132954,0.014097005823731,-0.0390471759552847,0.0215982396058994,0.0125886860539462,43034000.0,0.6520797508946414,207.8600006103516,-0.0042336422603124,0.0104500526833892,neutral,0.0,0
2024-11-29,AMZN,205.8300018310547,208.1999969482422,204.58999633789065,207.88999938964844,24892400,0.0104500526833892,0.0319682429335597,0.0479382713618425,-0.0169755835559775,0.0217999654390479,0.017364955606091,41261210.0,0.6032881730807216,205.7400054931641,0.0004374275079602,0.0135649013059699,neutral,0.0,0
2024-12-02,AMZN,209.9600067138672,212.9900054931641,209.509994506836,210.7100067138672,39523200,0.0135649013059699,0.0137111810600738,0.068942836512351,0.0399783134056304,0.0168652197726848,0.016515641760924,36554420.0,1.0812153496075168,207.88999938964844,0.0099572241584306,0.0129561750299131,neutral,0.0,0
2024-12-03,AMZN,210.3099975585937,214.0200042724609,209.6499938964844,213.44000244140625,32214800,0.0129561750299131,0.0374258614885572,0.0595185191104501,0.0582052834446826,0.0167851386491792,0.0204741863099264,36134910.0,0.891514604574911,210.7100067138672,-0.0018983870842767,0.0221139484947241,spike,0.0,0
2024-12-04,AMZN,215.9600067138672,220.0,215.75,218.1600036621093,48745700,0.0221139484947243,0.0494011462918513,0.049552598005933,0.0662235619536586,0.0173892560963307,0.0194811144511277,37889690.0,1.2865162000533654,213.44000244140625,0.0118066165837527,0.0109552592112629,neutral,0.0,0
2024-12-05,AMZN,218.02999877929688,222.1499938964844,217.3000030517578,220.5500030517578,41140200,0.0109552592112629,0.0466992360322631,0.071984043759957,0.0870958090677878,0.016590953551543,0.0219904365341968,38726810.0,1.0623183267612282,218.1600036621093,-0.0005959152944176,0.0293810729443444,spike,0.0,0
2024-12-06,AMZN,220.75,227.1499938964844,220.6000061035156,227.02999877929688,44178100,0.0293810729443444,0.0636712714694676,0.0920679178692684,0.1444197660616479,0.0137647700976087,0.0288507590546932,37264620.0,1.185523963480642,220.5500030517578,0.0009068099998858,-0.0041404327465993,neutral,0.0,0
2024-12-09,AMZN,227.2100067138672,230.0800018310547,225.6699981689453,226.08999633789065,46819400,-0.0041404327465993,0.0363494340972943,0.0729912635089451,0.1469663247682231,0.0134209689828525,0.0195055231701567,38793480.0,1.2068883740257383,227.02999877929688,0.0007928817140386,-0.0046441818247836,neutral,0.0,0
2024-12-10,AMZN,226.08999633789065,229.0599975585937,224.1999969482422,225.0399932861328,31199900,-0.0046441818247836,0.0203581508603347,0.0543477825714091,0.117101001217446,0.0142532864688397,0.0215961640390388,37844900.0,0.8244149145591612,226.08999633789065,0.0,0.0231958824050713,spike,0.0,0
2024-12-11,AMZN,226.4100036621093,231.1999969482422,226.259994506836,230.259994506836,35385800,0.0231958824050713,0.0142271759014502,0.055463836824404,0.1077648120403633,0.0130816108237296,0.0214540196267552,37216110.0,0.9508194166451034,225.0399932861328,0.0060878529010379,-0.0056023335225718,neutral,0.0,0
2024-12-12,AMZN,229.8300018310547,231.08999633789065,227.6300048828125,228.97000122070312,28204100,-0.0056023335225717,0.012738311864574,0.0381772752320903,0.11290947364299,0.0123384244604069,0.0151111125327858,37230360.0,0.7575564673562114,230.259994506836,-0.0018674224183068,-0.0065947263780657,neutral,0.0,0
2024-12-13,AMZN,228.3999938964844,230.1999969482422,225.8600006103516,227.4600067138672,28768100,-0.0065947263780657,0.0107537037856972,0.0018940577759873,0.094136357601015,0.0135167274526229,0.0190802611878495,37617930.0,0.7647443652534842,228.97000122070312,-0.0024894410673007,0.0240481218695953,spike,0.0,0
2024-12-16,AMZN,230.22999572753903,233.0,228.009994506836,232.92999267578125,37552100,0.0240481218695953,0.01159557992114,0.0302534231884734,0.105452922281416,0.0142846049145324,0.0214227692872068,37420820.0,1.003508207463118,227.4600067138672,0.0121779166970497,-0.0076417757921559,neutral,0.0,0
2024-12-17,AMZN,232.38999938964844,232.72999572753903,227.8500061035156,231.1499938964844,35948100,-0.0076417757921559,0.0095208658957903,0.0271507322815409,0.0829740969476418,0.0152875762006887,0.0211117878125873,37794150.0,0.951155139088986,232.92999267578125,-0.0023182642987691,-0.0459874103599756,crash,0.0,0
2024-12-18,AMZN,230.7700042724609,231.3999938964844,220.1100006103516,220.5200042724609,43281400,-0.0459874103599756,-0.0305108688849043,-0.0422999672836607,0.0108177510576448,0.0220343982632406,0.0511971388871532,37247720.0,1.161987901541356,231.1499938964844,-0.0016439092972404,0.0125611688735933,neutral,0.0,0
2024-12-19,AMZN,224.9100036621093,226.08999633789065,222.9199981689453,223.2899932861328,39918700,0.0125611688735933,-0.0413858227483245,-0.0248067777625392,0.0124234422872893,0.0221183035430589,0.0141967766772386,37125570.0,1.0752346697976625,220.5200042724609,0.0199074882305209,0.0072999459529015,neutral,0.0,0
2024-12-20,AMZN,219.83999633789065,226.2100067138672,218.72999572753903,224.9199981689453,88279200,0.0072999459529015,-0.0269521777721917,-0.0111668357950814,-0.0092939286512649,0.0200239481586281,0.0332563180118366,41535680.0,2.125382321897704,223.2899932861328,-0.0154507458998451,0.0006224408269077,neutral,0.0,0
2024-12-23,AMZN,225.009994506836,226.8800048828125,223.8999938964844,225.0599975585937,28070000,0.0006224408269079,0.0205876709512642,-0.0337869547273883,-0.0045557025785325,0.019990975828305,0.0132409624929115,39660740.0,0.7077528054191626,224.9199981689453,0.0004001259942348,0.0177286303050161,spike,0.0,0
2024-12-24,AMZN,226.94000244140625,229.13999938964844,226.1300048828125,229.0500030517578,15007500,0.0177286303050159,0.025796094490647,-0.0090849703663286,0.0178190983170105,0.0206873734984726,0.0131412113806249,38041500.0,0.3945033713181657,225.0599975585937,0.0083533497876408,-0.0087317178491722,neutral,0.0,0
2024-12-26,AMZN,228.5,228.5,226.6699981689453,227.0500030517578,16146700,-0.0087317178491722,0.0094700555759945,0.0296118204824122,-0.013940725838864,0.0194745160339135,0.0080599066569381,36117590.0,0.4470591753214984,229.0500030517578,-0.0024012357320664,-0.0145342568042403,neutral,0.0,0
2024-12-27,AMZN,225.6000061035156,226.02999877929688,220.8999938964844,223.75,27367100,-0.0145342568042403,-0.0058206592588835,0.0020601313435382,-0.0227977516394017,0.019897579929003,0.0229273961243015,36033890.0,0.7594822540669354,227.0500030517578,-0.0063862450066194,-0.0109497070312499,neutral,0.0,0
2024-12-30,AMZN,220.0599975585937,223.0,218.42999267578125,221.3000030517578,28321200,-0.0109497070312499,-0.0338354066655426,-0.0160945898393098,-0.0270816999924665,0.0200533770617472,0.0206507332182454,35989200.0,0.7869360808242473,223.75,-0.0164916310230448,-0.0086308343234078,neutral,0.0,0
2024-12-31,AMZN,222.97000122070312,223.22999572753903,218.94000244140625,219.38999938964844,24819700,-0.0086308343234078,-0.0337370779967054,-0.0251932739289625,-0.0581290246506783,0.0177683043615229,0.0195541879669434,34715960.0,0.7149363001916121,221.3000030517578,0.0075463088383,0.0037832254586069,neutral,0.0,0
2025-01-02,AMZN,222.02999877929688,225.1499938964844,218.19000244140625,220.22000122070312,33956600,0.0037832254586069,-0.0157765308571927,-0.038550542298222,-0.0472852821301653,0.018004347932604,0.0316047199005457,34516810.0,0.9837699370248872,219.38999938964844,0.0120333624914217,0.0180274325615157,spike,0.0,0
2025-01-03,AMZN,222.509994506836,225.3600006103516,221.6199951171875,224.19000244140625,27515600,0.0180274325615157,0.0130591927238814,-0.0125963469364041,0.016642472781793,0.0120988398776923,0.0166823027451528,32940230.0,0.8353190005048537,220.22000122070312,0.0103986616721422,0.0152549093701856,spike,0.0,0
2025-01-06,AMZN,226.77999877929688,228.83999633789065,224.83999633789065,227.6100006103516,31849800,0.0152549093701856,0.0374675292564452,0.0172513993758729,0.0193470708679852,0.0123934897608127,0.0175739202551457,32133340.0,0.991176142909514,224.19000244140625,0.0115526843734592,-0.0241641403508254,crash,0.0,0
2025-01-07,AMZN,227.8999938964844,228.3800048828125,221.4600067138672,222.1100006103516,28084200,-0.0241641403508254,0.0085823239450186,0.0036601787050329,-0.0124933202092729,0.01467819093141,0.0311557253159667,26113840.0,1.0754527101337834,227.6100006103516,0.0012740797212564,9.006470850447812e-05,neutral,0.0,0
2025-01-08,AMZN,223.19000244140625,223.5200042724609,220.1999969482422,222.1300048828125,25033300,9.006470850447812e-05,-0.0091886236502992,0.0124891996024745,-0.0130187181532267,0.0146719742751023,0.0149462353182328,25810170.0,0.9699006244437754,222.1100006103516,0.0048624637705949,-0.014360970473526,neutral,0.0,0
2025-01-10,AMZN,221.4600067138672,221.7100067138672,216.5,218.94000244140625,36811500,-0.014360970473526,-0.0380914641083263,-0.0058123638734071,-0.0441388363922746,0.0135340481199579,0.0237965043197691,27990570.0,1.3151393487163712,222.1300048828125,-0.0030162434350045,-0.0021923619356289,neutral,0.0,0
2025-01-13,AMZN,218.0599975585937,219.3999938964844,216.47000122070312,218.4600067138672,27262700,-0.0021923619356289,-0.0164332712910464,-0.0255586585714795,-0.0378330597772882,0.0134604366308154,0.0134120323433794,29102170.0,0.93679268590624,218.94000244140625,-0.0040193882935944,-0.0032043036964108,neutral,0.0,0
2025-01-14,AMZN,220.44000244140625,221.82000732421875,216.1999969482422,217.759994506836,24711700,-0.003204303696411,-0.0196732106420381,-0.0432758054439706,-0.0267709742711241,0.0129194567155848,0.0258082775429172,28836630.0,0.8569551989951669,218.4600067138672,0.0090634242730405,0.0256705167968955,spike,0.0,0
2025-01-15,AMZN,222.8300018310547,223.57000732421875,220.75,223.3500061035156,31291300,0.0256705167968955,0.0201425212977677,0.0055828440401446,0.0092634569520468,0.0152758008745945,0.0126259558860802,29133640.0,1.0740607764769523,217.759994506836,0.0232825470798749,-0.012043887924317,neutral,0.0,0
2025-01-16,AMZN,224.4199981689453,224.6499938964844,220.3099975585937,220.6600036621093,24757300,-0.0120438879243169,0.0100704791752737,-0.0066177517147162,0.0057887974656734,0.015551215387378,0.0196682510009217,29127400.0,0.8499660113844696,223.3500061035156,0.0047906516059543,0.0239282094247674,spike,0.0,0
2025-01-17,AMZN,225.83999633789065,226.509994506836,223.0800018310547,225.94000244140625,42370100,0.0239282094247674,0.0375643283473425,0.0319722294781346,0.0259740313731566,0.0172129996211385,0.0151809889294428,29968750.0,1.4138093847758082,220.6600036621093,0.0234749958751622,0.0211118182744021,spike,0.0,0
2025-01-21,AMZN,228.8999938964844,231.77999877929688,226.94000244140625,230.7100067138672,39951500,0.0211118182744021,0.0329527665512596,0.0560743368283638,0.0290824934272659,0.0175426348899981,0.0209787013872064,31212340.0,1.2799905422022186,225.94000244140625,0.013100785266415,0.0186380636636267,spike,0.0,0
2025-01-22,AMZN,232.0200042724609,235.44000244140625,231.19000244140625,235.009994506836,41448200,0.0186380636636265,0.0650321336289849,0.0792156522554397,0.0325117256563454,0.0178352248529961,0.0180843372594367,32172180.0,1.2883242602770468,230.7100067138672,0.0056781133044585,0.0017446222360444,neutral,0.0,0
2025-01-23,AMZN,234.1000061035156,235.5200042724609,231.509994506836,235.4199981689453,26404400,0.0017446222360446,0.0419580225949476,0.0540407062260641,0.059925251100888,0.0150606920085665,0.0170334287520774,32004200.0,0.8250292149155424,235.009994506836,-0.0038721263971345,-0.0024211709704485,neutral,0.0,0
2025-01-24,AMZN,234.5,236.3999938964844,232.92999267578125,234.8500061035156,25890700,-0.0024211709704485,0.0179446026144107,0.0643070887605667,0.0572637686989367,0.0151894248489798,0.0147753933596819,32089940.0,0.8068167157682439,235.4199981689453,-0.003907901521115,0.002427047266835,neutral,0.0,0
2025-01-27,AMZN,226.2100067138672,235.6100006103516,225.8600006103516,235.4199981689453,49428300,0.002427047266835,0.0017446222360446,0.0419580225949476,0.0752717435999368,0.0135687069116559,0.0414153431137276,33351620.0,1.482035955075046,234.8500061035156,-0.0367894365131084,0.011596277923594,neutral,0.0,0
2025-01-28,AMZN,234.2899932861328,241.7700042724609,233.97999572753903,238.1499938964844,41587200,0.011596277923594,0.011596277923594,0.0322482205630745,0.0901308549734076,0.013184639905121,0.0327105133091371,34784070.0,1.1955817706208618,235.4199981689453,-0.0047999528145504,-0.0045349006926075,neutral,0.0,0
2025-01-29,AMZN,239.0200042724609,240.38999938964844,236.1499938964844,237.07000732421875,26091700,-0.0045349006926075,0.0094528471918566,0.0087656391878383,0.0886756672689785,0.0133245999422568,0.0178850354839082,34922070.0,0.7471407050040275,238.1499938964844,0.00365320343596,-0.0102501702429486,neutral,0.0,0
2025-01-30,AMZN,237.13999938964844,237.9499969482422,232.22000122070312,234.63999938964844,32020700,-0.0102501702429486,-0.0033132222638839,-0.0033132222638839,0.050548435091156,0.0130539015581161,0.0244203705354759,34995010.0,0.915007596797372,237.07000732421875,0.00029523796038,0.0129559891495079,neutral,0.0,0
2025-01-31,AMZN,236.5,240.2899932861328,236.4100036621093,237.67999267578125,36110200,0.0129559891495079,-0.0019735512607548,0.0120501873481675,0.0771321885761142,0.0117518974138097,0.0163244267232713,36130300.0,0.9994436802351488,234.63999938964844,0.0079270397851595,-0.0010938846972727,neutral,0.0,0
2025-02-03,AMZN,234.0599975585937,239.25,232.8999938964844,237.4199981689453,37285900,-0.0010938846972727,0.0014763185300277,0.0084954549976876,0.0508099300853828,0.010463172986937,0.0267458771480446,35621880.0,1.0467134244458742,237.67999267578125,-0.0152305420259986,0.0195434227336932,spike,0.0,0
2025-02-04,AMZN,239.009994506836,242.5200042724609,238.02999877929688,242.0599975585937,29713800,0.0195434227336934,0.0316229039730922,0.0164182396066272,0.0491959191817938,0.0102036532366333,0.0185491429333637,34598110.0,0.8588272596393272,237.4199981689453,0.0066969772982612,-0.0243328077710264,crash,0.0,0
2025-02-05,AMZN,237.0200042724609,238.32000732421875,235.1999969482422,236.1699981689453,38727300,-0.0243328077710265,-0.0063530568552975,-0.0037963855716365,0.0049359758700628,0.0125379946134406,0.0132108667492331,34326020.0,1.128219933449902,242.0599975585937,-0.0208212564528049,0.0112630888035427,neutral,0.0,0
2025-02-06,AMZN,238.009994506836,239.6600036621093,236.009994506836,238.8300018310547,60897100,0.0112630888035427,0.0059388580278989,0.0178571533084954,0.0144847663267002,0.0129907612698642,0.0152828753811899,37775290.0,1.6120882195742243,236.1699981689453,0.0077909825640698,-0.0405309544879449,crash,0.0,0
2025-02-07,AMZN,232.5,234.8099975585937,228.0599975585937,229.1499938964844,77539300,-0.0405309544879449,-0.0533338998278073,-0.0358885856704506,-0.0242708625032727,0.0186368638013893,0.0294566885437021,42940150.0,1.805752890942393,238.8300018310547,-0.0265042154776368,0.0174121998666361,spike,0.0,0
2025-02-10,AMZN,230.5500030517578,233.9199981689453,229.1999969482422,233.13999938964844,35419900,0.0174121998666361,-0.0128297362187781,-0.018027119923787,-0.0096848135121497,0.0196345370403259,0.0202453514328725,41539310.0,0.8526838794385366,229.1499938964844,0.0061095753548474,-0.0016299428832773,neutral,0.0,0
2025-02-11,AMZN,231.9199981689453,233.44000244140625,230.1300048828125,232.759994506836,23713700,-0.0016299428832774,-0.0254155980307388,-0.0384202393850994,-0.0226327924744406,0.0191463311437251,0.0142206463168503,39751960.0,0.5965416548014236,233.13999938964844,-0.0052329125156431,-0.0164547255604194,crash,0.0,0
2025-02-12,AMZN,230.4600067138672,231.17999267578125,228.1600036621093,228.92999267578125,32285200,-0.0164547255604193,-0.000960075175924,-0.0306559069708121,-0.0343359108995392,0.0196770797805074,0.0131917577874949,40371310.0,0.7997065242619078,232.759994506836,-0.0098813707133904,0.0062901432205331,neutral,0.0,0
2025-02-13,AMZN,228.8500061035156,230.4199981689453,227.5200042724609,230.3699951171875,31346500,0.0062901432205331,-0.0118812914116526,-0.0354227134321746,-0.0181981089480403,0.0197241663456949,0.0125884184483712,40303890.0,0.7777537106219772,228.92999267578125,-0.0003493931543471,-0.0073360354092405,neutral,0.0,0
2025-02-14,AMZN,229.1999969482422,229.88999938964844,227.22999572753903,228.67999267578125,27031100,-0.0073360354092405,-0.0175287932949959,-0.0020510636405055,-0.0378660395377783,0.0190871966530113,0.0116319911986384,39395980.0,0.6861385349469666,230.3699951171875,-0.0050787784596259,-0.0088770283554056,neutral,0.0,0
2025-02-18,AMZN,228.82000732421875,229.3000030517578,223.72000122070312,226.6499938964844,42975100,-0.0088770283554056,-0.0099593712149629,-0.0278373745824594,-0.0453626668162852,0.0191283526726577,0.024619466054798,39964900.0,1.0753210942602134,228.67999267578125,0.0006122732767269,-8.81933122002243e-05,neutral,0.0,0
2025-02-19,AMZN,225.5200042724609,226.8300018310547,223.7100067138672,226.6300048828125,28566700,-8.81933122002243e-05,-0.0162347107420499,-0.0263360962738097,-0.0637444965356004,0.0173116741555613,0.0137669110442847,39850190.0,0.7168522910430289,226.6499938964844,-0.0049856150648721,-0.0165467939778718,crash,0.0,0
2025-02-20,AMZN,224.77999877929688,225.1300048828125,221.8099975585937,222.8800048828125,30001700,-0.0165467939778718,-0.0253629000294393,-0.0264272397087652,-0.0562729956775701,0.0165764184412919,0.0148959406473649,38977630.0,0.7697158600971891,226.6300048828125,-0.0081631119607142,-0.0282663447314185,crash,0.0,0
2025-02-21,AMZN,223.27999877929688,223.3099975585937,214.7400054931641,216.5800018310547,55323900,-0.0282663447314185,-0.0444297036691246,-0.0598601969805917,-0.0931624998091293,0.0168067499582566,0.0395696370531695,38420310.0,1.439964956034972,222.8800048828125,0.0017946603002574,-0.0178686632397682,crash,0.0,0
2025-02-24,AMZN,217.4499969482422,217.72000122070312,212.4199981689453,212.7100067138672,42387600,-0.0178686632397682,-0.0614216911663711,-0.0698355189496443,-0.0717433454964164,0.0133442286228506,0.0249165666140345,34905140.0,1.2143655633525607,216.5800018310547,0.0040169688329125,0.0004230940484699,neutral,0.0,0
2025-02-25,AMZN,211.6300048828125,213.33999633789065,204.1600036621093,212.8000030517578,58958000,0.0004230940484699,-0.0452261378778892,-0.0611073956218686,-0.0872437007426437,0.0106534543946266,0.043139062707384,37258950.0,1.5823849034929862,212.7100067138672,-0.0050773437871565,0.0072838488229758,neutral,0.0,0
2025-02-26,AMZN,214.94000244140625,218.1600036621093,213.08999633789065,214.3500061035156,39120600,0.0072838488229758,-0.0102964064488216,-0.0541852292932117,-0.079094298151737,0.0116666533692069,0.0236529376246914,38799640.0,1.0082722417012118,212.8000030517578,0.0100563879650318,-0.0261721504577064,crash,0.0,0
2025-02-27,AMZN,218.3500061035156,219.97000122070312,208.3699951171875,208.7400054931641,40548600,-0.0261721504577064,-0.0186639137576797,-0.0634422069269203,-0.0881928442255748,0.012786707789921,0.0555715521617896,39625980.0,1.0232832096518496,214.3500061035156,0.0186610678147976,0.0169588636244848,spike,0.0,0
2025-02-28,AMZN,208.6499938964844,212.6199951171875,206.9900054931641,212.27999877929688,51771700,0.0169588636244848,-0.0024436290648663,-0.0198541094071652,-0.0785258354877699,0.0145398386256503,0.0265215265517162,41668500.0,1.2424661314902143,208.7400054931641,-0.0004312139231146,-0.0342000873779165,crash,0.0,0
2025-03-03,AMZN,213.3500061035156,214.009994506836,202.5500030517578,205.0200042724609,42948400,-0.0342000873779165,-0.0435269492203744,-0.0361525184461617,-0.1034633075087818,0.01671283171929,0.0558969428166064,43260230.0,0.9927917627807342,212.27999877929688,0.0050405470622372,-0.0059506447921139,neutral,0.0,0
2025-03-04,AMZN,200.1100006103516,206.8000030517578,197.42999267578125,203.8000030517578,60853100,-0.0059506447921139,-0.0236658154230433,-0.0422932324761808,-0.1008161988089999,0.0167744923514788,0.0459764977216262,45048030.0,1.35084930461998,205.0200042724609,-0.0239489003989297,0.0223748650162467,spike,0.0,0
2025-03-05,AMZN,204.8000030517578,209.97999572753903,203.259994506836,208.3600006103516,38610100,0.0223748650162467,-0.0184661682282221,-0.027944974679736,-0.0806159991123333,0.0195839234790254,0.0322518775245636,46052370.0,0.8383955049436109,203.8000030517578,0.0049067712709799,-0.036763311766514,crash,0.0,0
2025-03-06,AMZN,204.3999938964844,205.7700042724609,198.3000030517578,200.6999969482422,49863800,-0.036763311766514,-0.0210711502984736,-0.0385168550988909,-0.0995154677344533,0.0214922184517687,0.037219737589879,48038580.0,1.0379948782832464,208.3600006103516,-0.0190055994541518,-0.0072246984070264,neutral,0.0,0
2025-03-07,AMZN,199.4900054931641,202.2700042724609,192.52999877929688,199.25,59802800,-0.0072246984070264,-0.0223258242572365,-0.0613811892511074,-0.0800166298113392,0.0205377250138226,0.0488833399907856,48486470.0,1.2333915007629963,200.6999969482422,-0.0060288563700882,-0.0236386786141389,crash,0.0,0
2025-03-10,AMZN,195.6000061035156,196.72999572753903,190.8500061035156,194.5399932861328,62350900,-0.0236386786141389,-0.0663275450361665,-0.0511170167199914,-0.0854215262762709,0.020919734195668,0.0302250942065935,50482800.0,1.2350919521104218,199.25,-0.0183186644742002,0.0105376946772206,neutral,0.0,0
2025-03-11,AMZN,193.8999938964844,200.17999267578125,193.3999938964844,196.58999633789065,54002900,0.0105376946772206,-0.0204783292119902,-0.0353778538071762,-0.0761748424877819,0.0216414231356501,0.0344880151869155,49987290.0,1.0803326205521444,194.5399932861328,-0.003289808840011,0.0116994918083452,neutral,0.0,0
2025-03-12,AMZN,200.72000122070312,201.5200042724609,195.2899932861328,198.88999938964844,43679300,0.0116994918083452,-0.0018067784710241,-0.0454501881021431,-0.0721250584261755,0.0220223468938257,0.0313239026871471,50443160.0,0.8659112553614802,196.58999633789065,0.0210082148621336,-0.025139524437347,crash,0.0,0
2025-03-13,AMZN,198.1699981689453,198.8800048828125,191.82000732421875,193.88999938964844,41270800,-0.025139524437347,-0.0033411839154756,-0.0339312290091861,-0.0711411598770028,0.0219259092776708,0.0364123863057306,50515380.0,0.8169947449667804,198.88999938964844,-0.0036200976565571,0.0209396955561107,spike,0.0,0
2025-03-14,AMZN,197.4100036621093,198.6499938964844,195.32000732421875,197.9499969482422,38096700,0.0209396955561107,0.006917954299231,-0.0065244820665385,-0.0675051908491543,0.0224420138783229,0.0168223623319193,49147880.0,0.775144319551525,193.88999938964844,0.018154645848376,-0.0111643924685481,neutral,0.0,0
2025-03-17,AMZN,198.7700042724609,199.0,194.32000732421875,195.7400054931641,47341800,-0.0111643924685481,-0.0158378697076324,0.0061684602058471,-0.0452638697976232,0.0203990470149223,0.0239092293064469,49587220.0,0.9547177680055466,197.9499969482422,0.0041424972814378,-0.0149177382599353,neutral,0.0,0
2025-03-18,AMZN,192.5200042724609,194.0,189.3800048828125,192.82000732421875,40414900,-0.0149177382599353,-0.0055185521109801,-0.019176911765094,-0.0538763275913717,0.0206684853413577,0.0239601438735513,47543400.0,0.8500633105751797,195.7400054931641,-0.0164503991536652,0.0141063471558764,neutral,0.0,0
2025-03-19,AMZN,193.3800048828125,195.97000122070312,191.9600067138672,195.5399932861328,39442900,0.0141063471558764,-0.0121748103019143,-0.0168435120609184,-0.0615281593715922,0.0195733872924829,0.020507285693562,47626680.0,0.8281681612071218,192.82000732421875,0.0029042502713535,-0.0030172668413017,neutral,0.0,0
2025-03-20,AMZN,193.07000732421875,199.32000732421875,192.3000030517578,194.9499969482422,38921100,-0.0030172668413017,-0.0040360096186341,0.005467004806491,-0.0286497263947783,0.0163546000628097,0.036009255616068,46532410.0,0.8364299205650427,195.5399932861328,-0.0126316152537641,0.0064632458853515,neutral,0.0,0
2025-03-21,AMZN,192.8999938964844,196.9900054931641,192.5200042724609,196.2100067138672,60056900,0.0064632458853515,0.0175811599464794,-0.0087900493114427,-0.0152571808588848,0.0165134792180301,0.0227817189121336,46557820.0,1.2899422696337586,194.9499969482422,-0.0105155326178437,0.0359308269289742,spike,0.0,0
2025-03-24,AMZN,200.0,203.63999938964844,199.9499969482422,203.259994506836,41625400,0.0359308269289739,0.0394804208129766,0.0384182527977627,0.0448236944671711,0.0182574076086292,0.0181541008616043,44485270.0,0.9357119783694692,196.2100067138672,0.0193160040591597,0.0120535878837131,neutral,0.0,0
2025-03-25,AMZN,203.6000061035156,206.2100067138672,203.22000122070312,205.7100067138672,31171200,0.0120535878837133,0.055193690351694,0.0668499061301997,0.0463910196137418,0.0183188931783396,0.0145350512642927,42202100.0,0.7386172726001786,203.259994506836,0.0016727915274453,-0.0222643609040625,crash,0.0,0
2025-03-26,AMZN,205.83999633789065,206.009994506836,199.92999267578125,201.1300048828125,32855300,-0.0222643609040625,0.0250751643677384,0.0285875615659854,0.0112625345670378,0.0199517628244097,0.0302292133617617,41119700.0,0.7990160434049859,205.7100067138672,0.0006319071497784,0.0011435177345771,neutral,0.0,0
2025-03-27,AMZN,200.88999938964844,203.7899932861328,199.27999877929688,201.3600006103516,27317700,0.0011435177345771,-0.009347603797266,0.032880244998471,0.0385270062624074,0.017684274613796,0.0223976683212429,39724390.0,0.6876807925810818,201.1300048828125,-0.0011932853743224,-0.0429082209150742,crash,0.0,0
2025-03-28,AMZN,198.4199981689453,199.259994506836,191.8800048828125,192.72000122070312,52548200,-0.0429082209150742,-0.0631471735414045,-0.0177870922671825,-0.0264207921604896,0.0218863143405384,0.038293843800737,41169540.0,1.276385405326365,201.3600006103516,-0.0146007272173952,-0.0127646673842115,neutral,0.0,0
2025-03-31,AMZN,188.19000244140625,191.3300018310547,184.3999938964844,190.259994506836,63547600,-0.0127646673842117,-0.054044698016638,-0.0639574945947506,-0.0279963769926403,0.0219627680115851,0.0364238838150565,42790120.0,1.4850998314564203,192.72000122070312,-0.0235055975020938,0.0100389136826171,neutral,0.0,0
2025-04-01,AMZN,187.8600006103516,193.92999267578125,187.1999969482422,192.1699981689453,41267300,0.0100389136826171,-0.0456396623636772,-0.065820855101888,-0.0033710669566591,0.0218272835204652,0.0350210531907401,42875360.0,0.962494542319878,190.259994506836,-0.0126142855344093,0.019982288465834,spike,0.0,0
2025-04-02,AMZN,187.6600036621093,198.33999633789065,187.6600036621093,196.009994506836,53679200,0.019982288465834,0.0170713639751649,-0.0254562235950805,0.0024036066116428,0.0223262535447329,0.0544869801290098,44298990.0,1.2117477170472737,192.1699981689453,-0.0234687753021209,-0.0897912929848727,crash,0.0,0
2025-04-03,AMZN,183.0,184.1300048828125,176.9199981689453,178.41000366210938,95553600,-0.0897912929848726,-0.0622831451006944,-0.1139749547014175,-0.0848422341372185,0.0363125168858888,0.0404125697319205,49962240.0,1.9125163323341787,196.009994506836,-0.066374138418652,-0.0415335659997136,crash,0.0,0
2025-04-04,AMZN,167.14999389648438,178.13999938964844,166.0,171.0,123159400,-0.0415335659997136,-0.1101628681410186,-0.1127023717472343,-0.1284848165294184,0.0373155036489605,0.0709941484774762,56272490.0,2.188625383380049,178.41000366210938,-0.063113107642497,0.024912248577988,spike,0.0,0
2025-04-07,AMZN,162.0,183.4100036621093,161.3800048828125,175.25999450683594,109327100,0.024912248577988,-0.1058619487858634,-0.0788394850892371,-0.1377546037425399,0.0358434004666648,0.1256989585175273,63042660.0,1.7341765084150955,171.0,-0.0526315789473684,-0.0262466677445156,crash,0.0,0
2025-04-08,AMZN,185.22999572753903,185.8999938964844,168.57000732421875,170.66000366210938,87710400,-0.0262466677445156,-0.0434392682076153,-0.1119321158962884,-0.1703855034165192,0.0347668055913883,0.1015468545669164,68696580.0,1.276779717418247,175.25999450683594,0.0568869196233725,0.1197703152630624,spike,0.0,0
2025-04-09,AMZN,172.1199951171875,192.6499938964844,169.92999267578125,191.1000061035156,116804300,0.1197703152630624,0.1175438953421965,-0.0250496838983846,-0.049868237139162,0.0555852962184934,0.118890635766888,77091480.0,1.5151388973204305,170.66000366210938,0.0085549714270999,-0.051700704171933,crash,0.0,0
2025-04-10,AMZN,185.44000244140625,186.8699951171875,175.85000610351562,181.22000122070312,68302000,-0.051700704171933,0.0340066581117843,0.0157502242078062,-0.1000198615842331,0.0575467789815773,0.0608100040803493,81189910.0,0.8412621716171381,191.1000061035156,-0.029618019263921,0.0201412309452484,spike,0.0,0
2025-04-11,AMZN,179.92999267578125,185.8600006103516,178.0,184.8699951171875,50594300,0.0201412309452484,0.0832649194313424,0.0811110825566521,-0.0407327005697025,0.0568718344030486,0.042516367274036,80994520.0,0.624663248822266,181.22000122070312,-0.0071184667047364,-0.014875318183769,neutral,0.0,0
2025-04-14,AMZN,186.83999633789065,187.44000244140625,179.22999572753906,182.1199951171875,48002500,-0.014875318183769,-0.0469911601230602,0.0391418511090047,-0.0427835573671059,0.0569171564513858,0.0450802049966251,79440010.0,0.6042610014777189,184.8699951171875,0.0106561436292265,-0.0138919330503436,neutral,0.0,0
2025-04-15,AMZN,181.4100036621093,182.3500061035156,177.92999267578125,179.58999633789062,43642000,-0.0138919330503436,-0.0089946190918923,0.052326218704775,-0.0654628815679908,0.0568142732292773,0.0246116906167662,79677480.0,0.5477331863407326,182.1199951171875,-0.0038984816281227,-0.0292889059195674,crash,0.0,0
2025-04-16,AMZN,176.2899932861328,179.10000610351562,171.41000366210938,174.3300018310547,51875300,-0.0292889059195674,-0.0570130013767329,-0.087755121595218,-0.1106065674371782,0.0565115162819085,0.0441117556395067,79497090.0,0.6525433824055699,179.58999633789062,-0.0183752052956725,-0.0098663523354401,neutral,0.0,0
2025-04-17,AMZN,176.0,176.2100067138672,172.0,172.61000061035156,44726500,-0.0098663523354401,-0.0522182888304856,-0.0475113152651713,-0.0325094049251993,0.0491896183239563,0.0243902827123604,74414380.0,0.6010464644064762,174.3300018310547,0.0095795224654659,-0.0306470845688391,crash,0.0,0
2025-04-21,AMZN,169.60000610351562,169.60000610351562,165.2899932861328,167.32000732421875,48126100,-0.0306470845688391,-0.0683222298784751,-0.0949315100151539,-0.0215204250045687,0.0483368788258469,0.0257591000999135,66911050.0,0.7192548913819168,172.61000061035156,-0.0174381234933813,0.0350226218924765,spike,0.0,0
2025-04-22,AMZN,169.85000610351562,176.77999877929688,169.35000610351562,173.17999267578125,56607200,0.0350226218924765,-0.0065967368966584,-0.0490885277898985,-0.0118680925268063,0.0490435986387689,0.0429032970898162,61639060.0,0.9183657245908682,167.32000732421875,0.0151207187936255,0.0428456735278059,spike,0.0,0
2025-04-23,AMZN,183.4499969482422,187.3800048828125,180.19000244140625,180.6000061035156,63470100,0.0428456735278059,0.0462893544111653,0.0056239756457519,0.058244475730157,0.0498206025647656,0.0398117508217863,59215030.0,1.0718579387699374,173.17999267578125,0.0593024870470338,0.0328902933658405,spike,0.0,0
2025-04-24,AMZN,180.9199981689453,186.7400054931641,180.17999267578125,186.5399932861328,43763200,0.0328902933658405,0.1148696218060234,0.0700395303552567,-0.0238619187427586,0.0324788944119248,0.0351667902513562,51910920.0,0.8430441995634059,180.6000061035156,0.0017718275449354,0.0131339782095585,neutral,0.0,0
2025-04-25,AMZN,187.6199951171875,189.94000244140625,185.4900054931641,188.9900054931641,36414300,0.0131339782095585,0.0912923749048859,0.0948960362950732,0.0428760855320715,0.0275363758851189,0.0235462025445738,48722150.0,0.7473869687606151,186.5399932861328,0.0057896529962777,-0.0068258029918336,neutral,0.0,0
2025-04-28,AMZN,190.1100006103516,190.22000122070312,184.88999938964844,187.6999969482422,33224700,-0.0068258029918336,0.0393133477562401,0.121802466721943,0.0153080646173044,0.0271573096940012,0.0283963874145635,46985190.0,0.7071313322346893,188.9900054931641,0.005926213474966,-0.0016515586767922,neutral,0.0,0
2025-04-29,AMZN,183.9900054931641,188.0200042724609,183.67999267578125,187.38999938964844,41667300,-0.0016515586767922,0.0045566963338086,0.082053397129254,0.0289369888741204,0.0265679852797035,0.0231603159763893,46351670.0,0.8989384848485502,187.6999969482422,-0.0197655381747348,-0.0158493048208376,crash,0.0,0
2025-04-30,AMZN,182.1699981689453,185.0500030517578,178.85000610351562,184.4199981689453,55176500,-0.0158493048208376,-0.0241812116587513,0.021151671851219,0.0268946039843291,0.0267144780467148,0.0336188971358867,47505120.0,1.1614853304233312,187.38999938964844,-0.0278563489925038,0.0313414967828049,spike,0.0,0
2025-05-01,AMZN,190.6300048828125,191.8099975585937,187.5,190.1999969482422,74266000,0.0313414967828049,0.0133191264818686,0.0196204770764374,0.0910342164314741,0.0254272373113388,0.0226603450459916,49744190.0,1.4929582731169209,184.4199981689453,0.0336731741433934,-0.0011566836184704,neutral,0.0,0
2025-05-02,AMZN,191.44000244140625,192.8800048828125,186.3999938964844,189.97999572753903,77903500,-0.0011566836184704,0.0138214224148915,0.0052383205756918,0.1006314527302409,0.0248503218433469,0.0341089121594751,53061890.0,1.4681629320026106,190.1999969482422,0.0065194821927441,-0.0191072202634924,crash,0.0,0
2025-05-05,AMZN,186.509994506836,188.17999267578125,185.52999877929688,186.3500061035156,35217500,-0.0191072202634924,0.0104652855098839,-0.0071922795241112,0.1137341498104413,0.0229531968285963,0.0142205195046375,51771030.0,0.6802549611240108,189.97999572753903,-0.0182650873709861,-0.0071908320514636,neutral,0.0,0
2025-05-06,AMZN,184.57000732421875,187.92999267578125,183.8500061035156,185.009994506836,29314100,-0.0071908320514637,-0.0272870795198726,-0.012700810558538,0.0683104419180928,0.0219157438499737,0.0220527900838076,49041720.0,0.5977380075576468,186.3500061035156,-0.0095519115696088,0.0199989855515319,spike,0.0,0
2025-05-07,AMZN,185.5599975585937,190.9900054931641,185.009994506836,188.7100067138672,43948600,0.0199989855515319,-0.0066848565229636,0.0232621656410159,0.0449058711864225,0.018700531710602,0.0316888918105723,47089570.0,0.9332979681063132,185.009994506836,0.0029728288637802,0.0178580626214341,spike,0.0,0
2025-05-08,AMZN,191.42999267578125,194.3300018310547,188.82000732421875,192.0800018310547,41043600,0.0178580626214341,0.0307485674261589,0.009884358112393,0.02969877101059,0.0166632498985992,0.028685935309821,46817610.0,0.8766701247671549,188.7100067138672,0.0144135756724245,0.0051020185245571,neutral,0.0,0
2025-05-09,AMZN,193.3800048828125,194.69000244140625,191.1600036621093,193.0599975585937,29663100,0.0051020185245571,0.0435111793458289,0.0162122428693591,0.0215354883704517,0.0163133555389206,0.0182844650571672,46142490.0,0.6428586753770765,192.0800018310547,0.0067680291512139,0.0807003109296435,spike,0.0,0
2025-05-12,AMZN,210.7100067138672,211.6600036621093,205.75,208.63999938964844,75205000,0.0807003109296433,0.1056117427095439,0.1196135903196642,0.1115610164190914,0.0292513888085591,0.0283263213161347,50340520.0,1.4939257679499536,193.0599975585937,0.091422404322349,0.013084718824412,neutral,0.0,0
2025-05-13,AMZN,211.0800018310547,214.83999633789065,210.1000061035156,211.3699951171875,56193700,0.013084718824412,0.1004268695452192,0.142478792459926,0.1279683857497453,0.0289121823925489,0.0224250856028412,51793160.0,1.0849637288012548,208.63999938964844,0.0116947970118107,-0.0052987422200893,neutral,0.0,0
2025-05-14,AMZN,211.4499969482422,211.92999267578125,208.8500061035156,210.25,38492100,-0.0052987422200893,0.0890396905562433,0.1141433549880213,0.1400607422595898,0.0279397571547945,0.0146491632450209,50124720.0,0.7679264841778667,211.3699951171875,0.000378491899999,-0.0241617209562648,crash,0.0,0
2025-05-15,AMZN,206.4499969482422,206.8800048828125,202.6699981689453,205.1699981689453,64347300,-0.0241617209562648,-0.0166315243043242,0.0681486683314591,0.078706632286523,0.0294795267185498,0.020519602044352,49132850.0,1.3096594233796737,210.25,-0.0180737362747101,0.0020470740005538,neutral,0.0,0
2025-05-16,AMZN,206.8500061035156,206.8500061035156,204.3699951171875,205.58999633789065,43318500,0.0020470740005538,-0.0273454081128795,0.0649020974709899,0.0821665489072795,0.0293864257420065,0.0120628971764373,45674350.0,0.9484207219150356,205.1699981689453,0.0081883703736591,0.0027725440652368,neutral,0.0,0
2025-05-19,AMZN,201.6499938964844,206.6199951171875,201.259994506836,206.1600036621093,34314800,0.0027725440652368,-0.0194530146867569,-0.0118864826245879,0.1063053228320769,0.0278955191588499,0.0259992264025006,45584080.0,0.7527803566508308,205.58999633789065,-0.0191643684594983,-0.0101377391383636,neutral,0.0,0
2025-05-20,AMZN,204.6300048828125,205.58999633789065,202.6499938964844,204.07000732421875,29470400,-0.0101377391383638,-0.0053613630381805,-0.0345365376430154,0.1030215306377868,0.0281177496249942,0.0144068326353087,45599710.0,0.6462848118990231,206.1600036621093,-0.0074214142031374,-0.0144558832809976,neutral,0.0,0
2025-05-21,AMZN,201.6100006103516,203.4600067138672,200.0599975585937,201.1199951171875,42460900,-0.0144558832809976,-0.0217423089660288,-0.0434245178730677,0.0657622169561842,0.0288836970647579,0.0169053760830312,45450940.0,0.9342139018466944,204.07000732421875,-0.0120547195843375,0.0098449235998359,neutral,0.0,0
2025-05-22,AMZN,201.3800048828125,205.759994506836,200.1600036621093,203.1000061035156,38938900,0.0098449235998359,-0.0148428284062751,-0.0100891557435468,0.0573719500594009,0.028651540815089,0.0275725784167255,45240470.0,0.8607094488629318,201.1199951171875,0.0012928091285677,-0.0103889736432409,neutral,0.0,0
2025-05-23,AMZN,198.8999938964844,202.3699951171875,197.8500061035156,200.9900054931641,33393500,-0.0103889736432409,-0.015092868724022,-0.0223745849830475,0.0410753549924998,0.0291174542747558,0.0224886257532125,45613510.0,0.7320966967900518,203.1000061035156,-0.0206795277243396,0.0250261139450931,spike,0.0,0
2025-05-27,AMZN,203.08999633789065,206.69000244140625,202.19000244140625,206.0200042724609,34892000,0.0250261139450931,0.0243636101543176,-0.0006790812338065,-0.0125574919711082,0.0146220735366365,0.0218425391062935,41582210.0,0.8391088400544368,200.9900054931641,0.0104482351725592,-0.006310081665849,neutral,0.0,0
2025-05-28,AMZN,205.9199981689453,207.6600036621093,204.4100036621093,204.72000122070312,28549800,-0.006310081665849,0.0079763420408853,0.0031851515320999,-0.0314613902167026,0.0137839611389333,0.0158753418357801,38817820.0,0.7354817967624148,206.0200042724609,-0.0004854193837572,0.0047870052837806,neutral,0.0,0
2025-05-29,AMZN,208.02999877929688,208.8099975585937,204.22999572753903,205.6999969482422,34650000,0.0047870052837806,0.0234339585369993,0.0227724838019514,-0.0216409182009884,0.013973397181077,0.0222654443315674,38433610.0,0.901554654897107,204.72000122070312,0.0161684131440842,-0.003354411529621,neutral,0.0,0
2025-05-30,AMZN,204.83999633789065,205.9900054931641,201.6999969482422,205.009994506836,51679400,-0.0033544115296211,-0.0049024839563114,0.0094041769863211,-0.0007798589634805,0.0116845827120742,0.0209258507383592,37166820.0,1.3904713935709323,205.6999969482422,-0.0041808489212954,0.0079996070122996,neutral,0.0,0
2025-06-02,AMZN,204.97999572753903,207.0,202.67999267578125,206.6499938964844,29113300,0.0079996070122998,0.0094274749134091,0.0281605465377869,0.0051558810130607,0.0119500204530048,0.0209049477464912,35746300.0,0.8144423338918994,205.009994506836,-0.000146328374717,-0.0045486920415205,neutral,0.0,0
2025-06-03,AMZN,207.1100006103516,208.9499969482422,205.02999877929688,205.7100067138672,33139100,-0.0045486920415205,4.8661962924079205e-05,-0.0015046963992086,-0.0021827558219279,0.0120246891539347,0.0190559430314823,35628730.0,0.930122965370924,206.6499938964844,0.002226018521431,0.0073889891792482,neutral,0.0,0
2025-06-04,AMZN,206.5500030517578,208.17999267578125,205.17999267578125,207.22999572753903,29915600,0.0073889891792482,0.010828746305971,0.0122606217852154,0.015484825255579,0.0116801579678181,0.0144766687345027,35673250.0,0.8386003518042231,205.7100067138672,0.0040834004689865,0.0032814165352024,neutral,0.0,0
2025-06-05,AMZN,209.5500030517578,212.8099975585937,207.5599975585937,207.9100036621093,51864200,0.0032814165352026,0.0060973133454633,0.0107438344514085,0.0337609820493753,0.010227684959731,0.0252513102184932,36613580.0,1.4165290583439258,207.22999572753903,0.0111953258314451,0.0272233349161397,spike,0.0,0
2025-06-06,AMZN,212.3999938964844,213.8699951171875,210.5,213.57000732421875,39832500,0.0272233349161394,0.0382091310768584,0.0417541244170773,0.0515509645793257,0.0126412722685774,0.0157793463577099,36702940.0,1.0852672837652788,207.9100036621093,0.0215958354830876,0.0159666071376005,spike,0.0,0
2025-06-09,AMZN,214.75,217.8500061035156,212.8800048828125,216.97999572753903,38102500,0.0159666071376005,0.0470491733871338,0.0499879125872568,0.0795561460637841,0.0117680322338281,0.0229053429743076,37173840.0,1.0249815461625702,213.57000732421875,0.0055250860856595,0.002903515970217,neutral,0.0,0
2025-06-10,AMZN,216.77999877929688,217.69000244140625,214.1499938964844,217.6100006103516,31303300,0.002903515970217,0.0466547870587625,0.0578483958392783,0.0562566551671503,0.0101230492292833,0.0162676739809422,36814970.0,0.8502872608615463,216.97999572753903,-0.0009217298929865,-0.0202656295654622,crash,0.0,0
2025-06-11,AMZN,217.4100036621093,218.3999938964844,212.88999938964844,213.1999969482422,39326000,-0.0202656295654622,-0.0017325015839646,0.0288085766722321,0.0414224095201962,0.0125969152004031,0.0258442522781724,37892590.0,1.0378282402971135,217.6100006103516,-0.000919061383582,0.0001876573428452,neutral,0.0,0
2025-06-12,AMZN,211.77999877929688,213.5800018310547,211.3300018310547,213.2400054931641,27640000,0.0001876573428452,-0.0172365670016476,0.0256361008954477,0.0366553653708565,0.012654426785545,0.0105514910056224,37191590.0,0.743178767027707,213.1999969482422,-0.0066604042648745,-0.0053460859139071,neutral,0.0,0
2025-06-13,AMZN,209.9600067138672,214.0500030517578,209.6199951171875,212.1000061035156,29337800,-0.0053460859139071,-0.0253205022351067,-0.0068829946635322,0.0345837363380019,0.0127923338475548,0.0208864111602535,34957430.0,0.8392436171652207,213.2400054931641,-0.0153817233858683,0.0188590282173202,spike,0.0,0
2025-06-16,AMZN,212.3099975585937,217.0599975585937,211.6000061035156,216.1000061035156,33284200,0.0188590282173202,0.0136022945440164,-0.0040556255938378,0.0457295547357476,0.013650841893941,0.0252660402631487,35374520.0,0.9409088801770312,212.1000061035156,0.0009900586941786,-0.0059231778951626,neutral,0.0,0
2025-06-17,AMZN,215.1999969482422,217.4100036621093,214.5599975585937,214.82000732421875,32086300,-0.0059231778951626,0.0074095000485512,-0.0128210710827052,0.0442856463614973,0.0137592916907948,0.0132669491031821,35269240.0,0.9097530879599334,216.1000061035156,-0.0041647807952503,-0.0107066519567078,neutral,0.0,0
2025-06-18,AMZN,215.08999633789065,217.9600067138672,212.33999633789065,212.5200042724609,44360500,-0.0107066519567078,0.0019801893298405,-0.0031894591253036,0.0255272337691743,0.0144967132629065,0.026444618214723,36713730.0,1.2082809346802954,214.82000732421875,0.0012568150287064,-0.0133164020993828,neutral,0.0,0
2025-06-20,AMZN,214.67999267578125,214.88999938964844,208.2700042724609,209.69000244140625,75350700,-0.0133164020993828,-0.0296622095375548,-0.0166479223424689,0.0085613907361077,0.0153380738989082,0.0315703898140654,39062380.0,1.9289838458383743,212.5200042724609,0.0101636945223807,-0.00581811820544,neutral,0.0,0
2025-06-23,AMZN,209.7899932861328,210.38999938964844,207.3099975585937,208.47000122070312,37311700,-0.00581811820544,-0.0295596587236487,-0.0171145911284926,-0.0238797861526189,0.0123116805803562,0.0147743167507059,38810300.0,0.9613865391403827,209.69000244140625,0.0004768507967112,0.0206264835543674,spike,0.0,0
2025-06-24,AMZN,212.13999938964844,214.33999633789065,211.0500030517578,212.7700042724609,38378800,0.0206264835543674,0.0011763598483627,-0.0154095406617413,-0.0194026709280822,0.0131419962612853,0.0154626743435125,38837930.0,0.9881783091941306,208.47000122070312,0.0176044425934451,-0.003665924536515,neutral,0.0,0
2025-06-25,AMZN,214.6199951171875,216.02999877929688,211.1100006103516,211.9900054931641,31755700,-0.003665924536515,0.0109685870808291,-0.0131738280167892,-0.0258259965140598,0.0130401139737122,0.0232086326782228,38883170.0,0.8166952437262702,212.7700042724609,0.0086947915945783,0.0241992051091712,spike,0.0,0
2025-06-26,AMZN,213.1199951171875,218.0399932861328,212.009994506836,217.1199951171875,50480800,0.0241992051091712,0.0414927512152061,0.02164497813029,0.0183864832319717,0.0138772350465744,0.0277726552823577,39998650.0,1.262062594612568,211.9900054931641,0.0053303910313821,0.0284635596607982,spike,0.0,0
2025-06-27,AMZN,219.9199981689453,223.3000030517578,216.7400054931641,223.3000030517578,119217100,0.0284635596607982,0.0494900529579009,0.0649053386040883,0.0471768772249268,0.0161774665569116,0.0293775076978982,49156360.0,2.4252629771610428,217.1199951171875,0.0128961086713664,-0.0175100922914143,crash,0.0,0
2025-06-30,AMZN,223.5200042724609,223.82000732421875,219.1199951171875,219.38999938964844,58887800,-0.0175100922914143,0.0349072772523841,0.0523816285556812,0.0343705472718136,0.0174287969484994,0.0214230923018682,52111360.0,1.1300376731676165,223.3000030517578,0.0009852271280627,0.0048771927945465,neutral,0.0,0
2025-07-01,AMZN,219.5,221.8800048828125,217.92999267578125,220.4600067138672,39256800,0.0048771927945465,0.0153832519887306,0.0361423240446943,0.0201758467709762,0.0166028638731863,0.0179171372890228,52708620.0,0.7447889927681658,219.38999938964844,0.0005013930017666,-0.0024494626166946,neutral,0.0,0
2025-07-02,AMZN,219.72999572753903,221.6000061035156,219.0599975585937,219.9199981689453,30894200,-0.0024494626166946,-0.0151366092101175,0.0374073893593862,0.0237407628286194,0.0164514717087994,0.0115496933706347,52589410.0,0.5874604792105483,220.4600067138672,-0.003311308010961,0.0158694321672507,spike,0.0,0
2025-07-03,AMZN,221.82000732421875,224.009994506836,221.3600006103516,223.4100036621093,29632400,0.015869432167251,0.0183235529588619,0.0289701947603993,0.0512422321227084,0.0162314893294417,0.0118615722351103,51116600.0,0.5797020928622013,219.9199981689453,0.0086395469765956,0.0002685535903064,neutral,0.0,0
2025-07-07,AMZN,223.0,224.2899932861328,222.3699951171875,223.47000122070312,36604100,0.0002685535903061,0.0136532451019226,0.0007612994474788,0.0657160504499847,0.0150411493825223,0.0085917490421861,47241940.0,0.7748221178046456,223.4100036621093,-0.0018352072664098,-0.0183917330643965,crash,0.0,0
2025-07-08,AMZN,223.9199981689453,224.0,218.42999267578125,219.3600006103516,45692000,-0.0183917330643965,-0.0025463694218637,-0.00013673722312,0.05223772881413,0.016626045018279,0.0253920829172166,48079970.0,0.9503333716722367,223.47000122070312,0.0020136794459394,0.0144966842949176,neutral,0.0,0
2025-07-09,AMZN,221.07000732421875,224.2899932861328,220.47000122070312,222.5399932861328,38155100,0.0144966842949176,-0.0038942319579043,0.0094347569124644,0.0459180749987719,0.0160999481364313,0.0171654182649232,48057600.0,0.7939451824477294,219.3600006103516,0.0077954353989296,-0.0012581953255332,neutral,0.0,0
2025-07-10,AMZN,221.5500030517578,222.7899932861328,219.6999969482422,222.259994506836,30370600,-0.0012581953255333,-0.005414627051763,0.0106402162485153,0.0484456283199776,0.0159798915147363,0.0139026204186988,47919090.0,0.6337891641932265,222.5399932861328,-0.0044485946986711,0.0124179332036293,neutral,0.0,0
2025-07-11,AMZN,223.5800018310547,226.67999267578125,222.3699951171875,225.0200042724609,50518300,0.0124179332036293,0.0258023506854523,0.0072064839709977,0.0363854519755746,0.014785007157546,0.0191538417774407,47922840.0,1.0541591441575666,222.259994506836,0.0059390234718021,0.0029775049161144,neutral,0.0,0
2025-07-14,AMZN,225.07000732421875,226.6600036621093,224.2400054931641,225.69000244140625,35702600,0.0029775049161144,0.0141548002620062,0.0099342247665297,0.0107030871338342,0.0119656939965185,0.010722664463498,39571390.0,0.902232648385614,225.0200042724609,0.0002222160288349,0.002924381474455,neutral,0.0,0
2025-07-15,AMZN,226.1999969482422,227.2700042724609,225.4600067138672,226.3500061035156,34907300,0.002924381474455,0.0184019243128066,0.0318654516489556,0.0317243572324634,0.0100145416867325,0.0079964546489385,37173340.0,0.939041259138942,225.69000244140625,0.0022597124432587,-0.0139606961647891,neutral,0.0,0
2025-07-16,AMZN,225.8800048828125,226.1000061035156,222.17999267578125,223.19000244140625,39535900,-0.0139606961647891,-0.0081326184175112,0.002920864450812,0.0123831790093442,0.0113421568841288,0.0175635708806601,37201250.0,1.0627572998219146,226.3500061035156,-0.0020764356440447,0.0030915472640284,neutral,0.0,0
2025-07-17,AMZN,223.32000732421875,224.5,222.509994506836,223.8800048828125,31855800,0.0030915472640284,-0.0080198393327752,0.0072888077747463,0.0180065785141789,0.0112743495554129,0.0088887147121766,37297410.0,0.8541022017346512,223.19000244140625,0.0005824852430235,0.0100500265808809,neutral,0.0,0
2025-07-18,AMZN,225.13999938964844,226.3999938964844,222.97999572753903,226.1300048828125,37833800,0.0100500265808809,-0.0009719514679512,0.0049328974725624,0.0121749302901268,0.0105999625693081,0.0151240352677554,38117550.0,0.9925559224031976,223.8800048828125,0.0056279903490955,0.0140184765422355,neutral,0.0,0
2025-07-21,AMZN,225.83999633789065,229.69000244140625,225.6499938964844,229.3000030517578,40297600,0.0140184765422355,0.0273757809199164,0.0159953944406057,0.0260885210507377,0.0113239105899562,0.0176188769784269,38486900.0,1.0470471770914258,226.1300048828125,-0.0012824859092544,-0.0079808190436073,neutral,0.0,0
2025-07-22,AMZN,229.67999267578125,230.0,226.3500061035156,227.47000122070312,37483700,-0.0079808190436073,0.0160353593871402,0.0049480675369424,0.0369711915927521,0.0095089360801186,0.0160460450912073,37666070.0,0.9951582418871944,229.3000030517578,0.0016571723461236,0.0036048360708191,neutral,0.0,0
2025-07-23,AMZN,228.47000122070312,228.7899932861328,227.08999633789065,228.2899932861328,28294900,0.0036048360708191,0.0095519761052482,0.0228504448628492,0.0258380523657466,0.0087233409769416,0.0074466555619519,36680050.0,0.7713975308103451,227.47000122070312,0.0043961840885987,0.0172587610376242,spike,0.0,0
2025-07-24,AMZN,229.1699981689453,236.0,228.63999938964844,232.22999572753903,42902300,0.0172587610376242,0.0127779879493497,0.0372967244176059,0.0448573808472601,0.0097239786295224,0.0316927216369869,37933220.0,1.1309954704609837,228.2899932861328,0.0038547676582106,-0.0034017710918775,neutral,0.0,0
2025-07-25,AMZN,232.22000122070312,232.47999572753903,231.17999267578125,231.44000244140625,28712100,-0.0034017710918775,0.0174528561981728,0.023482056533566,0.0285307885834533,0.0095674661128225,0.0056170196942808,35752600.0,0.8030772587168485,232.22999572753903,-4.303710554098709e-05,0.0058330056623134,neutral,0.0,0
2025-07-28,AMZN,233.3500061035156,234.2899932861328,232.25,232.7899932861328,26300100,0.0058330056623134,0.0197117706966674,0.0152201927079225,0.0314590401343535,0.0096139214776056,0.0087632344386271,34812350.0,0.7554818907657771,231.44000244140625,0.0082526946161474,-0.0076463715392995,neutral,0.0,0
2025-07-29,AMZN,234.1499938964844,234.72000122070312,230.3099975585937,231.009994506836,33716200,-0.0076463715392997,-0.0052534179182194,0.0155624621582437,0.0205875338089862,0.0102037706481727,0.0190900989869462,34693240.0,0.9718377413006108,232.7899932861328,0.0058421781415662,-0.0035495956232555,neutral,0.0,0
2025-07-30,AMZN,231.63999938964844,231.8000030517578,229.2899932861328,230.19000244140625,32993300,-0.0035495956232554,-0.0054009677964658,0.008322787731182,0.0313634119961878,0.0088220823439274,0.0109040781050598,34038980.0,0.969279925544185,231.009994506836,0.0027271758702796,0.0170294023518382,spike,0.0,0
2025-07-31,AMZN,235.7700042724609,236.52999877929688,231.3999938964844,234.1100006103516,104357300,0.0170294023518382,0.0056703782906866,0.0080954438160445,0.0456941017706957,0.0098561251005207,0.0219127968452349,41289130.0,2.527476360000804,230.19000244140625,0.0242408522171809,-0.0826961708593304,crash,0.0,0
2025-08-01,AMZN,217.2100067138672,220.44000244140625,212.8000030517578,214.75,122258800,-0.0826961708593304,-0.070386541247049,-0.0721137325671765,-0.0503250547785995,0.0290411169194055,0.0355762486130311,49731630.0,2.4583710608319094,234.1100006103516,-0.0721882612977838,-0.0144354184098514,neutral,0.0,0
2025-08-04,AMZN,217.3999938964844,217.44000244140625,211.4199981689453,211.6499938964844,77890100,-0.0144354184098514,-0.0805421970906017,-0.0908114609705936,-0.0769734361987314,0.0283840630665597,0.0284432055093998,53490880.0,1.4561379435148571,214.75,0.0123399017298458,0.0099220702295068,neutral,0.0,0
2025-08-05,AMZN,213.0500030517578,216.3000030517578,212.8699951171875,213.75,51505100,0.0099220702295068,-0.0869676671533499,-0.0747153582843153,-0.0603156510620108,0.0289168638230686,0.0160468207465277,54893020.0,0.9382814062698682,211.6499938964844,0.0066147375178198,0.040046772203947,spike,0.0,0
2025-08-06,AMZN,214.6999969482422,222.6499938964844,213.7400054931641,222.3099975585937,54823000,0.0400467722039472,0.0352037138933352,-0.0342326113177671,-0.026194734344067,0.0323297788881922,0.0400791170040471,57545830.0,0.952684147574203,213.75,0.0044444301672149,0.0036885760119838,neutral,0.0,0
2025-08-07,AMZN,221.0,226.22000122070312,220.82000732421875,223.1300048828125,40603500,0.0036885760119835,0.05424054484945,-0.0469010110585322,-0.0391852517424277,0.0317026590024316,0.0242011104661627,57315950.0,0.7084153712884459,222.3099975585937,-0.0058926614771269,-0.001971955504762,neutral,0.0,0
2025-08-08,AMZN,223.13999938964844,223.8000030517578,221.8800048828125,222.69000244140625,32970500,-0.001971955504762,0.0418245728252923,0.0369732360484575,-0.0378067745752606,0.0317064802941628,0.008621842686676,57741790.0,0.5709989246956148,223.1300048828125,4.479230321886381e-05,-0.0062418580735978,neutral,0.0,0
2025-08-11,AMZN,221.77999877929688,223.0500030517578,220.3999938964844,221.3000030517578,31646200,-0.0062418580735978,-0.0045431807742686,0.0455941858424675,-0.0493577497562454,0.0315462405185579,0.0119747361894686,58276400.0,0.543036289132479,222.69000244140625,-0.0040864145320076,0.0007681796954406,neutral,0.0,0
2025-08-12,AMZN,222.22999572753903,223.5,219.0500030517578,221.47000122070312,37185800,0.0007681796954406,-0.0074396254460766,0.0361169647752193,-0.0412968854724185,0.0315677390587132,0.0200930009649821,58623360.0,0.6343171049902292,221.3000030517578,0.004202406972239,0.0139522116804038,neutral,0.0,0
2025-08-13,AMZN,222.0,224.9199981689453,222.0,224.5599975585937,36508300,0.013952211680404,0.0083973016151881,0.010121002315278,-0.0244580773408941,0.0320610288275348,0.013003198257443,58974860.0,0.6190485233877622,221.47000122070312,0.0023930951206737,0.028589233339612,spike,0.0,0
2025-08-14,AMZN,227.3999938964844,233.1100006103516,227.0200042724609,230.97999572753903,61545800,0.0285892333396118,0.0437414936389191,0.0351812426520106,-0.0133698042571964,0.0330172737575671,0.0263659037602302,54693710.0,1.125281133790339,224.5599975585937,0.0126469378730272,0.0002164821745724,neutral,0.0,0
2025-08-15,AMZN,232.5800018310547,234.0800018310547,229.8099975585937,231.02999877929688,39649200,0.0002164821745724,0.0431661060455175,0.0374511484415875,0.0758090746416617,0.0164118422346045,0.0184824667576616,46432750.0,0.8539059176981764,230.97999572753903,0.0069270332198074,0.0019911124801876,neutral,0.0,0
2025-08-18,AMZN,230.22999572753903,231.9100036621093,228.3300018310547,231.4900054931641,25248900,0.0019911124801876,0.0308603847965491,0.0460461016759363,0.0937397220355376,0.0147115572403615,0.0154650384297492,41168630.0,0.613304353338938,231.02999877929688,-0.0034627669825773,-0.0150330938863399,crash,0.0,0
2025-08-19,AMZN,230.08999633789065,230.52999877929688,227.1199951171875,228.009994506836,29891000,-0.0150330938863401,-0.0128582616487985,0.0295299284331311,0.0667134245933847,0.0165567311584213,0.0149555008300618,39007220.0,0.766294034796635,231.4900054931641,-0.0060478168476037,-0.0184202317855692,crash,0.0,0
2025-08-20,AMZN,227.1199951171875,227.2700042724609,220.9199981689453,223.8099975585937,36604300,-0.018420231785569,-0.0312513580870527,-0.0033398646604647,0.006747334876852,0.0134688145074656,0.0283723076394438,37185350.0,0.9843742226441328,228.009994506836,-0.0039033349900887,-0.008310623433453,neutral,0.0,0
2025-08-21,AMZN,222.6499938964844,222.77999877929688,220.5,221.9499969482422,32140500,-0.0083106234334531,-0.0412113193595462,-0.0390942893165021,-0.0052884323432433,0.0137106407822842,0.0102725785566402,36339050.0,0.8844617567052523,223.8099975585937,-0.0051829841149327,0.0310430253858267,spike,0.0,0
2025-08-22,AMZN,222.7899932861328,229.13999938964844,220.82000732421875,228.83999633789065,37315300,0.0310430253858267,0.0036401993379715,-0.0094792990216752,0.0276168387851294,0.0169051928467446,0.0363572461045879,36773530.0,1.0147326079383732,221.9499969482422,0.0037846197316529,-0.0039328522587263,neutral,0.0,0
2025-08-25,AMZN,227.3500061035156,229.6000061035156,227.3099975585937,227.94000244140625,22633700,-0.0039328522587263,0.0184531742454054,-0.0153354484751726,0.03000451558103,0.0167824538600494,0.0100465408458111,35872280.0,0.6309523676777724,228.83999633789065,-0.006511056887866,0.003378100659005,neutral,0.0,0
2025-08-26,AMZN,227.1100006103516,229.0,226.0200042724609,228.7100067138672,26105400,0.003378100659005,0.0304573546229938,0.0030700943989112,0.0326906824999253,0.0167626797240284,0.0130295817413327,34764240.0,0.7509268144507114,227.94000244140625,-0.0036413171104883,0.0017926124405795,neutral,0.0,0
2025-08-27,AMZN,228.57000732421875,229.8699951171875,227.8099975585937,229.1199951171875,21254500,0.0017926124405795,0.0012235569995526,0.0237254707855649,0.0203063662636706,0.0163437214793378,0.0089909113237373,33238860.0,0.6394473215988755,228.7100067138672,-0.0006121262102168,0.0108240705271474,neutral,0.0,0
2025-08-28,AMZN,229.009994506836,232.7100067138672,228.0200042724609,231.6000061035156,33679600,0.0108240705271474,0.0160568729617793,0.0434783027166418,0.0026842600547447,0.013936521670646,0.0202504417867331,30452240.0,1.105981037848119,229.1199951171875,-0.0004801004394892,-0.011226278216735,neutral,0.0,0
2025-08-29,AMZN,231.32000732421875,231.8099975585937,228.1600036621093,229.0,26199200,-0.011226278216735,0.0012679518937517,0.0006991944794174,-0.0087867324158025,0.0144108356963077,0.0159388379759143,29107240.0,0.9000922107351985,231.6000061035156,-0.0012089756991271,-0.0159825487428355,crash,0.0,0
2025-09-02,AMZN,223.5200042724609,226.1699981689453,221.8300018310547,225.33999633789065,38843900,-0.0159825487428355,-0.0164979000517326,-0.0114065371398947,-0.0265670612524783,0.0151285027907329,0.0192597692749711,30466740.0,1.274960826133679,229.0,-0.0239301123473322,0.0028845707190781,neutral,0.0,0
2025-09-03,AMZN,225.2100067138672,227.1699981689453,224.3600006103516,225.9900054931641,29223100,0.0028845707190781,-0.02422279992447,-0.0118927949842877,-0.0088592125886451,0.0145402319951212,0.0124341673980742,30399950.0,0.9612877652759296,225.33999633789065,-0.0005768599722019,0.0428779456926482,spike,0.0,0
2025-09-04,AMZN,231.19000244140625,235.7700042724609,230.77999877929688,235.67999267578125,59391800,0.0428779456926482,0.0291702736933678,0.0286312748707877,0.0530360361318531,0.0186300168445253,0.0211728006120089,32678700.0,1.8174468384605265,225.9900054931641,0.0230098536300068,-0.0142141503260102,neutral,0.0,0
2025-09-05,AMZN,235.19000244140625,236.0,231.92999267578125,232.3300018310547,36721800,-0.0142141503260102,0.0310198171951805,0.0031519676524223,0.0467673125728091,0.0191954175397462,0.0175182167268193,33136830.0,1.108186872431672,235.67999267578125,-0.0020790489205804,0.0151077970093089,spike,0.0,0
2025-09-08,AMZN,234.94000244140625,237.6000061035156,233.75,235.83999633789065,33947100,0.0151077970093089,0.0435859578092028,0.0298689796414439,0.0305890583465324,0.0173415596542149,0.0163246529990597,32800010.0,1.034972245435291,232.3300018310547,0.0112340231127338,0.0101764297512747,neutral,0.0,0
2025-09-09,AMZN,236.3600006103516,238.8500061035156,235.0800018310547,238.2400054931641,27033800,0.0101764297512747,0.0108622407371872,0.0572468685760083,0.0451873429035587,0.0172750230893853,0.015824396346268,33240020.0,0.8132907260585283,235.83999633789065,0.0022049028177388,-0.0332018279034852,crash,0.0,0
2025-09-10,AMZN,237.5200042724609,237.67999267578125,229.1000061035156,230.3300018310547,60907700,-0.0332018279034852,-0.0086084448165861,0.019204372903216,0.0070831842491887,0.0210204216994942,0.037250842287402,36720250.0,1.6586951341562215,238.2400054931641,-0.0030221675793398,-0.0016498279850283,neutral,0.0,0
2025-09-11,AMZN,231.4900054931641,231.52999877929688,229.33999633789065,229.9499969482422,37485600,-0.0016498279850283,-0.0249745568228799,-0.0243126099185757,0.003622563934807,0.0210324341383637,0.0095238202673216,38343360.0,0.9776295035176886,230.3300018310547,0.005036268192974,-0.0078278020249895,neutral,0.0,0
2025-09-12,AMZN,230.3500061035156,230.7899932861328,226.2899932861328,228.1499938964844,38496200,-0.0078278020249895,-0.042352297532033,-0.0179916838188203,-0.0148964253718075,0.0208472491338644,0.0197238664053689,38825020.0,0.9915307191084513,229.9499969482422,0.0017395484261017,0.014376501718361,neutral,0.0,0
2025-09-15,AMZN,230.6300048828125,233.72999572753903,230.32000732421875,231.42999267578125,33243300,0.014376501718361,0.0047757167367774,-0.0186991338644321,0.0106113217283023,0.0210645220823889,0.0147344273051827,39529430.0,0.8409759513354986,228.1499938964844,0.0108700900840405,0.0113209629645845,neutral,0.0,0
2025-09-16,AMZN,232.94000244140625,235.8999938964844,232.22999572753903,234.0500030517578,38203900,0.0113209629645845,0.0178299898148659,-0.0175873167595544,0.038652733005315,0.0203390294362777,0.0156804021409638,39465430.0,0.9680345558125174,231.42999267578125,0.0065246934857766,-0.0103824306895349,neutral,0.0,0
2025-09-17,AMZN,233.7700042724609,234.3000030517578,228.7100067138672,231.6199951171875,42815200,-0.0103824306895349,0.0152092978896922,0.0056006307292917,0.0249125602335262,0.0208451898104073,0.0241343426981007,40824640.0,1.0487587888098953,234.0500030517578,-0.0011963203402949,-0.0016837898189711,neutral,0.0,0
2025-09-18,AMZN,232.5,233.47999572753903,228.7899932861328,231.22999572753903,37931700,-0.0016837898189711,-0.0008641790371674,0.0055664222495508,-0.0188815219218203,0.0153237716299069,0.0202828462053535,38678630.0,0.9806888196401992,231.6199951171875,0.0037993476442621,0.0010811746080494,neutral,0.0,0
2025-09-19,AMZN,232.3699951171875,234.1600036621093,229.6999969482422,231.47999572753903,97943200,0.0010811746080494,-0.0109805908596823,0.0145956691656345,-0.0036586153179379,0.0146972796258543,0.0192673526705813,44800770.0,2.186194567638012,231.22999572753903,0.0049301535731192,-0.0166320672014272,crash,0.0,0
2025-09-22,AMZN,230.5599975585937,230.57000732421875,227.509994506836,227.6300048828125,45914500,-0.0166320672014272,-0.0172264498682692,-0.0164195995040811,-0.034811701079386,0.0144325945401511,0.0134429238314084,45997510.0,0.9981953370954212,231.47999572753903,-0.0039744175994723,-0.030400202172415,crash,0.0,0
2025-09-23,AMZN,227.8300018310547,227.8600006103516,220.07000732421875,220.7100067138672,70956200,-0.030400202172415,-0.0454957799941651,-0.056996351907505,-0.0735812557719232,0.0158160013023561,0.0352951522321864,50389750.0,1.40814749031301,227.6300048828125,0.0008786053857229,-0.0022654160880354,neutral,0.0,0
2025-09-24,AMZN,224.1499938964844,224.5599975585937,219.4499969482422,220.2100067138672,49509000,-0.0022654160880354,-0.0486866650323298,-0.0492616727564796,-0.0439369384654042,0.0130060650375079,0.0232051244473702,49249880.0,1.005261332616445,220.7100067138672,0.0155860046122733,-0.009354764790773,neutral,0.0,0
2025-09-25,AMZN,220.0599975585937,220.6699981689453,216.47000122070312,218.1499938964844,52226300,-0.009354764790773,-0.0416465790228689,-0.0565670634119067,-0.0513155173227236,0.0130527658615902,0.0192527942505244,50723950.0,1.0296181586804656,220.2100067138672,-0.0006812095304478,0.0074719455806444,neutral,0.0,0
2025-09-26,AMZN,219.0800018310547,221.0500030517578,218.0200042724609,219.77999877929688,41650100,0.0074719455806444,-0.0042137098739523,-0.0505443112328959,-0.0366863701122216,0.013592998547409,0.0137865083088822,51039340.0,0.8160391572461556,218.1499938964844,0.0042631581966102,0.0108745081578076,neutral,0.0,0
2025-09-29,AMZN,220.0800018310547,222.6000061035156,219.3000030517578,222.1699981689453,44259200,0.0108745081578076,0.0089005558118204,-0.0239863225266725,-0.0400120762212899,0.0131137290879317,0.0148535044288399,52140930.0,0.8488379474627706,219.77999877929688,0.0013650152580948,-0.0117027090343199,neutral,0.0,0
2025-09-30,AMZN,222.02999877929688,222.2400054931641,217.88999938964844,219.57000732421875,48396400,-0.0117027090343199,0.0065093443385937,-0.0051651459153202,-0.0618671033485821,0.0121081132789567,0.0198114767883229,53160180.0,0.9103881890542884,222.1699981689453,-0.0006301453427657,0.0048276063361811,neutral,0.0,0
2025-10-01,AMZN,217.3600006103516,222.1499938964844,216.6100006103516,220.6300048828125,43933800,0.0048276063361811,0.0038675316600087,0.0019072619596758,-0.0474483657113222,0.0124876005890809,0.02510988153708,53272040.0,0.824706543995687,219.57000732421875,-0.0100651575358552,0.0080678001174059,neutral,0.0,0
2025-10-02,AMZN,221.009994506836,222.8099975585937,218.9499969482422,222.4100036621093,41258600,0.0080678001174059,0.0010802785936088,0.0195278931231435,-0.0381438058573611,0.0131208055898572,0.0173553372006402,53604730.0,0.7696820784285268,220.6300048828125,0.0017222935032127,-0.0130390230094105,neutral,0.0,0
2025-10-03,AMZN,223.44000244140625,224.1999969482422,219.33999633789065,219.509994506836,43639000,-0.0130390230094107,-0.0002733197403148,-0.0012285206750413,-0.0517107371765819,0.0132953827225819,0.0221402247367838,48174310.0,0.905856254090614,222.4100036621093,0.0046310811669321,0.0063322829230225,neutral,0.0,0
2025-10-06,AMZN,221.0,221.72999572753903,216.02999877929688,220.8999938964844,43690900,0.0063322829230225,0.0012237184775267,-0.0057163626183908,-0.0295655706276192,0.0130859112642456,0.0258035179073532,47951950.0,0.9111391716082452,219.509994506836,0.0067878708507627,0.0039837252472938,neutral,0.0,0
2025-10-07,AMZN,220.8800048828125,222.88999938964844,220.1699981689453,221.77999877929688,31194700,0.0039837252472938,-0.0028326283550158,0.0100650880418964,0.0048479544781894,0.0089154136988841,0.0122644117398968,43975800.0,0.709360602877037,220.8999938964844,-9.048897340065316e-05,0.0155108777181911,spike,0.0,0
2025-10-08,AMZN,222.9199981689453,226.72999572753903,221.19000244140625,225.22000122070312,46686000,0.0155108777181911,0.0260125135837008,0.0208040440389265,0.0227509847604052,0.0100041324910594,0.0245981407339745,43693500.0,1.0684884479384806,221.77999877929688,0.0051402263320548,0.0111890784957038,neutral,0.0,0
2025-10-09,AMZN,225.0,228.2100067138672,221.75,227.7400054931641,46412100,0.0111890784957038,0.0309642905643763,0.0239647576246264,0.0439606319733856,0.0094388985232666,0.0283657089578014,43112080.0,1.0765451353773698,225.22000122070312,-0.0009768280770389,-0.0499253978296662,crash,0.0,0
2025-10-10,AMZN,226.2100067138672,228.25,216.0,216.3699951171875,72367500,-0.0499253978296662,-0.024393559797487,-0.0143045850677686,-0.0155155322643062,0.019461205695262,0.0566159831605362,46183820.0,1.5669448737674796,227.7400054931641,-0.0067181818845737,0.0171003941883314,spike,0.0,0
2025-10-13,AMZN,217.6999969482422,220.67999267578125,217.0399932861328,220.07000732421875,37809700,0.0171003941883314,-0.022866503279332,-0.0037572955871361,-0.0094521801414863,0.0199895076623283,0.0165401884332461,45538870.0,0.8302731271109713,216.3699951171875,0.0061468866343244,-0.016721987604375,crash,0.0,0
2025-10-14,AMZN,215.5599975585937,219.32000732421875,212.6000061035156,216.38999938964844,45665600,-0.016721987604375,-0.0498375596283031,-0.0243033610754604,-0.0144828885025024,0.0203543362086649,0.0310550452408043,45265790.0,1.0088324980078776,220.07000732421875,-0.0204935230405143,-0.0037894175689383,neutral,0.0,0
2025-10-15,AMZN,216.6199951171875,217.7100067138672,212.6600036621093,215.57000732421875,45909500,-0.0037894175689383,-0.0036973139114574,-0.0428469667177913,-0.022934312861396,0.020249762889892,0.0234262786110249,45463360.0,1.0098131770287109,216.38999938964844,0.0010628759563186,-0.0051027789866018,neutral,0.0,0
2025-10-16,AMZN,215.6699981689453,218.58999633789065,212.8099975585937,214.47000122070312,42414600,-0.0051027789866018,-0.0254464757447179,-0.0582682179344168,-0.0356998440298075,0.0199387782289926,0.02695015035389,45578960.0,0.9305741070002476,215.57000732421875,0.0004638439547676,-0.0066676361562507,neutral,0.0,0
2025-10-17,AMZN,214.5599975585937,214.8000030517578,211.02999877929688,213.0399932861328,45986900,-0.0066676361562507,-0.0154813351493353,-0.0153903124564528,-0.0294747454904685,0.0196985339273308,0.017696227897442,45813750.0,1.0037794330304766,214.47000122070312,0.0004196220328174,0.0161472143720262,spike,0.0,0
2025-10-20,AMZN,213.8800048828125,216.69000244140625,213.58999633789065,216.47999572753903,38882800,0.0161472143720262,0.0042213126706056,-0.0163130434734376,-0.0200090461343181,0.0204353548733861,0.0143200580409159,45332940.0,0.8577162654793622,213.0399932861328,0.0039429760756304,0.0256374868869779,spike,0.0,0
2025-10-21,AMZN,218.42999267578125,223.32000732421875,217.9900054931641,222.02999877929688,50494600,0.0256374868869779,0.0352496736865965,0.026064048271901,0.0011272432202003,0.0221913501797427,0.0240057733655748,47262930.0,1.068376421013255,216.47999572753903,0.0090077466127469,-0.018375903497213,crash,0.0,0
2025-10-22,AMZN,219.3000030517578,220.009994506836,216.5200042724609,217.9499969482422,44308500,-0.018375903497213,0.0230473329743057,0.011040448778405,-0.032279567680744,0.0222042340654497,0.0160128024007444,47025180.0,0.9422292482453016,222.02999877929688,-0.0122956165497831,0.0144069714779309,neutral,0.0,0
2025-10-23,AMZN,219.0,221.3000030517578,218.17999267578125,221.08999633789065,31540000,0.0144069714779309,0.0212952730106006,0.0308667649531793,-0.0292000043684597,0.0224554295975573,0.0141119472959249,45537970.0,0.6926088273148759,217.9499969482422,0.0048176327894474,0.0141119472959247,neutral,0.0,0
2025-10-24,AMZN,221.97000122070312,225.3999938964844,221.8999938964844,224.2100067138672,38685100,0.0141119472959247,0.0098185287869019,0.0524315329503977,0.0362342828192674,0.0155787239336844,0.0156103648151022,42169730.0,0.9173665565323752,221.08999633789065,0.003980301675285,0.0123098631826821,neutral,0.0,0
2025-10-27,AMZN,227.6600036621093,228.3999938964844,225.5399932861328,226.97000122070312,38267000,0.0123098631826821,0.0413856590904333,0.0484571586298754,0.0313536314211093,0.0151887785141759,0.0126007868659724,42215460.0,0.9064688623551655,224.2100067138672,0.0153873459922999,0.0100453750144708,neutral,0.0,0
2025-10-28,AMZN,228.22000122070312,231.4900054931641,226.2100067138672,229.25,47100000,0.0100453750144708,0.0369080636721277,0.0325181338575784,0.0594297363400553,0.0135599581055653,0.0230316195389177,42358900.0,1.1119268913970854,226.97000122070312,0.0055073357416274,0.0045801659836763,neutral,0.0,0
2025-10-29,AMZN,231.6699981689453,232.82000732421875,227.759994506836,230.3000030517578,52036200,0.0045801659836763,0.0271620184448884,0.056664401360136,0.0683304505593167,0.0131494309180578,0.0219713970921901,42971570.0,1.210944817701564,229.25,0.0105561534087036,-0.032305698405632,crash,0.0,0
2025-10-30,AMZN,227.0599975585937,228.44000244140625,222.75,222.8600006103516,102252900,-0.032305698405632,-0.0181081226075996,0.0080058089546297,0.0391196873310717,0.0178413103887251,0.0255317348372202,48955400.0,2.0886950162801243,230.3000030517578,-0.0140686298316545,0.0958449275412924,spike,0.0,0
2025-10-31,AMZN,250.1000061035156,250.5,243.97999572753903,244.22000122070312,166340800,0.0958449275412924,0.065299896273514,0.089246661199972,0.1463575334077889,0.0335623475383582,0.0266972575541378,60990790.0,2.727310139776842,222.8600006103516,0.1222292265034604,0.0400458550913633,spike,0.0,0
2025-11-03,AMZN,255.3600006103516,258.6000061035156,252.8999938964844,254.0,95997800,0.0400458550913633,0.1029092341910036,0.119090622698694,0.1733185745240106,0.0345495771101757,0.0224409929410678,66702290.0,1.4391979645676334,244.22000122070312,0.0456146070508826,-0.0184251680148868,crash,0.0,0
2025-11-04,AMZN,250.3800048828125,257.010009765625,248.6600036621093,249.32000732421875,51546300,-0.0184251680148868,0.1187292768617094,0.0875463787315975,0.1229113574515161,0.0360503451435202,0.0334911192773117,66807460.0,0.7715650318093219,254.0,-0.0142519492802657,0.0035295587926045,neutral,0.0,0
2025-11-05,AMZN,249.02999877929688,251.0,246.1600036621093,250.1999969482422,40610700,0.0035295587926045,0.024486101456264,0.086409004050304,0.1479697198970762,0.0346216182341239,0.0193445099797178,66437680.0,0.6112600560404878,249.32000732421875,-0.0011631980442899,-0.028617121300727,crash,0.0,0
2025-11-06,AMZN,249.1600036621093,250.3800048828125,242.1699981689453,243.0399932861328,46004200,-0.028617121300727,-0.0431496327317605,0.0905500880396383,0.0992808236999385,0.0371999265503331,0.0337804762206419,67884100.0,0.6776874113378538,250.1999969482422,-0.0041566478769701,0.0056369750404148,neutral,0.0,0
2025-11-07,AMZN,242.8999938964844,244.8999938964844,238.4900054931641,244.4100036621093,46374300,0.0056369750404148,-0.0196935806107384,0.0007779970537078,0.0900940918931465,0.0371952118677484,0.0262263749735136,68653020.0,0.6754881285630261,243.0399932861328,-0.0005760343709505,0.016324987417009,spike,0.0,0
2025-11-10,AMZN,248.33999633789065,251.75,245.58999633789065,248.3999938964844,36476500,0.016324987417009,-0.0071942568893401,-0.0220472681240772,0.0944177316849155,0.0372533643683321,0.0247987271073621,68473970.0,0.5327060779446555,244.4100036621093,0.0160795082725599,0.0028180846386127,neutral,0.0,0
2025-11-11,AMZN,248.4100036621093,249.75,247.22999572753903,249.1000061035156,23564100,0.0028180846386127,0.0249342206418194,-0.0008824049985569,0.0865867223708423,0.0373152409302524,0.0101164360125055,66120380.0,0.3563817993786484,248.3999938964844,4.02969640535278e-05,-0.0196708512051869,crash,0.0,0
2025-11-12,AMZN,250.2400054931641,250.3699951171875,243.75,244.1999969482422,31190100,-0.0196708512051869,-0.0008592394366864,-0.0239808156402223,0.060356030014296,0.0384024945330341,0.0271089074525688,64035770.0,0.4870730843089729,249.1000061035156,0.0045764727487592,-0.0271089074525688,crash,0.0,0
2025-11-13,AMZN,243.0500030517578,243.75,236.5,237.5800018310547,41401700,-0.0271089074525688,-0.0435587452950531,-0.0224654032501145,0.06605044054738,0.0378499249228149,0.0305160364682358,57950650.0,0.7144302954324067,244.1999969482422,-0.0047092297741842,-0.0121643209334746,neutral,0.0,0
2025-11-14,AMZN,235.0599975585937,238.72999572753903,232.88999938964844,234.69000244140625,38956700,-0.0121643209334746,-0.0578482669973164,-0.0397692446097286,-0.0390221879111554,0.0216255365431953,0.0248838735231111,45212240.0,0.8616405645904738,237.5800018310547,-0.0106069713487626,-0.0077549418606919,neutral,0.0,0
2025-11-17,AMZN,233.25,234.6000061035156,229.19000244140625,232.8699951171875,59919000,-0.0077549418606919,-0.0463964044743868,-0.0625201254464149,-0.0831889956016239,0.0151920812471581,0.0232318623074942,41604360.0,1.4402096318751207,234.69000244140625,-0.0061357638860895,-0.044316538333916,crash,0.0,0
2025-11-18,AMZN,228.1000061035156,230.1999969482422,222.4199981689453,222.5500030517578,60608400,-0.044316538333916,-0.0632628952919397,-0.1065837109643614,-0.1073720659635987,0.0188332969315463,0.0349584303420005,42510570.0,1.425725413702992,232.8699951171875,-0.0204834848356976,0.0006290693674619,neutral,0.0,0
2025-11-19,AMZN,223.7400054931641,223.7400054931641,218.5200042724609,222.69000244140625,58335600,0.0006290693674619,-0.0511312790283683,-0.0880835166897849,-0.1099520177553272,0.0186033331494864,0.0234406626407786,44283060.0,1.317334438947986,222.5500030517578,0.0053471239051366,-0.02492255148822,crash,0.0,0
2025-11-20,AMZN,227.0500030517578,227.4100036621093,216.7400054931641,217.13999938964844,50309000,-0.02492255148822,-0.0675484006414104,-0.0860341875741769,-0.1065667981071416,0.0182573771443405,0.049138796163476,44713540.0,1.12514017006929,222.69000244140625,0.0195787891802585,0.01634891342791,spike,0.0,0
2025-11-21,AMZN,216.3500061035156,222.2100067138672,215.17999267578125,220.69000244140625,68490500,0.01634891342791,-0.0083576750610917,-0.0596531588664297,-0.0970500424094563,0.0196095760577155,0.0318547009847101,46925160.0,1.4595688112730996,217.13999938964844,-0.0036381748565598,0.0253296310483062,spike,0.0,0
2025-11-24,AMZN,222.5599975585937,227.3300018310547,222.2700042724609,226.27999877929688,54318400,0.0253296310483062,0.0161210485362279,-0.0282990358400374,-0.0890499020157206,0.0211017621616407,0.0223616651312123,48709350.0,1.1151534561639602,220.69000244140625,0.0084734020413269,0.0149814363087164,neutral,0.0,0
2025-11-25,AMZN,226.3800048828125,230.5200042724609,223.8000030517578,229.6699981689453,39379300,0.0149814363087164,0.057704701181344,0.0319927882253572,-0.0780008328321597,0.0221865401637873,0.0292593776909418,50290870.0,0.7830307966436055,226.27999877929688,0.0004419573274488,-0.0022205534501761,neutral,0.0,0
2025-11-26,AMZN,230.7400054931641,231.75,228.7700042724609,229.1600036621093,38497900,-0.002220553450176,0.0383796326385554,0.0290538468263992,-0.0615888348652213,0.021838320469135,0.0130039958104251,51021650.0,0.7545404744848511,229.6699981689453,0.0046588902893258,0.0177168680996364,spike,0.0,0
2025-11-28,AMZN,231.2400054931641,233.2899932861328,230.22000122070312,233.22000122070312,20292300,0.0177168680996364,0.0306699773680625,0.074053614609254,-0.0183517155347612,0.0216510869908426,0.0131635024841821,48910710.0,0.414884592760972,229.1600036621093,0.009076635528954,0.0028299616613276,neutral,0.0,0
2025-12-01,AMZN,233.22000122070312,235.8000030517578,232.25,233.8800048828125,42904000,0.0028299616613276,0.0183306777003162,0.0597671045153402,-0.0034513509317295,0.02135827053024,0.015178736863532,49305440.0,0.8701676731817016,233.22000122070312,0.0,0.0023088475921804,neutral,0.0,0
2025-12-02,AMZN,235.009994506836,238.97000122070312,233.5500030517578,234.4199981689453,45785400,0.0023088475921804,0.0229533706701789,0.0359731281313457,0.0066560874490413,0.0211959643651592,0.0231208864912589,47892080.0,0.956011933497146,233.8800048828125,0.0048314930752188,-0.0087023005804419,neutral,0.0,0
2025-12-03,AMZN,233.3500061035156,233.3800048828125,230.6100006103516,232.3800048828125,35495100,-0.0087023005804419,-0.0036017336999141,0.0117995677949791,0.0441698570939519,0.0147817255412008,0.0119201489554051,45380750.0,0.782162040072057,234.4199981689453,-0.0045644231455823,-0.0140717970726867,neutral,0.0,0
2025-12-04,AMZN,232.7700042724609,233.5,226.8000030517578,229.1100006103516,45683200,-0.0140717970726867,-0.0203950922390777,-0.0002182014791354,0.0288293057549118,0.0158911246023206,0.0292435813818398,44115510.0,1.0355360280318646,232.3800048828125,0.0016782829049559,0.0018331725713691,neutral,0.0,0
2025-12-05,AMZN,230.32000732421875,231.2400054931641,228.5500030517578,229.52999877929688,33117400,0.0018331725713691,-0.0208599924402534,-0.015821981056909,0.0570599586648017,0.0125830795572545,0.0117196116225,42396350.0,0.7811379989079249,229.1100006103516,0.0052813352129705,-0.0115017618772651,neutral,0.0,0
2025-12-08,AMZN,229.58999633789065,230.8300018310547,226.2700042724609,226.88999938964844,35019200,-0.0115017618772651,-0.0236251199664645,-0.029887144463959,0.0280936919645389,0.0130228131304278,0.0200978340643506,39049220.0,0.8967964020792221,229.52999877929688,0.0002613931029184,0.0045396393938368,neutral,0.0,0
2025-12-09,AMZN,226.83999633789065,228.57000732421875,225.1100006103516,227.9199981689453,25841700,0.0045396393938368,-0.0051940222523508,-0.0277280097720821,0.0072476551109053,0.010438477013551,0.0151807947598456,36201550.0,0.7138285515399202,226.88999938964844,-0.0002203845559182,0.0169357697497449,spike,0.0,0
2025-12-10,AMZN,228.8099975585937,232.4199981689453,228.4600067138672,231.77999877929688,38790700,0.0169357697497449,0.0098026402298876,-0.0025820040059737,0.0091870972576899,0.0107477966080066,0.017085130192139,36142690.0,1.07326543763068,227.9199981689453,0.0039048762583294,-0.0064716541888858,neutral,0.0,0
2025-12-11,AMZN,230.7100067138672,232.1100006103516,228.69000244140625,230.27999877929688,28249600,-0.0064716541888858,0.0149411582650966,0.0051067092917305,0.0048873935210742,0.0109696563778804,0.0148514772758145,35117860.0,0.8044225929484313,231.77999877929688,-0.0046164124215417,-0.0177609708162737,crash,0.0,0
2025-12-12,AMZN,229.8699951171875,230.0800018310547,225.1199951171875,226.19000244140625,35639100,-0.0177609708162737,-0.0075903639059206,-0.0145514588753262,-0.0301432070255593,0.0105257995045401,0.0219284966635608,36652540.0,0.972350074510525,230.27999877929688,-0.0017804571143077,-0.0161369163794892,crash,0.0,0
2025-12-15,AMZN,227.92999267578125,227.92999267578125,221.5,222.5399932861328,47286100,-0.0161369163794892,-0.0398654135034425,-0.0191723130821872,-0.0484864518553507,0.0110529846083328,0.0288936499944701,37090750.0,1.274875811354583,226.19000244140625,0.0076926045165313,8.989068511011666e-05,neutral,0.0,0
2025-12-16,AMZN,223.0399932861328,223.6600036621093,221.1300048828125,222.5599975585937,39298900,8.989068511011666e-05,-0.033524410550749,-0.0235170263838739,-0.0505929558185737,0.0109135133037308,0.0113677157038554,36442100.0,1.0783928478325893,222.5399932861328,0.0022467871622388,-0.0057961596885494,neutral,0.0,0
2025-12-17,AMZN,224.6600036621093,225.19000244140625,220.9900054931641,221.2700042724609,44034400,-0.0057961596885496,-0.0217516164102781,-0.045344699983555,-0.0478096237925215,0.0108461461606267,0.0189813208620473,37296030.0,1.1806725809690737,222.5599975585937,0.0094356853277856,0.0248112718776603,spike,0.0,0
2025-12-18,AMZN,225.7100067138672,229.22999572753903,224.4100036621093,226.759994506836,50272400,0.02481127187766,0.018962889134616,-0.0152857577345851,-0.0102571083639089,0.0137480182358693,0.0212559189548065,37754950.0,1.331544605409357,221.2700042724609,0.0200659933821806,0.0026019210221044,neutral,0.0,0
2025-12-19,AMZN,226.759994506836,229.1300048828125,225.5800018310547,227.3500061035156,85544400,0.0026019210221044,0.0215223247549722,0.005128447984388,-0.0094976372908773,0.0137674194465307,0.0156147040090311,42997650.0,1.9895133803824163,226.759994506836,0.0,0.0047503256796654,neutral,0.0,0
2025-12-22,AMZN,228.6100006103516,229.47999572753903,226.7100067138672,228.42999267578125,32261300,0.0047503256796654,0.0323586038101391,0.0264671500285134,0.0067874004595862,0.0133249196691416,0.0121262054129791,42721860.0,0.755147364838516,227.3500061035156,0.005542091370177,0.0162413292160497,spike,0.0,0
2025-12-23,AMZN,229.0599975585937,232.4499969482422,228.72999572753903,232.13999938964844,29230200,0.0162413292160497,0.0237255468916068,0.0430445809496047,0.0185152740198561,0.0141804270484266,0.0160248179136896,43060710.0,0.678813702793103,228.42999267578125,0.0027579779495359,0.0010338825441331,neutral,0.0,0
2025-12-24,AMZN,232.1300048828125,232.9499969482422,231.3300018310547,232.3800048828125,11420500,0.0010338825441331,0.0221244717143604,0.0502101522837741,0.0025886880087826,0.0131655762164507,0.0069713188878038,40323690.0,0.2832206080346317,232.13999938964844,-4.3053790222346207e-05,0.0006024588463151,neutral,0.0,0
2025-12-26,AMZN,232.0399932861328,232.9900054931641,231.17999267578125,232.5200042724609,15994700,0.0006024588463151,0.0179048799536791,0.0254013490261013,0.0097273124241714,0.0129473720200277,0.0077843316021184,39098200.0,0.4090904440613634,232.3800048828125,-0.0014631706236995,-0.0019353042317806,neutral,0.0,0
2025-12-29,AMZN,231.94000244140625,232.6000061035156,230.7700042724609,232.07000732421875,19797900,-0.0019353042317806,-0.0003015079935112,0.0207609460918776,0.0259958655084044,0.0112493136829556,0.007885559414397,37514080.0,0.5277458490252194,232.5200042724609,-0.0024944169120822,0.0019821236719981,neutral,0.0,0
2025-12-30,AMZN,231.2100067138672,232.7700042724609,230.1999969482422,232.52999877929688,21910500,0.0019821236719981,0.0006454681699485,0.0179486329946825,0.0448908321854728,0.0091557591270516,0.0110523688887901,34976520.0,0.626434533795815,232.07000732421875,-0.0037057809419985,-0.007353853111663,neutral,0.0,0
2025-12-31,AMZN,232.9100036621093,232.9900054931641,230.1199951171875,230.82000732421875,24383700,-0.007353853111663,-0.0073111857775907,-0.0056861896652893,0.0371136316329729,0.0098265780729614,0.0124339757599316,33485000.0,0.7281977004628938,232.52999877929688,0.0016342187451398,-0.0187159136432687,crash,0.0,0
2026-01-02,AMZN,231.33999633789065,235.4600067138672,224.6999969482422,226.5,51456200,-0.0187159136432687,-0.0240014096971912,-0.0253034028714206,0.0236362617008816,0.011853263241677,0.047505561879139,34227180.0,1.5033724659758707,230.82000732421875,0.0022527900406029,0.0289624616273451,spike,0.0,0
2026-01-05,AMZN,228.83999633789065,234.0,227.17999267578125,233.0599975585937,49733300,0.0289624616273453,0.0022792705546774,0.0023223519534261,0.0277826918520578,0.0127630522433166,0.0292628825009067,34173270.0,1.4553275118243,226.5,0.0103311096595613,0.0337681077818126,spike,0.0,0
2026-01-06,AMZN,232.1000061035156,243.17999267578125,232.07000732421875,240.92999267578125,53764700,0.0337681077818123,0.0438002990674963,0.0381780715815829,0.0597316305594577,0.0160791609792615,0.0461129194757963,30995300.0,1.7346081502679438,233.0599975585937,-0.0041190743376575,0.0026148877348792,neutral,0.0,0
2026-01-07,AMZN,239.6100006103516,245.2899932861328,239.5200042724609,241.5599975585937,42236500,0.0026148877348792,0.0664900554463299,0.038833693831769,0.0574793385448659,0.0161107703817734,0.0238863597946191,31992820.0,1.3201868419226563,240.92999267578125,-0.0054787370006106,0.0195810389772495,spike,0.0,0
2026-01-08,AMZN,243.0599975585937,246.4100036621093,241.8800048828125,246.2899932861328,39509800,0.0195810389772495,0.0567664801601697,0.0670218588988444,0.0609545702321361,0.0163853825339498,0.0183929469437843,33020780.0,1.1965132259141062,241.5599975585937,0.0062096374199381,0.0044257242534955,neutral,0.0,0
2026-01-09,AMZN,244.57000732421875,247.8600006103516,242.2400054931641,247.3800048828125,34560000,0.0044257242534955,0.0267713128423616,0.0921854520212472,0.064549443518449,0.016304826024352,0.0227180653499047,35334730.0,0.9780745459212508,246.2899932861328,-0.0069835803678626,-0.0036785659477226,neutral,0.0,0
2026-01-12,AMZN,246.72999572753903,248.94000244140625,245.9600067138672,246.47000122070312,35867800,-0.0036785659477226,0.020326228314845,0.0575388475181717,0.0599948249265296,0.0165284300675614,0.0120907035857504,37322040.0,0.9610353560523488,247.3800048828125,-0.0026275735404782,-0.0157016882298877,crash,0.0,0
2026-01-13,AMZN,246.52999877929688,247.6600036621093,240.25,242.6000061035156,38371800,-0.0157016882298877,-0.0149822862609374,0.0069315298157239,0.0453742338387814,0.0177850817335408,0.0305441198503002,39179430.0,0.979386376984045,246.47000122070312,0.0002434274284764,-0.0245260183731914,crash,0.0,0
2026-01-14,AMZN,241.1499938964844,241.27999877929688,236.22000122070312,236.6499938964844,41410600,-0.0245260183731914,-0.043374609000477,-0.0203262283148447,0.0177181229897909,0.0200481986580471,0.021381777684757,41129440.0,1.0068359792888013,242.6000061035156,-0.0059769669025172,0.006465239039753,neutral,0.0,0
2026-01-15,AMZN,239.3099975585937,240.6499938964844,236.6300048828125,238.17999267578125,43003600,0.006465239039753,-0.0336349596456508,-0.0329286647100176,0.0318862538689048,0.01981145462159,0.0168779458279018,42991430.0,1.0002830796742517,236.6499938964844,0.0112402439497752,0.0039466053837939,neutral,0.0,0
2026-01-16,AMZN,239.08999633789065,239.57000732421875,236.4100036621093,239.1199951171875,45888300,0.0039466053837939,-0.0143446450897581,-0.0333899652461316,0.0557174177359272,0.0182449907874411,0.0132151376992156,42434640.0,1.0813877530244158,238.17999267578125,0.0038206553450865,-0.0339578257067464,crash,0.0,0
2026-01-20,AMZN,233.759994506836,235.08999633789065,229.33999633789065,231.0,47737900,-0.0339578257067464,-0.0238748955935145,-0.0627662642272249,-0.0088389152157088,0.0200478548437112,0.0248917748917748,42235100.0,1.1302897353149397,239.1199951171875,-0.0224155265966976,0.0013419807731329,neutral,0.0,0
2026-01-21,AMZN,231.08999633789065,232.3000030517578,226.8800048828125,231.3099975585937,47276100,0.0013419807731329,-0.0288437120179914,-0.0465375443564685,-0.0399285909170018,0.0160824850205595,0.0234317505778035,41586240.0,1.136820736859115,231.0,0.0003895945363231,0.0130992988252893,neutral,0.0,0
2026-01-22,AMZN,234.0500030517578,235.72000122070312,230.8999938964844,234.33999633789065,31913300,0.0130992988252891,-0.0199899585016061,-0.009761240727537,-0.0298890598347176,0.0168799078909864,0.0205684364578927,40553920.0,0.7869350237905485,231.3099975585937,0.0118455990751978,0.0205684364578924,spike,0.0,0
2026-01-23,AMZN,234.9600067138672,240.4499969482422,234.57000732421875,239.1600036621093,33778500,0.0205684364578926,0.0353246911779625,0.0041145814781433,-0.02894957090579,0.0170282619526867,0.0245860074175731,39980790.0,0.8448682479760905,234.33999633789065,0.0026457727475703,-0.0030941858246895,neutral,0.0,0
2026-01-26,AMZN,239.97999572753903,240.9499969482422,237.5399932861328,238.4199981689453,32825500,-0.0030941858246896,0.0307379736517896,-0.0029273877657078,-0.0362196076360806,0.0168386150409618,0.0143025068714791,39807340.0,0.8246092303580194,239.1600036621093,0.0034286337718416,0.0262561637233134,spike,0.0,0
2026-01-27,AMZN,239.69000244140625,244.8800048828125,238.0800018310547,244.67999267578125,38029200,0.0262561637233134,0.044123907567966,0.0592207475142045,-0.0072625817992307,0.0192955162706306,0.0277914143179181,40023480.0,0.9501722488899016,238.4199981689453,0.0053267522951703,-0.0068252338521119,neutral,0.0,0
2026-01-28,AMZN,246.3699951171875,247.77999877929688,241.52999877929688,243.009994506836,40882700,-0.006825233852112,0.0160979711731648,0.0505814580940389,0.0016899768879041,0.0187170729006021,0.0257191067909932,40274570.0,1.0150996025531744,244.67999267578125,0.0069069907307281,-0.0052672680475327,neutral,0.0,0
2026-01-29,AMZN,242.82000732421875,243.0,236.7400054931641,241.72999572753903,47229600,-0.0052672680475326,0.0138830533680662,0.031535373837733,0.021466308734733,0.0167646305837687,0.0258966392978872,40856470.0,1.1559882681984028,243.009994506836,-0.0007818081021843,-0.0100525078340717,neutral,0.0,0
2026-01-30,AMZN,239.88999938964844,243.32000732421875,237.63999938964844,239.3000030517578,46585000,-0.0100525078340717,-0.0219878608184868,0.0005853796099044,0.0047023696801484,0.0171136239541089,0.0237359292191141,41214610.0,1.130303064859767,241.72999572753903,-0.007611783272294,0.0152946243854319,spike,0.0,0
2026-02-02,AMZN,238.3099975585937,245.6300048828125,238.1699981689453,242.9600067138672,37546100,0.0152946243854319,-0.0002057026216976,0.0190420626616429,0.0160589313946655,0.0177253882307256,0.0307046695246958,40380390.0,0.9298102370977596,239.3000030517578,-0.0041370893461708,-0.0178630699569863,crash,0.0,0
2026-02-03,AMZN,244.97999572753903,246.3500061035156,235.4499969482422,238.6199951171875,53831300,-0.0178630699569863,-0.0128655965966958,-0.0247670334313917,0.0329869918492964,0.0145749538341775,0.0456793620749189,40989730.0,1.3132874990881862,242.9600067138672,0.0083140803336031,-0.023593955826118,crash,0.0,0
2026-02-04,AMZN,238.8600006103516,238.8600006103516,231.82000732421875,232.9900054931641,51299900,-0.023593955826118,-0.0263685644718898,-0.041232826797953,0.0072630147953065,0.0169030561427182,0.0302158595654412,41392110.0,1.2393642169969108,238.6199951171875,0.0010058062948422,-0.0442079179746619,crash,0.0,0
2026-02-05,AMZN,224.9100036621093,226.3099975585937,220.3800048828125,222.69000244140625,103509200,-0.0442079179746619,-0.0834293863694728,-0.0787655385043456,-0.0497140653688774,0.0214046576372919,0.0266289128868347,48551700.0,2.131937707639485,232.9900054931641,-0.0346796070241382,-0.0555480487744045,crash,0.0,0
2026-02-06,AMZN,202.6999969482422,211.44000244140625,200.3099975585937,210.32000732421875,179210900,-0.0555480487744045,-0.1185985599365655,-0.1211031983199391,-0.1205887100530254,0.0246394450704514,0.0529193823469921,63094940.0,2.840337117366305,222.69000244140625,-0.0897660661637641,-0.0076074840614147,neutral,0.0,0
2026-02-09,AMZN,208.97000122070312,212.8099975585937,203.3500061035156,208.72000122070312,91178400,-0.0076074840614147,-0.1041675767211097,-0.1409285666240878,-0.1245700745589162,0.0244890897895533,0.0453238376760788,68930230.0,1.3227636118434538,210.32000732421875,-0.0064188192112152,-0.0084323231915608,neutral,0.0,0
2026-02-10,AMZN,208.8000030517578,212.6499938964844,206.4100036621093,206.9600067138672,67175000,-0.0084323231915608,-0.0706362906061663,-0.132679528334463,-0.1541604834519337,0.0204422995114298,0.0301507056046928,71844810.0,0.9350014287740478,208.72000122070312,0.0003832973868665,-0.0139157556502897,neutral,0.0,0
2026-02-11,AMZN,208.0599975585937,208.57000732421875,202.4900054931641,204.0800018310547,65545500,-0.0139157556502897,-0.0296691007791036,-0.1240825914438532,-0.1601991422401606,0.02019436095606,0.0297922470428431,74311090.0,0.8820419670872813,206.9600067138672,0.0053149923127289,-0.021952154485219,crash,0.0,0
2026-02-12,AMZN,203.9600067138672,203.9600067138672,197.5599975585937,199.6000061035156,83975400,-0.021952154485219,-0.043694878611772,-0.1036867218319154,-0.1742853198554199,0.0197915662406636,0.0320641731441346,77985670.0,1.0768055208091436,204.0800018310547,-0.0005879807727894,-0.0040581803237155,neutral,0.0,0
2026-02-13,AMZN,198.8800048828125,201.1600036621093,197.27999877929688,198.7899932861328,66321600,-0.0040581803237155,-0.0394762908904899,-0.0548212896375182,-0.1692854544463301,0.0201726402448985,0.0195181096325492,79959330.0,0.8294416674076683,199.6000061035156,-0.0036072204343004,0.0118718280097462,neutral,0.0,0
2026-02-17,AMZN,198.1300048828125,201.7400054931641,196.0,201.1499938964844,69879200,0.0118718280097462,-0.0143571536078084,-0.0362687201990483,-0.1720859880721942,0.0195611615780813,0.0285359466434684,83192640.0,0.8399685356781561,198.7899932861328,-0.0033200282992632,0.018095945812067,spike,0.0,0
2026-02-18,AMZN,202.07000732421875,206.8600006103516,201.509994506836,204.7899932861328,51003300,0.018095945812067,0.0260019389975649,-0.0104851824378539,-0.1417735417119617,0.022743771308973,0.0261243531369259,82909840.0,0.6151658235017701,201.1499938964844,0.0045737681116102,0.000341849340856,neutral,0.0,0
2026-02-19,AMZN,203.8000030517578,205.63999938964844,202.8099975585937,204.8600006103516,35669600,0.000341849340856,0.0305347730229146,0.0038220245604594,-0.1207348135954176,0.0229894062104829,0.0138143211101392,81346810.0,0.4384879997138179,204.7899932861328,-0.004834172893359,0.0256272575630107,spike,0.0,0
2026-02-20,AMZN,204.759994506836,211.1699981689453,203.75,210.1100006103516,65881600,0.0256272575630107,0.0445439074608084,0.0526552814902487,-0.0564910938665272,0.0229079644147234,0.0353148262690536,77584050.0,0.8491642289877881,204.8600006103516,-0.0004881680328891,-0.0230355353092709,crash,0.0,0
2026-02-23,AMZN,208.1000061035156,208.42999267578125,203.1100006103516,205.2700042724609,53581500,-0.0230355353092709,0.0023439181701492,0.0325972695064229,-0.0240110444840989,0.0164103874068158,0.0259170456213771,65021110.0,0.8240631388790502,210.1100006103516,-0.0095663914187669,0.0160276378314188,spike,0.0,0
2026-02-24,AMZN,205.47000122070312,210.3600006103516,203.25,208.5599975585937,41137200,0.0160276378314188,0.0180610999571342,0.0368381997859896,-0.0007665947737333,0.017242980847549,0.0340909124164813,60016990.0,0.6854259102297533,205.2700042724609,0.0009743116094875,0.009973158109912,neutral,0.0,0
2026-02-25,AMZN,210.4600067138672,211.58999633789065,208.92999267578125,210.63999938964844,41346400,0.009973158109912,0.0025224824032994,0.0285658786820799,0.0177811777947467,0.0172184229793267,0.0126281982046004,57434130.0,0.7198925099065661,208.5599975585937,0.0091101322282077,-0.0129130327980659,neutral,0.0,0
2026-02-26,AMZN,210.72999572753903,211.0500030517578,205.3500061035156,207.9199981689453,47756800,-0.0129130327980659,0.0129097960799327,0.0149370182050028,0.0188161324159019,0.0171187320418709,0.0274143757139257,55655260.0,0.8580824166484893,210.63999938964844,0.0004272518901983,0.0100038565283393,neutral,0.0,0
2026-02-27,AMZN,206.8300018310547,210.3300018310547,205.1999969482422,210.0,57422800,0.0100038565283393,0.0069044997039842,-0.0005235381944317,0.0521041762448184,0.015003080767318,0.0244285946800595,53000000.0,1.0834490566037736,207.9199981689453,-0.0052423833565299,-0.0076666695731026,neutral,0.0,0
2026-03-02,AMZN,204.5500030517578,209.72999572753903,203.4600067138672,208.38999938964844,46001000,-0.0076666695731026,-0.0106817318957445,0.0151994692465942,0.0482921999484029,0.0152909558978549,0.0300877634821054,50967940.0,0.9025477584536477,210.0,-0.0259523664202008,0.0016315386481424,neutral,0.0,0
2026-03-03,AMZN,203.1000061035156,209.17999267578125,202.47999572753903,208.72999572753903,43184900,0.0016315386481424,0.0038957174188485,0.0008151043869164,0.0376833311511579,0.0151089756467514,0.0320988697618137,48298510.0,0.8941248912233525,208.38999938964844,-0.0253850631106418,0.038758260730479,spike,0.0,0
2026-03-04,AMZN,210.47000122070312,217.5399932861328,210.1499938964844,216.82000732421875,54731100,0.038758260730479,0.0324762253534225,0.0293391946091794,0.0587431731650949,0.018346018912566,0.0340835676598694,48671290.0,1.124504815878108,208.72999572753903,0.0083361544999759,0.0097776729341096,neutral,0.0,0
2026-03-05,AMZN,215.97999572753903,220.47000122070312,215.58999633789065,218.94000244140625,60943400,0.0097776729341096,0.0506262444582639,0.0530011753054491,0.068729873030876,0.018272330268596,0.0222892337096711,51198670.0,1.190331701975852,216.82000732421875,-0.0038742347029977,-0.02617153404423,crash,0.0,0
2026-03-06,AMZN,214.9900054931641,217.32000732421875,212.52999877929688,213.2100067138672,51152700,-0.02617153404423,0.0214631872659836,0.0152857462565103,0.014754205390083,0.0196388365912375,0.0224661525917504,49725780.0,1.0286957791310665,218.94000244140625,-0.0180414584095899,0.0013132534612818,neutral,0.0,0
2026-03-09,AMZN,210.4499969482422,213.82000732421875,207.1100006103516,213.4900054931641,54642900,0.0013132534612818,-0.0153583697009805,0.0244733726112242,0.0400448241321831,0.0176483075046836,0.0314300742012113,49831920.0,1.096544142790404,213.2100067138672,-0.0129450292139852,0.00393459326562,neutral,0.0,0
2026-03-10,AMZN,214.19000244140625,215.6499938964844,212.42999267578125,214.3300018310547,35678800,0.00393459326562,-0.0210559996297858,0.026828947530979,0.0276659203107245,0.0171453150566897,0.0150235673643175,49286080.0,0.723912309520254,213.4900054931641,0.00327882772135,-0.0078384170214982,neutral,0.0,0
2026-03-11,AMZN,215.7100067138672,217.0,211.3500061035156,212.6499938964844,34199300,-0.0078384170214982,-0.0026265784895093,-0.0192326044039781,0.0095423210817515,0.017249594985703,0.0265694524272347,48571370.0,0.7041040843608076,214.3300018310547,0.0064386920684127,-0.0146719736973343,neutral,0.0,0
2026-03-12,AMZN,210.38999938964844,211.7100067138672,208.1499938964844,209.52999877929688,44349500,-0.0146719736973343,-0.0185489091384842,-0.042979828067864,0.0077433658355621,0.0174163315796758,0.0169904683726583,48230640.0,0.9195295770489464,212.6499938964844,-0.0106277666198105,-0.008877013416636,neutral,0.0,0
2026-03-13,AMZN,209.6100006103516,210.5599975585937,206.22000122070312,207.6699981689453,35662100,-0.008877013416636,-0.031073594948033,-0.0259838111273862,-0.0110952468145461,0.017343859114726,0.0208985235043912,46054570.0,0.7743444353079402,209.52999877929688,0.0003818156422507,0.0195984367511175,spike,0.0,0
2026-03-16,AMZN,208.3500061035156,212.72000122070312,207.4499969482422,211.7400054931641,42209300,0.0195984367511175,-0.0042792778247775,-0.0081971050399173,0.0160756567653315,0.0182931773934912,0.0248890343616765,45675400.0,0.9241145124071164,207.6699981689453,0.0032744640081186,0.0163407545353531,spike,0.0,0
2026-03-17,AMZN,212.82000732421875,215.6999969482422,212.42999267578125,215.1999969482422,44969900,0.0163407545353531,0.0270605555384824,0.0040591382902765,0.0309969882294667,0.0188654179606428,0.0151951873551717,45853900.0,0.9807213781161472,211.7400054931641,0.0051006035847558,-0.0247676668524144,crash,0.0,0
2026-03-18,AMZN,213.92999267578125,215.13999938964844,208.8300018310547,209.8699951171875,37846600,-0.0247676668524144,0.0105937158358928,-0.0130731194878386,-0.0320542937563812,0.0160536121409838,0.0300662205432004,44165450.0,0.856927756877831,215.1999969482422,-0.00590150692598,-0.0052889914526929,neutral,0.0,0
2026-03-19,AMZN,207.0599975585937,209.1199951171875,206.0500030517578,208.759994506836,36440600,-0.005288991452693,-0.0140739156938594,-0.0036749118357604,-0.0464967928247589,0.0154006942246934,0.0147058447318035,41715170.0,0.8735575091747199,209.8699951171875,-0.0133892296372558,-0.0162387405578202,crash,0.0,0
2026-03-20,AMZN,207.3999938964844,207.5399932861328,204.32000732421875,205.3699951171875,63694600,-0.0162387405578201,-0.0456784478180959,-0.0110752784323072,-0.0367713116167252,0.0141254182321082,0.0156789503747939,42969360.0,1.482326010906376,208.759994506836,-0.006514661075578,0.0232263932700542,spike,0.0,0
2026-03-23,AMZN,209.7899932861328,212.8000030517578,209.509994506836,210.13999938964844,44277400,0.0232263932700542,0.001286531084685,-0.0075564657693716,-0.0156916296656468,0.0164837174281185,0.0156562698890153,41932810.0,1.055913018946262,205.3699951171875,0.0215221223841544,-0.0138002945888806,neutral,0.0,0
2026-03-24,AMZN,207.9499969482422,209.3500061035156,206.63999938964844,207.2400054931641,35351400,-0.0138002945888806,-0.0072810358960901,-0.0369888084012963,-0.0330798127995131,0.0167902309549279,0.0130766581839168,41900070.0,0.8437074210138551,210.13999938964844,-0.0104216353277201,0.0215692004546417,spike,0.0,0
2026-03-25,AMZN,211.5599975585937,213.07000732421875,209.8999938964844,211.7100067138672,36388800,0.0215692004546417,0.0308711678795239,0.0087673876184741,-0.0044203489752968,0.0183926064317021,0.0149733755004727,42119020.0,0.8639517253725276,207.2400054931641,0.0208453578021745,-0.0196968177955342,crash,0.0,0
2026-03-26,AMZN,210.6100006103516,212.88999938964844,207.1199951171875,207.5399932861328,46746000,-0.0196968177955342,-0.0123727329926113,-0.0058440374248199,-0.0094974729382792,0.0188910334436934,0.0278018910047178,42358670.0,1.1035757260556105,211.7100067138672,-0.0051958153541711,-0.0395104423894672,crash,0.0,0
2026-03-27,AMZN,206.4600067138672,206.6000061035156,199.13999938964844,199.33999633789065,56009800,-0.0395104423894672,-0.0381200972103527,-0.0293616347210605,-0.0401117248736043,0.022488662916558,0.0374235319098837,44393440.0,1.2616683906451045,207.5399932861328,-0.0052037516006693,0.00807665616499,neutral,0.0,0
2026-03-30,AMZN,201.47999572753903,203.8000030517578,199.97999572753903,200.9499969482422,46373800,0.00807665616499,-0.0508242852222261,-0.0437327613405282,-0.05095876199583,0.0214233604366845,0.0190097406431047,44809890.0,1.0349010006496333,199.33999633789065,0.0107354240441591,0.0364270088847231,spike,0.0,0
2026-03-31,AMZN,204.8500061035156,210.27999877929688,204.13999938964844,208.2700042724609,58470100,0.0364270088847231,0.0035174472869989,0.0049700769735347,-0.0322025686526752,0.024384485504262,0.0294809586771603,46159910.0,1.266685745271167,200.9499969482422,0.0194078587434759,0.0110433716069306,neutral,0.0,0
2026-04-01,AMZN,210.44000244140625,213.5800018310547,208.19000244140625,210.57000732421875,45955400,0.0110433716069306,0.0563359646465162,-0.0053847213334095,0.0033354563459173,0.0234440150653968,0.0255971847944581,46970790.0,0.9783825224144622,208.2700042724609,0.0104191584214236,-0.0037992260242745,neutral,0.0,0
2026-04-02,AMZN,206.5399932861328,212.2100067138672,204.8999938964844,209.7700042724609,31453000,-0.0037992260242745,0.0438915524168455,0.010744969926127,0.0048381384949303,0.0234072757284005,0.0348477507198223,46472030.0,0.6768157104391609,210.57000732421875,-0.0191385947566637,0.0143966675509497,neutral,0.0,0
2026-04-06,AMZN,209.8000030517578,212.9499969482422,209.58999633789065,212.7899932861328,25385500,0.0143966675509497,0.0217025443940492,0.0674726457075065,0.0361299038095186,0.0229397993532259,0.0157902190721601,42641120.0,0.5953291095543457,209.7700042724609,0.0001430079548358,0.0046055313560271,neutral,0.0,0
2026-04-07,AMZN,211.2400054931641,213.97000122070312,209.0800018310547,213.7700042724609,28154600,0.0046055313560271,0.015196831632888,0.0637970018358384,0.017274221439782,0.0219201802175063,0.0228750493142895,41028840.0,0.6862148673957148,212.7899932861328,-0.0072841197512727,0.0349908573609114,spike,0.0,0
2026-04-08,AMZN,223.7899932861328,226.1000061035156,219.6199951171875,221.25,51092700,0.0349908573609114,0.0547265838476516,0.0623229243830931,0.0676027510880279,0.0234090567547296,0.0292881852489405,42602970.0,1.1992755434656317,213.7700042724609,0.0468727548926878,0.0560451701536017,spike,0.0,0
2026-04-09,AMZN,225.22999572753903,233.8000030517578,223.2700042724609,233.6499938964844,65964200,0.0560451701536017,0.0980309284671188,0.1096071889133238,0.1036322634114776,0.0279269778383634,0.0450674044697903,45560510.0,1.4478371730254995,221.25,0.0179886812544137,0.0202440021822711,spike,0.0,0
2026-04-10,AMZN,235.3000030517578,240.42999267578125,235.2100067138672,238.3800048828125,56912800,0.0202440021822711,0.1151237316671653,0.1363874721249056,0.1485979213373152,0.025953284552576,0.0218977508809105,46577190.0,1.22190282410768,233.6499938964844,0.0070618840075999,0.0063344008553831,neutral,0.0,0
2026-04-13,AMZN,237.4499969482422,240.0,235.75,239.88999938964844,42166200,0.0063344008553831,0.0842485848119702,0.1273556415177617,0.2034213093042483,0.0183311323146132,0.0177164534195392,45192830.0,0.9330285357212638,238.3800048828125,-0.0039013672100036,0.0380591308768265,spike,0.0,0
2026-04-14,AMZN,241.77999877929688,252.17999267578125,241.77999877929688,249.0200042724609,72685000,0.0380591308768265,0.0657821989192346,0.164896848460891,0.2392137748407128,0.0188211390740407,0.041763688531245,47823950.0,1.5198451821733672,239.88999938964844,0.0078786085058033,-0.0020882028091685,neutral,0.0,0
2026-04-15,AMZN,249.25,250.44000244140625,247.1999969482422,248.5,43045200,-0.0020882028091685,0.0424532045888768,0.1231638418079095,0.1931626969907285,0.0194340608073479,0.0130382514815455,46281460.0,0.9300743753546236,249.0200042724609,0.0009236034197776,0.0048289615623429,neutral,0.0,0
2026-04-16,AMZN,248.509994506836,250.0,244.1999969482422,249.6999969482422,41895700,0.0048289615623429,0.040893732892381,0.0686925036209011,0.1858288847555305,0.0197769646803284,0.0232278859537192,45875490.0,0.9132480110839144,248.5,4.021934340428942e-05,0.0034441354459837,neutral,0.0,0
2026-04-17,AMZN,254.9900054931641,256.17999267578125,250.1100006103516,250.5599975585937,52029300,0.0034441354459839,0.0061842151622801,0.0510948587393851,0.1944510294863344,0.0190345351270297,0.0242257029237485,47933120.0,1.085456152238786,249.6999969482422,0.0211854569866831,-0.0090996120750026,neutral,0.0,0
2026-04-20,AMZN,249.19000244140625,250.17999267578125,245.3699951171875,248.27999877929688,39463100,-0.0090996120750027,-0.0008853167835135,0.0349743607945103,0.1667841844679305,0.0208993982839859,0.0193732784849475,49340880.0,0.7998053540998863,250.5599975585937,-0.0054677328006722,0.0065651880571395,neutral,0.0,0
2026-04-21,AMZN,255.08999633789065,255.08999633789065,249.1000061035156,249.9100036621093,42922400,0.0065651880571395,0.000841036109066,0.0035740076073351,0.1690601986590509,0.0207923446303582,0.0239685892785381,50817660.0,0.8446355066329304,248.27999877929688,0.0274286998230871,0.0218078382953046,spike,0.0,0
2026-04-22,AMZN,252.44000244140625,255.94000244140625,250.3300018310547,255.3600006103516,36065100,0.0218078382953046,0.0191571004890171,0.02760563625896,0.154169494284075,0.0198461057456506,0.0219689873000577,49314900.0,0.7313225820188219,249.9100036621093,0.0101236394791045,-0.0010964864451271,neutral,0.0,0
2026-04-23,AMZN,255.38999938964844,258.7900085449219,253.07000732421875,255.0800018310547,39091400,-0.0010964864451271,0.0273884448412717,0.0215458748440739,0.0917184185507171,0.0139386888561823,0.0224243420873566,46627620.0,0.8383743369273405,255.3600006103516,0.0001174764224042,0.034930172257179,spike,0.0,0
2026-04-24,AMZN,259.9800109863281,264.5,257.69000244140625,263.989990234375,53777400,0.034930172257179,0.0563402279458267,0.0535999074339097,0.1074334458720744,0.0159021327643067,0.0257964233891887,46314080.0,1.1611458113817656,255.0800018310547,0.0192096954684782,-0.010871605831113,neutral,0.0,0
2026-04-27,AMZN,263.4599914550781,264.1499938964844,260.3399963378906,261.1199951171875,44906800,-0.010871605831113,0.0225563694120793,0.0517157902409386,0.0884988777421087,0.0172599913783457,0.0145909835701546,46588140.0,0.963910557493817,263.989990234375,-0.0020076472552096,-0.0054380473985493,neutral,0.0,0
2026-04-28,AMZN,258.3900146484375,261.0299987792969,256.6300048828125,259.70001220703125,42204400,-0.0054380473985493,0.0181120054210932,0.0391741362949138,0.0428881525633779,0.0142414231497563,0.0169426018084925,43540080.0,0.9693229778172204,261.1199951171875,-0.0104548886328096,0.0128609787481566,neutral,0.0,0
2026-04-29,AMZN,257.989990234375,265.9100036621094,257.70001220703125,263.0400085449219,72367900,0.0128609787481566,-0.0035985519322521,0.0300752189701356,0.0585111007843939,0.0142811041293838,0.0312119494691851,46472350.0,1.5572248874868604,259.70001220703125,-0.0065846048990287,0.0076793983730685,neutral,0.0,0
2026-04-30,AMZN,273.1700134277344,273.8800048828125,256.1600036621094,265.0599975585937,100974900,0.0076793983730685,0.0150888576711176,0.0391249633679593,0.0615138197760383,0.0142881659583332,0.0668527932691389,52380270.0,1.927727749398772,263.0400085449219,0.0385112703533177,0.0120727844129853,neutral,0.0,0
2026-05-01,AMZN,265.5799865722656,273.32000732421875,262.739990234375,268.260009765625,50825200,0.0120727844129853,0.0329610980217043,0.0161749296913076,0.0706418118594214,0.0143717185085614,0.0394394121549736,52259860.0,0.9725475728407998,265.0599975585937,0.0019617785349031,0.0141280022715835,neutral,0.0,0
2026-05-04,AMZN,268.79998779296875,276.1000061035156,268.79998779296875,272.04998779296875,49083700,0.0141280022715835,0.0342532654932914,0.0418581222432852,0.095738638354037,0.0133304720629222,0.0268333712115518,53221920.0,0.9222459467828292,268.260009765625,0.0020128905080392,0.00551369258337,neutral,0.0,0
2026-05-05,AMZN,276.0799865722656,278.5599975585937,272.3800048828125,273.54998779296875,41908500,0.00551369258337,0.0320304471160279,0.0533306697532858,0.0945939889738141,0.0133582419442508,0.022591822158875,53120530.0,0.7889322640417933,272.04998779296875,0.0148134495869329,0.0052641290647619,neutral,0.0,0
2026-05-06,AMZN,272.8900146484375,277.79998779296875,272.2099914550781,274.989990234375,44552000,0.0052641290647619,0.0250875278601157,0.0454302817109752,0.0768718263514434,0.0126217638308338,0.020327999332362,53969220.0,0.8255075763555597,273.54998779296875,-0.0024126235568715,-0.0138913303840072,neutral,0.0,0
2026-05-07,AMZN,275.0199890136719,276.6300048828125,270.489990234375,271.1700134277344,35892900,-0.0138913303840072,-0.0032346054207657,0.0230514446744836,0.0630782949709105,0.014146884285472,0.022642675607175,53649370.0,0.6690274275354957,274.989990234375,0.0001090904409695,0.0055683857848436,neutral,0.0,0
2026-05-08,AMZN,271.6300048828125,274.0,269.95001220703125,272.67999267578125,34732700,0.0055683857848436,-0.0031803880680336,0.0164764882921533,0.032917924023146,0.00995228097783,0.0148525300783039,51744900.0,0.6712294351713889,271.1700134277344,0.0016963212460831,-0.0135323549234274,neutral,0.0,0
2026-05-11,AMZN,269.8399963378906,273.6300048828125,268.4800109863281,268.989990234375,38176700,-0.0135323549234274,-0.0218189760103129,-0.0112479238959658,0.0301393813738988,0.0103984850019017,0.019145671153031,51071890.0,0.7475090504776698,272.67999267578125,-0.0104151254737174,-0.0117847616091372,neutral,0.0,0
2026-05-12,AMZN,266.7099914550781,267.6499938964844,262.6300048828125,265.82000732421875,36776200,-0.0117847616091372,-0.0197293426212163,-0.0282580179626996,0.023565632766735,0.0111395355951536,0.0188849178969024,50529070.0,0.7278226177525136,268.989990234375,-0.0084761472994228,0.0162139697533634,spike,0.0,0
2026-05-13,AMZN,264.42999267578125,270.7200012207031,263.20001220703125,270.1300048828125,39670900,0.0162139697533634,-0.0093515764319412,-0.017673317299369,0.0269540606279283,0.0115333039581626,0.027838406980869,47259370.0,0.839429302591211,265.82000732421875,-0.0052291573626439,-0.0107726043368332,neutral,0.0,0
2026-05-14,AMZN,269.1499938964844,270.7799987792969,266.6300048828125,267.2200012207031,31338400,-0.0107726043368332,-0.006580129662556,-0.0145665523894068,0.0081491122085743,0.0121137148226058,0.0155302517683053,40295720.0,0.7777103871081097,270.1300048828125,-0.0036279234761546,-0.0115260330746043,neutral,0.0,0
2026-05-15,AMZN,262.5,264.3599853515625,260.8900146484375,264.1400146484375,40770300,-0.0115260330746043,-0.0063200384827775,-0.0313186821795827,-0.015358215787687,0.0119885352111807,0.0131368611747198,39290230.0,1.0376701790750524,267.2200012207031,-0.0176633530392239,0.002725716147488,neutral,0.0,0
2026-05-18,AMZN,263.8699951171875,268.8500061035156,262.5299987792969,264.8599853515625,33690800,0.002725716147488,-0.0195091971865036,-0.0153537493317649,-0.0264289754237293,0.0108246569222401,0.0238616917381078,37750940.0,0.892449300600197,264.1400146484375,-0.0010222590909195,-0.0208411587969579,crash,0.0,0
2026-05-19,AMZN,262.0400085449219,262.25,255.19000244140625,259.3399963378906,40340700,-0.0208411587969579,-0.0294888288556821,-0.0243774388976842,-0.0519465987541285,0.0117890859790487,0.0272229415373144,37594160.0,1.0730576238437033,264.8599853515625,-0.0106470473555962,0.021863243262898,spike,0.0,0
2026-05-20,AMZN,260.04998779296875,265.5799865722656,259.5299987792969,265.010009765625,34933200,0.021863243262898,0.0032936892138264,-0.0189538186230316,-0.0362921590718412,0.0143299351484562,0.0228292802914099,36632280.0,0.9536179566218648,259.3399963378906,0.0027376859146442,0.0130183070915106,neutral,0.0,0
2026-05-21,AMZN,263.5,269.489990234375,261.3699951171875,268.4599914550781,36591700,0.0130183070915106,0.0135921101812988,0.0046403346632382,-0.009993811404145,0.0147039034573865,0.0302465744455118,36702160.0,0.996990367869357,265.010009765625,-0.0056979348325765,-0.0079713335281748,neutral,0.0,0
2026-05-22,AMZN,268.6600036621094,269.7900085449219,266.239990234375,266.32000732421875,27535500,-0.0079713335281748,0.0269145179489938,0.0082531708748587,-0.0233239897403274,0.0146647427367459,0.0133298971647483,35982440.0,0.765248271101126,268.4599914550781,0.0007450354369273,-0.0038675230961635,neutral,0.0,0
2026-05-26,AMZN,267.94000244140625,269.29998779296875,262.07000732421875,265.2900085449219,38028100,-0.0038675230961635,0.0010565592580615,0.0016235868652962,-0.0137550906122166,0.0141487451877683,0.027253120117133,35967580.0,1.0572882579256098,266.32000732421875,0.0060828892784435,0.0247276465275658,spike,0.0,0
2026-05-27,AMZN,266.1499938964844,272.4100036621094,265.70001220703125,271.8500061035156,40061900,0.0247276465275658,0.0126276344942994,0.048237872839814,0.0226845181444228,0.0157601932931427,0.0246826974597274,36296150.0,1.103750673280775,265.2900085449219,0.0032416801381981,0.0079087505911834,neutral,0.0,0
2026-05-28,AMZN,272.2699890136719,274.5,267.44000244140625,274.0,40630400,0.0079087505911834,0.028837460440708,0.0339232100792183,0.0143264170852341,0.0151560852210152,0.0257664144474224,36392100.0,1.116462089299601,271.8500061035156,0.0015449067527198,-0.012262720261177,neutral,0.0,0
2026-05-29,AMZN,271.2900085449219,274.75,269.6400146484375,270.6400146484375,54749600,-0.012262720261177,0.0201666324821641,0.0081204770272973,0.0127984934215672,0.0152971125075989,0.0188811154115565,38733220.0,1.4135049964862203,274.0,-0.0098904797630588,-0.0346586032187338,crash,0.0,0
2026-06-01,AMZN,266.2900085449219,266.6300048828125,260.70001220703125,261.260009765625,53604400,-0.0346586032187338,-0.0389552918893743,-0.0189996899197801,-0.0109033267323986,0.0188107604030028,0.0226976668993506,40016630.0,1.3395530808066547,270.6400146484375,-0.0160730338016213,-0.0181429249589532,crash,0.0,0
2026-06-02,AMZN,257.1600036621094,261.20001220703125,254.3699951171875,256.5199890136719,41811000,-0.0181429249589532,-0.0637956605340442,-0.0330582353227409,-0.0314883213741045,0.0195042221880149,0.0266256720035947,40828650.0,1.0240603105907249,261.260009765625,-0.0156932019837009,-0.0253390964431412,crash,0.0,0
2026-06-03,AMZN,254.6999969482422,257.0899963378906,247.7100067138672,250.0200042724609,51394200,-0.0253390964431412,-0.076189806606248,-0.0803016418647504,-0.0359373494140364,0.0200062037473004,0.0375169564984149,41934000.0,1.225597367291458,256.5199890136719,-0.0070949327279625,0.0150787494970343,spike,0.0,0
2026-06-04,AMZN,253.1199951171875,255.8300018310547,251.75,253.7899932861328,35609800,0.0150787494970343,-0.0285922690050938,-0.0737591485907561,-0.0423380856044462,0.019148196153104,0.0160762911816414,42001660.0,0.8478188719207764,250.0200042724609,0.0123989712493099,-0.0305764400178182,crash,0.0,0
2026-06-05,AMZN,254.259994506836,256.3800048828125,245.77999877929688,246.02999877929688,55607800,-0.0305764400178182,-0.0408934612647902,-0.0909326579113186,-0.0835505974436213,0.0197578682996492,0.0430842017481959,43903270.0,1.266598137223036,253.7899932861328,0.0018519296786191,-0.0032922715222234,neutral,0.0,0
2026-06-08,AMZN,246.67999267578125,249.4199981689453,243.3600006103516,245.22000122070312,33899500,-0.0032922715222234,-0.0191984760008521,-0.061394809558919,-0.0792280171343958,0.019827334317019,0.024712492979476,44539670.0,0.7611080189862206,246.02999877929688,0.002641929438318,-0.0042003049268801,neutral,0.0,0
2026-06-09,AMZN,247.72999572753903,250.42999267578125,240.3999938964844,244.19000244140625,44425400,-0.0042003049268801,-0.0378265144359066,-0.0480663772818439,-0.07953562299329,0.0198198264071082,0.0410745676686888,45179400.0,0.9833109780121028,245.22000122070312,0.010235684260424,-0.0253491231398449,crash,0.0,0
2026-06-10,AMZN,243.6100006103516,244.07000732421875,237.4499969482422,238.0,38590200,-0.0253491231398449,-0.0326382913430822,-0.0480761701746154,-0.124517216639775,0.0166898866122604,0.0278151696469603,45032230.0,0.8569462360624823,244.19000244140625,-0.002375207114361,0.0147478760791428,neutral,0.0,0
2026-06-11,AMZN,237.92999267578125,242.13999938964844,235.17999267578125,241.509994506836,41335400,0.0147478760791426,-0.0151292989780554,-0.0483864577176291,-0.1185766623838103,0.0177520045592359,0.028818710911238,45102730.0,0.91647224015043,238.0,-0.0002941484210871,-0.0122561861720152,neutral,0.0,0
2026-06-12,AMZN,243.2100067138672,243.3600006103516,233.58999633789065,238.5500030517578,51186600,-0.0122561861720151,-0.0230967661790403,-0.0304027791921791,-0.118570831583662,0.0177520102728387,0.0409557918569431,44746430.0,1.143925895317235,241.509994506836,0.0070390967069609,0.0313141946138744,spike,0.0,0
2026-06-15,AMZN,245.0200042724609,247.8099975585937,244.72999572753903,246.0200042724609,41711600,0.0313141946138744,0.0336974969431129,0.0032623890701222,-0.058332714244464,0.0205920566072198,0.0125193145986765,43557150.0,0.957629229644272,238.5500030517578,0.0271222013746917,-8.131156862656308e-05,neutral,0.0,0
2026-06-16,AMZN,248.0,249.509994506836,245.4499969482422,246.0,35187400,-8.131156862656308e-05,0.0185913858444353,0.0074122508722611,-0.0410104064565166,0.0201772277011657,0.0165040551162348,42894790.0,0.8203187380099075,246.0200042724609,0.0080481086625228,-0.0345528455284552,crash,0.0,0
2026-06-17,AMZN,244.8999938964844,245.9100036621093,236.0,237.5,44780800,-0.0345528455284552,-0.0044016056940899,-0.0021008403361344,-0.0500760101532401,0.0214315437321868,0.0417263312088814,42233450.0,1.0603159344074424,246.0,-0.0044715695264861,0.0290105237458881,spike,0.0,0
2026-06-18,AMZN,240.1199951171875,245.72999572753903,236.0200042724609,244.38999938964844,75624400,0.0290105237458881,-0.006625497335604,0.0119249925399296,-0.0370384733250158,0.0232513572466988,0.0397315417133611,46234910.0,1.635655828031243,237.5,0.0110315583881578,-0.0474651423236877,crash,0.0,0
2026-06-22,AMZN,240.0800018310547,242.0,232.2400054931641,232.7899932861328,68388500,-0.0474651423236877,-0.0536992142840129,-0.0241459219951267,-0.0538145980524964,0.0258974710548919,0.041926177191128,47512980.0,1.439364569429238,244.38999938964844,-0.0176357361977075,0.0056703782906866,neutral,0.0,0
2026-06-23,AMZN,232.5500030517578,236.8699951171875,232.0,234.1100006103516,60492600,0.0056703782906866,-0.0142736816406249,-0.0484107123619073,-0.0453062578706714,0.0261253967180109,0.020802166094959,50172290.0,1.205697407871955,232.7899932861328,-0.0010309302001655,0.0006834550497294,neutral,0.0,0
2026-06-24,AMZN,233.8500061035156,242.4199981689453,232.9499969482422,234.2700042724609,70282600,0.0006834550497294,-0.0414092030871218,-0.0476829094615409,-0.0406240962765281,0.0261734070578892,0.040423447509265,52758010.0,1.332169276286198,234.1100006103516,-0.0011105655724153,-0.0309899245879612,crash,0.0,0
2026-06-25,AMZN,232.0200042724609,232.32000732421875,225.5500030517578,227.009994506836,77674100,-0.0309899245879613,-0.0248292407147947,-0.0441684441817432,-0.0461764936687564,0.0267433412841442,0.0298224943230729,56666400.0,1.3707258622393517,234.2700042724609,-0.009604302552465,0.0250209597463304,spike,0.0,0
2026-06-26,AMZN,227.2100067138672,233.8999938964844,226.1300048828125,232.69000244140625,248372100,0.0250209597463306,-0.0060655169161644,-0.0478742869080663,-0.0365201948823697,0.027739038588839,0.0333920191333895,77370070.0,3.210183214258433,227.009994506836,0.0008810722517558,0.0320168329970178,spike,0.0,0
2026-06-29,AMZN,234.22000122070312,249.7100067138672,233.8000030517578,240.13999938964844,77619200,0.0320168329970178,0.0250565373719828,0.0315735483289498,0.0066652538987628,0.0296308077916355,0.0662530344904931,80013330.0,0.9700783606931496,232.69000244140625,0.0065752665058402,-0.007495640277891,neutral,0.0,0
2026-06-30,AMZN,237.3500061035156,241.5399932861328,237.1699981689453,238.33999633789065,66228300,-0.007495640277891,0.0499097048817975,0.0180684110739011,-0.0312170059393416,0.0277074715189901,0.018335131259263,82465000.0,0.8031079852058449,240.13999938964844,-0.0116181947748147,0.0140975105394736,neutral,0.0,0
2026-07-01,AMZN,239.75,244.8999938964844,234.8999938964844,241.6999969482422,53829900,0.0140975105394736,0.038721021153905,0.0317155100536901,-0.0174796872022675,0.0282211202095653,0.0413736041632694,84329250.0,0.6383301167744287,238.33999633789065,0.0059159338918106,0.0040132446543259,neutral,0.0,0
2026-07-02,AMZN,241.6100006103516,246.72000122070312,241.0800018310547,242.6699981689453,48246400,0.0040132446543259,0.0105355158895945,0.0689837630106535,0.0217684133429276,0.0257107249029908,0.0232414366514393,84675810.0,0.5697778385586155,241.6999969482422,-0.0003723472860029,0.006140048231783,neutral,0.0,0
2026-07-06,AMZN,243.8000030517578,246.0399932861328,240.8800048828125,244.1600036621093,40044000,0.006140048231783,0.0244189284788263,0.0492930555690349,-0.0009411012239186,0.024049730983517,0.0211336350177204,81117770.0,0.4936526238332242,242.6699981689453,0.0046565495996163,0.0074540958311435,neutral,0.0,0
2026-07-07,AMZN,246.97999572753903,248.92999267578125,242.6999969482422,245.97999572753903,40579600,0.0074540958311433,0.0177078975313904,0.0243191319760716,0.0566605215937858,0.0172817693285355,0.0253272454498281,78336880.0,0.5180139928983641,244.1600036621093,0.0115497707369477,-0.0095942786053447,neutral,0.0,0
2026-07-08,AMZN,244.2700042724609,244.8000030517578,240.5200042724609,243.6199951171875,29653000,-0.0095942786053447,0.0039147688441518,0.0221532217018727,0.0406219062920945,0.0179423810966121,0.0175683394839496,75252920.0,0.3940445101665158,245.97999572753903,-0.0069517500804098,0.0140382490661334,neutral,0.0,0
2026-07-09,AMZN,239.82000732421875,247.5,238.25,247.0399932861328,38091700,0.0140382490661334,0.0117955012320898,0.0220934894717195,0.0545097058128711,0.0181527388656915,0.0374433300331506,72033830.0,0.5288029249590088,243.6199951171875,-0.0155980127622154,-0.0068814645176626,neutral,0.0,0
2026-07-10,AMZN,249.5500030517578,251.02999877929688,244.4100036621093,245.33999633789065,31654000,-0.0068814645176626,-0.0026018351116539,0.0110025886557534,0.0807453516347391,0.0138676396002585,0.0269829429200375,67431820.0,0.4694222994426074,247.0399932861328,0.0101603377341327,0.0080296782021218,neutral,0.0,0
2026-07-13,AMZN,244.67999267578125,249.6499938964844,244.17999267578125,247.3099975585937,34636100,0.008029678202122,0.015146550017913,0.012901350955268,0.0628303535338563,0.0125085520515089,0.0221179947220175,46058220.0,0.7520069164635542,245.33999633789065,-0.0026901592563832,0.0007278635572658,neutral,0.0,0
2026-07-14,AMZN,245.5500030517578,248.5599975585937,243.8000030517578,247.4900054931641,30108100,0.0007278635572656,0.0018216168201965,0.0061387502717806,0.0306071713258797,0.0086446716385228,0.019233077704899,41307110.0,0.7288842041963236,247.3099975585937,-0.007116552198497,0.0301830419608981,spike,0.0,0
2026-07-15,AMZN,249.75,256.4800109863281,249.75,254.9600067138672,45240600,0.0301830419608981,0.0392109338859185,0.0465479510055193,0.0697323597857852,0.0113302712033352,0.0263963398537284,39208340.0,1.1538514509923143,247.4900054931641,0.0091316596899842,-0.0198855004342255,crash,0.0,0
2026-07-16,AMZN,255.1199951171875,258.0799865722656,248.0,249.88999938964844,45343700,-0.0198855004342255,0.0104322585278562,0.0115366182843708,0.0338849919106951,0.0137443596418826,0.0403376949733314,38359720.0,1.1820654582463064,254.9600067138672,0.0006275039186826,-0.010644698341696,neutral,0.0,0
2026-07-17,AMZN,244.4600067138672,250.2400054931641,243.58999633789065,247.22999572753903,43572400,-0.010644698341696,-0.0010505869322154,0.0077035926382154,0.0187909407549387,0.0144384451828646,0.0268980676705674,37892320.0,1.149900560324625,249.88999938964844,-0.0217295317501456,0.0111637334195755,neutral,0.0,0
2026-07-20,AMZN,248.759994506836,252.88999938964844,248.0,249.9900054931641,32406500,0.0111637334195755,-0.0194932581182457,0.0108366340262302,0.0238777922002444,0.0146854560676939,0.0195607795599738,37128570.0,0.8728184252719671,247.22999572753903,0.0061885645178066,-0.0097603999671619,neutral,0.0,0
2026-07-21,AMZN,249.1100006103516,249.33999633789065,246.4199981689453,247.5500030517578,27732100,-0.0097603999671619,-0.0093641055808796,0.0002424241676917,0.0063826626208978,0.0150395586712913,0.0117955893070008,35843820.0,0.7736926477144456,249.9900054931641,-0.0035201602603131,-0.0109068750351729,neutral,0.0,0
2026-07-22,AMZN,248.2700042724609,248.4499969482422,242.4499969482422,244.8500061035156,34112700,-0.0109068750351729,-0.0096266216282522,-0.0396532802954374,0.0050488917616817,0.015145108401831,0.0245047982455976,36289790.0,0.9400081951424905,247.5500030517578,0.0029085082279419,-0.0457014586990676,crash,0.0,0
2026-07-23,AMZN,236.259994506836,238.3500061035156,232.0500030517578,233.6600036621093,47465300,-0.0457014586990675,-0.0653226187936593,-0.0649485604353137,-0.0541612289008045,0.0201975913591213,0.026962265484118,37227150.0,1.2750183669714177,244.8500061035156,-0.0350827501839964,-0.0066335831013644,neutral,0.0,0
2026-07-24,AMZN,234.3800048828125,234.9499969482422,231.33999633789065,232.1100006103516,35017400,-0.0066335831013646,-0.0623712472270825,-0.0611576078084412,-0.0539251484675098,0.0201956790132742,0.0155529731629776,37563490.0,0.932219024377128,233.6600036621093,0.0030814055012355,-0.003101982761664,neutral,0.0,0
2026-07-27,AMZN,235.6699981689453,235.88999938964844,230.9900054931641,231.38999938964844,34999500,-0.003101982761664,-0.054972458151284,-0.074402998899187,-0.0643726429424813,0.0196768203069337,0.0211763425792357,37599830.0,0.9308419745514808,232.1100006103516,0.0153375449107424,-0.0022904999381773,neutral,0.0,0
2026-07-28,AMZN,232.8500061035156,233.1100006103516,228.1000061035156,230.8600006103516,44521600,-0.0022904999381773,-0.0119832363599838,-0.0674207321173681,-0.067194652364545,0.0195772766371106,0.0217014402390647,39041180.0,1.1403753677527164,231.38999938964844,0.0063097226229236,-0.0182361894773313,crash,0.0,0
2026-07-29,AMZN,229.32000732421875,232.82000732421875,226.1600036621093,226.6499938964844,44957500,-0.0182361894773313,-0.023523358319373,-0.0743312712001189,-0.1110370727639419,0.0148403021425122,0.0293845305160306,39012870.0,1.1523761261347858,230.8600006103516,-0.0066706804213002,0.0390470167299346,spike,0.0,0
2026-07-30,AMZN,233.3500061035156,239.82000732421875,231.0599975585937,235.5,101839800,0.0390470167299346,0.0177622223138111,0.0078746739238755,-0.0575853352466915,0.0214249276750281,0.0371974936969215,44662480.0,2.2802092494639794,226.6499938964844,0.0295610517867087,0.153205887780321,spike,0.0,0
2026-07-31,AMZN,265.0,273.2300109863281,262.010009765625,271.5799865722656,129054800,0.153205887780321,0.1763838943699984,0.1700486228862374,0.0984912480909541,0.0544419215555778,0.0413137998948886,53210720.0,2.425353387437719,235.5,0.1252653927813163,0.0458060352620868,spike,0.0,0
2026-08-03,AMZN,278.2900085449219,287.20001220703125,278.0,284.0199890136719,90830200,0.0458060352620868,0.253121538328342,0.2274514445864073,0.1361253761060392,0.0555667769266777,0.0323921292968868,59053090.0,1.5381108761624498,271.5799865722656,0.0247073507048383,-0.0232377150948336,crash,0.0,0
2026-08-04,AMZN,276.0599975585937,281.07000732421875,275.82000732421875,277.4200134277344,69748100,-0.0232377150948336,0.1780043033024814,0.2016807272558547,0.1206625328529336,0.0563686046259747,0.0189243736784966,63254690.0,1.1026549968073514,284.0199890136719,-0.0280261663368172,-0.0171942156310671,crash,0.0,0
2026-08-05,AMZN,281.5899963378906,282.7900085449219,270.7300109863281,272.6499938964844,45119800,-0.0171942156310671,0.0039399343733821,0.2029561051786708,0.1135388486827961,0.0566964609864085,0.0442325245867143,64355400.0,0.7011035592972773,277.4200134277344,0.0150312980618555,-0.001430347110176,neutral,0.0,0
2026-08-06,AMZN,272.7699890136719,275.4800109863281,271.0599975585937,272.260009765625,30672900,-0.001430347110176,-0.0414054633580061,0.1560934597266454,0.1651973187475177,0.0533026930385933,0.0162345304826052,62676160.0,0.4893870332834685,272.6499938964844,0.0004401068031311,0.0081539746605248,neutral,0.0,0
2026-08-07,AMZN,272.8699951171875,278.3099975585937,272.75,274.4800109863281,33861400,0.0081539746605248,-0.010597658060355,0.0106783436094279,0.1825428041211547,0.0527893681777106,0.0202564752843537,62560560.0,0.5412579427038376,272.260009765625,0.0022404515157683,0.0131520883382008,neutral,0.0,0
2026-08-10,AMZN,274.010009765625,280.1400146484375,273.6000061035156,278.0899963378906,35731900,0.0131520883382008,0.019952329224961,-0.02087878637125,0.2018237480938054,0.0523130519612356,0.0235175972924085,62633800.0,0.5704890969412681,274.4800109863281,-0.0017123331459154,-0.0209285030057219,crash,0.0,0
2026-08-11,AMZN,278.69000244140625,278.8399963378906,271.3599853515625,272.2699890136719,31895700,-0.0209285030057219,3.665337430747151e-05,-0.0185639974219237,0.1793727293331017,0.0535019885119532,0.0274727707354941,61371210.0,0.5197176330725759,278.0899963378906,0.0021575968622279,-0.0183273604720513,crash,0.0,0
2026-08-12,AMZN,273.17999267578125,273.4599914550781,267.1000061035156,267.2799987792969,29941100,-0.0183273604720513,-0.0262314628346101,-0.0196955629466336,0.179263207487087,0.0535088253652983,0.023795216180071,59869570.0,0.5001054792944062,272.2699890136719,0.0033422841254225,-0.00804397600383,neutral,0.0,0
2026-08-13,AMZN,267.239990234375,269.5799865722656,264.7099914550781,265.1300048828125,32170200,-0.00804397600383,-0.0466035874204234,-0.0261882194485718,0.1258174305002655,0.0535057564235256,0.0183683288481061,52902610.0,0.608102322361789,267.2799987792969,-0.0001496877622889,-0.0093539431247108,neutral,0.0,0
2026-08-14,AMZN,264.8800048828125,265.8099975585937,262.4200134277344,262.6499938964844,27251700,-0.0093539431247108,-0.0353325577748653,-0.0430997399312731,-0.0328816301543083,0.0210892580384134,0.0129068502175384,42722300.0,0.6378799830533468,265.1300048828125,-0.0009429336378223,-0.0051018327395004,neutral,0.0,0
2026-08-17,AMZN,265.44000244140625,265.75,258.3399963378906,261.3099975585937,43896500,-0.0051018327395004,-0.0223361315772558,-0.0603401740453423,-0.0799591308130956,0.012255358091814,0.0283571380021456,38028930.0,1.1542922716994668,262.6499938964844,0.010622534208097,-0.0071179264817273,neutral,0.0,0
2026-08-18,AMZN,260.6300048828125,262.17999267578125,257.7300109863281,259.45001220703125,33171300,-0.0071179264817273,-0.0214234246263141,-0.0470855302601744,-0.0647754320197384,0.0110644716411832,0.0171515956064099,34371250.0,0.9650885551151036,261.3099975585937,-0.0026022451576071,0.0246289606098011,spike,0.0,0
2026-08-19,AMZN,260.8500061035156,266.3999938964844,258.5799865722656,265.8399963378906,35762400,0.0246289606098011,0.0121454502780742,-0.0053876176593196,-0.0249770684432116,0.0141087125202693,0.0294162181460433,33435510.0,1.0695933754263058,259.45001220703125,0.0053960062848917,-0.0215543600107679,crash,0.0,0
2026-08-20,AMZN,263.1600036621094,263.8399963378906,259.5199890136719,260.1099853515625,28374100,-0.0215543600107679,-0.0045922935143808,-0.0189341811141626,-0.0446265480726377,0.0153314093063185,0.0166083870958658,33205630.0,0.8544966621624104,265.8399963378906,-0.0100812244684765,-0.0056898256587484,neutral,0.0,0
2026-08-21,AMZN,260.739990234375,261.0899963378906,257.0400085449219,258.6300048828125,35723000,-0.0056898256587484,-0.0031605599754777,-0.0153054982185008,-0.057745575157038,0.0146780282888206,0.015659388765831,33391790.0,1.0698138674207045,260.1099853515625,0.0024220711171891,0.0133008636912215,neutral,0.0,0
2026-08-24,AMZN,259.6000061035156,263.32000732421875,259.04998779296875,262.07000732421875,28070500,0.0133008636912215,-0.0141814214023691,0.0029084603448998,-0.0576072107038576,0.0146994700429106,0.0162934308082319,32625650.0,0.860381325736039,258.6300048828125,0.0037505362966011,-0.0038539693112441,neutral,0.0,0
2026-08-25,AMZN,262.510009765625,263.8900146484375,259.8299865722656,261.0599975585937,25550200,-0.0038539693112441,0.0036523480855499,0.0062053778215964,-0.0411723359437726,0.0137075522976338,0.0155520880799082,31991100.0,0.7986658789475823,262.07000732421875,0.0016789500099563,-0.0029878142442016,neutral,0.0,0
2026-08-26,AMZN,261.2799987792969,262.04998779296875,258.239990234375,260.2799987792969,21528400,-0.0029878142442016,0.0063797466084107,-0.0209148270959453,-0.0261897636634612,0.0127658821368146,0.0146380727541973,31149830.0,0.6911241570178713,261.0599975585937,0.0008427228329143,-0.0154448633491834,crash,0.0,0
2026-08-27,AMZN,259.2300109863281,259.6600036621094,255.0200042724609,256.260009765625,35927800,-0.0154448633491834,-0.0221696393948885,-0.014801337137188,-0.0334552670532632,0.013320497274054,0.0181066074019594,31525590.0,1.1396392581391814,260.2799987792969,-0.0040340702239632,0.0396861879442589,spike,0.0,0
2026-08-28,AMZN,258.32000732421875,267.5599975585937,257.7799987792969,266.42999267578125,49547400,0.0396861879442589,0.0205699654003186,0.0301588665108791,0.0143917718147241,0.0187655212086186,0.0367075744028492,33755160.0,1.467846693661058,256.260009765625,0.0080387008510528,-0.0249971994339763,crash,0.0,0
2026-08-31,AMZN,263.8299865722656,264.3599853515625,257.1199951171875,259.7699890136719,46089400,-0.0249971994339763,-0.0019594658368561,-0.0087763507698972,-0.0058934160931845,0.0205255436204962,0.0278707723777666,33974450.0,1.356590025739931,266.42999267578125,-0.0097586839882534,-0.018670327789371,crash,0.0,0
2026-09-01,AMZN,254.8300018310547,255.82000732421875,251.92999267578125,254.9199981689453,31700100,-0.018670327789371,-0.0052291092859367,-0.0235194953155175,-0.0174600648485272,0.0212575236923174,0.0152597468867838,33827330.0,0.9371150486899202,259.7699890136719,-0.0190167740368083,0.0002353583831189,neutral,0.0,0
2026-09-02,AMZN,254.259994506836,256.239990234375,253.3999938964844,254.97999572753903,24013300,0.0002353583831189,-0.0429756306084342,-0.0203626981581936,-0.0408516429429535,0.0192206018349109,0.0111381143049562,32652420.0,0.7354217543447009,254.9199981689453,-0.0025890619286445,0.015373747880732,spike,0.0,0
2026-09-03,AMZN,256.20001220703125,259.5,256.0,258.8999938964844,26891500,0.015373747880732,-0.0033490978711235,0.0103019746751509,-0.0046518454623828,0.0190190671127323,0.013518733420285,32504160.0,0.8273248716471984,254.97999572753903,0.0047847537059176,-0.0015063118580656,neutral,0.0,0
2026-09-04,AMZN,259.07000732421875,261.1199951171875,255.2899932861328,258.510009765625,30749900,-0.0015063118580656,0.014082895114021,-0.0297263188375119,-0.0004639644083131,0.0189332718393424,0.0225523252903838,32006850.0,0.9607287190085873,258.8999938964844,0.0006566760592599,-0.005957249184734,neutral,0.0,0
2026-09-08,AMZN,256.67999267578125,257.989990234375,254.75,256.9700012207031,29398000,-0.005957249184734,0.0078045553632,-0.0107787192954817,-0.0194604722439916,0.0184152158530307,0.0126084376346804,32139600.0,0.9146971337539982,258.510009765625,-0.0070790956663647,-0.0177842055590515,crash,0.0,0
2026-09-09,AMZN,253.1199951171875,254.69000244140625,250.6499938964844,252.3999938964844,33055500,-0.0177842055590515,-0.0251062192091007,-0.0098854710911726,-0.0331724651156697,0.0191009346401533,0.0160063733859627,32890130.0,1.0050279521546432,256.9700012207031,-0.0149823173336446,-0.0020205805038375,neutral,0.0,0
2026-09-10,AMZN,250.1100006103516,253.1499938964844,249.5800018310547,251.88999938964844,25484800,-0.0020205805038375,-0.0256083328532559,-0.0121185833777817,-0.0322345144805487,0.0191046067185199,0.0141728217637862,33285770.0,0.7656364867028763,252.3999938964844,-0.0090728737777703,0.0194132335602736,spike,0.0,0
2026-09-11,AMZN,254.08999633789065,257.5899963378906,253.13999938964844,256.7799987792969,26724100,0.0194132335602736,-0.0007393954177673,-0.0081884710975896,0.0020291461556856,0.0197720650368438,0.0173299983230663,32365400.0,0.8256996669282629,251.88999938964844,0.0087339590836198,-0.0126178265774853,neutral,0.0,0
2026-09-14,AMZN,253.1499938964844,255.9499969482422,250.7400054931641,253.5399932861328,34352800,-0.0126178265774853,0.0045166379445951,-0.0192256248955241,-0.0483804366775413,0.0144087975708108,0.0205489926364333,30845940.0,1.1136895163512606,256.7799987792969,-0.0141366340839204,-0.0201940334967561,crash,0.0,0
2026-09-15,AMZN,252.2400054931641,253.2700042724609,247.22000122070312,248.4199981689453,36275400,-0.0201940334967561,-0.0137758594192355,-0.0332723781419703,-0.0436924638131667,0.0137265915168782,0.0243539292180627,29864540.0,1.2146646156277645,253.5399932861328,-0.005127348061028,-0.0099025500088971,neutral,0.0,0
2026-09-16,AMZN,248.1000061035156,249.259994506836,244.3000030517578,245.9600067138672,33488500,-0.0099025500088971,-0.0421372074027054,-0.0255150053024898,-0.0351482485463536,0.0129711029934118,0.0201658453394346,30043380.0,1.1146715183178455,248.4199981689453,-0.0012881091207966,0.0212636021498537,spike,0.0,0
2026-09-17,AMZN,251.07000732421875,252.72999572753903,249.2400054931641,251.19000244140625,30438800,0.0212636021498537,-0.0092687185728307,-0.0027789787206254,-0.0148638848130761,0.0151626131239714,0.0138938261891574,30685930.0,0.9919464718846716,245.9600067138672,0.0207757378064157,0.0100322634180027,neutral,0.0,0
2026-09-18,AMZN,252.9199981689453,255.42999267578125,251.8800048828125,253.7100067138672,52274700,0.0100322634180027,0.0212946163107377,-0.0119557289509466,-0.0200463009075708,0.0145895734181994,0.0139923049900527,33224250.0,1.5733899185083184,251.19000244140625,0.0068871997719837,0.0186827691763447,spike,0.0,0
2026-09-21,AMZN,256.3999938964844,259.489990234375,253.6000061035156,258.45001220703125,42979400,0.0186827691763447,0.0507806356815321,0.0193658556871429,-0.000232089885603,0.0159845110827468,0.0227896453962681,34447200.0,1.2476892171206948,253.7100067138672,0.0106026057760147,-0.0134262577504254,neutral,0.0,2
2026-09-22,AMZN,255.1100006103516,259.0,253.77999877929688,254.97999572753903,41982600,-0.0134262577504254,0.0150881533870634,0.0264068819215286,-0.0077441159812851,0.0164658089582048,0.0204721990280406,35705660.0,1.1757967784379284,258.45001220703125,-0.0129232402357332,-0.0223938801112052,crash,-0.5,2
2026-09-23,AMZN,253.0,253.9900054931641,247.759994506836,249.2700042724609,44209200,-0.0223938801112052,-0.0175003047728176,0.0134574624664258,-0.0124009100622529,0.017052685652308,0.0249930231457712,36821030.0,1.200650823727636,254.97999572753903,-0.0077652983007136,0.0004412910035953,neutral,-0.045454545454545456,22
2024-09-25,GOOGL,160.34402682435416,161.6746790019905,160.17521409904674,160.3638916015625,18869200,,,,,,0.0093503898413074,,,,,0.0076785927695877,neutral,0.0,0
2024-09-26,GOOGL,162.498918721295,162.93585297471674,161.14840155271324,161.5952606201172,20319300,0.0076785927695877,,,,,0.0110612861735189,,,160.3638916015625,0.0133136399872183,0.0074970442311068,neutral,0.0,0
2024-09-27,GOOGL,161.6746974446782,164.54454440704646,161.4959598865702,162.80674743652344,21101300,0.0074970442311068,,,,,0.0187251730562633,,,161.5952606201172,0.000491578925373,0.011588982373736,neutral,0.0,0
2024-09-30,GOOGL,162.1811552014193,164.99140790109868,162.12156086139018,164.69351196289062,20413900,0.011588982373736,0.0269987234538149,,,,0.0174253800620582,,,162.80674743652344,-0.0038425448880615,0.0068736742999442,neutral,0.0,0
2024-10-01,GOOGL,166.52067729796633,167.98042800067057,163.4323631439142,165.8255615234375,28338100,0.0068736742999442,0.0261783723550224,,,,0.0274268020863211,,,164.69351196289062,0.0110943370707123,-0.0067669383257155,neutral,0.0,0
2024-10-02,GOOGL,165.2595227746661,166.35185834560912,163.58130501221132,164.70343017578125,17760200,-0.0067669383257155,0.0116499025324321,0.0270605716217007,,,0.0168214671087353,,,165.8255615234375,-0.0034134589599529,0.0,neutral,0.0,0
2024-10-03,GOOGL,163.26354430672865,165.47798988885472,162.77695570651093,164.70343017578125,15073100,0.0,6.022224416990518e-05,0.0192342865981127,,,0.0163993802646434,,,164.70343017578125,-0.0087422943621506,0.0072349426589057,neutral,0.0,0
2024-10-04,GOOGL,166.88807682048628,167.05688955338184,164.32606593132192,165.89505004882812,19047400,0.0072349426589057,0.0004190459224273,0.0189691315681419,,,0.0164611519225929,,,164.70343017578125,0.0132641235363066,-0.0244223332056057,crash,0.0,0
2024-10-07,GOOGL,166.55045841132394,167.30515333490106,161.6151139348849,161.843505859375,22463100,-0.0244223332056057,-0.0173640847270392,-0.0173049081870195,,,0.0351576627668966,,,165.89505004882812,0.0039507409190504,0.0085901425681578,neutral,0.0,0
2024-10-08,GOOGL,162.79683039346867,163.58131496769886,161.73428435048646,163.2337646484375,23072700,0.0085901425681578,-0.0089231021222523,-0.0156296583662325,,,0.0113152485405848,20645830.0,1.1175477081812646,161.843505859375,0.0058904095597262,-0.0153305087977888,crash,0.0,0
2024-10-09,GOOGL,162.31021685596906,163.6905234119548,158.62609615330425,160.73130798339844,31181800,-0.0153305087977888,-0.0311265590137248,-0.0241168152244524,0.0022911415915798,0.0120150514440892,0.0315086545501991,21877090.0,1.4253175353760483,163.2337646484375,-0.0056578232723941,0.0013593530926065,neutral,0.0,0
2024-10-10,GOOGL,159.74822939172097,161.9329006503817,159.2815055457696,160.94979858398438,14144100,0.0013593530926065,-0.0055220459458358,-0.0227902453992049,-0.0039943129127417,0.0117467120066991,0.016473429155791,21259570.0,0.6653050837810924,160.73130798339844,-0.0061162856447295,0.0071568029066346,neutral,0.0,0
2024-10-11,GOOGL,160.99942432308654,162.7570706789559,160.11563116287005,162.1016845703125,15344300,0.0071568029066346,-0.0069353303255805,-0.0228660558431316,-0.0043306734967224,0.0117219644704586,0.0162949541399744,20683870.0,0.7418485998993418,160.94979858398438,0.00030833054492,0.0105367385651578,neutral,0.0,0
2024-10-14,GOOGL,162.49890499208357,165.07084076824168,162.26057310515668,163.80970764160156,19016100,0.0105367385651578,0.0191524582038558,0.0121487839242371,-0.0053663578531751,0.0116068259705361,0.0171556845045689,20544090.0,0.9256238655496544,162.1016845703125,0.0024504398138982,0.0030310840745779,neutral,0.0,0
2024-10-15,GOOGL,164.6339141628374,166.51073429604153,163.4820145370709,164.3062286376953,20247200,0.0030310840745779,0.0208538940914519,0.0065701112240326,-0.0091622357360595,0.0113981714579302,0.0184333837133412,19735000.0,1.025953889029643,163.80970764160156,0.0050314876517521,-0.0018131546206514,neutral,0.0,0
2024-10-16,GOOGL,163.38270428394787,164.6438526096412,162.59821974974642,164.00831604003906,16406000,-0.0018131546206514,0.0117619472911743,0.0203881129181073,-0.0042203986583662,0.0112192197030849,0.0124727386347614,19599580.0,0.8370587532998156,164.3062286376953,-0.0056207507250614,-0.0135022271585416,neutral,0.0,0
2024-10-17,GOOGL,164.57431638671383,165.20985289039217,161.62502577447916,161.79383850097656,21453400,-0.0135022271585416,-0.0123061640829951,0.0052441191254537,-0.017665641035523,0.0119584549065651,0.022156759176533,20237610.0,1.0600757698166927,164.00831604003906,0.0034510466319073,0.0030075482954821,neutral,0.0,0
2024-10-18,GOOGL,162.0520493579974,163.5614543687219,161.94281580158204,162.2804412841797,19757700,0.0030075482954821,-0.0123293399788427,0.0011027443319977,-0.02178852692461,0.011678317761991,0.0099743293420392,20308640.0,0.9728716447777892,161.79383850097656,0.0015959251564407,0.0039776361747783,neutral,0.0,0
2024-10-21,GOOGL,161.8137333852295,163.35292813982096,161.48603268374447,162.92593383789062,20946500,0.0039776361747783,-0.0065995568290829,-0.0053951247238932,0.0066881149958291,0.0087409562999806,0.0114585530498418,20156980.0,1.0391685659260466,162.2804412841797,-0.0028759343717391,0.0065214618309092,neutral,0.0,0
2024-10-22,GOOGL,161.84350752043144,164.61406084451548,161.84350752043144,163.9884490966797,16568100,0.0065214618309092,0.0135642408637821,-0.0019340687425571,0.004623335434722,0.0085560344381359,0.0168948077705805,19506520.0,0.8493621619848133,162.92593383789062,-0.0066436710961938,-0.0142908624958791,neutral,0.0,0
2024-10-23,GOOGL,163.6111016800633,164.6637228904858,160.80083381909756,161.64491271972656,18280500,-0.0142908624958791,-0.0039162363586392,-0.014410265146162,0.0056840496589656,0.008346120437624,0.0238973748470885,18216390.0,1.0035193581165094,163.9884490966797,-0.0023010609509082,-0.0003687145427302,neutral,0.0,0
2024-10-24,GOOGL,161.69454543683605,162.19105880543688,159.88722950198394,161.58531188964844,22412500,-0.0003687145427302,-0.0082284134677791,-0.0012888414865493,0.0039485188006149,0.0083465049768105,0.0142576653565288,19043230.0,1.1769274435061698,161.64491271972656,0.0003070478140907,0.0156711432053262,spike,0.0,0
2024-10-25,GOOGL,162.52868955985642,164.43529913917524,162.2804328674599,164.11753845214844,19828900,0.0156711432053262,0.0007871856595986,0.0113205088267642,0.0124357367857059,0.0094683382965777,0.0131300182298532,19491690.0,1.0173001930566308,161.58531188964844,0.0058382637578608,0.0087734704326776,neutral,0.0,0
2024-10-28,GOOGL,167.57326188738554,167.57326188738554,162.80673051877835,165.5574188232422,32138600,0.0087734704326776,0.0242043256276147,0.0161514187665781,0.0106691551239712,0.0092915044858003,0.0287908050420633,20803940.0,1.5448323730985574,164.11753845214844,0.0210563932887933,0.0177542410021187,spike,0.0,0
2024-10-29,GOOGL,166.56036607974156,169.19189595668735,165.92482959046737,168.49676513671875,42169000,0.0177542410021187,0.0427727815495406,0.0274916682539096,0.0255044287351018,0.0106922831802988,0.0193894901398793,22996120.0,1.8337441272701656,165.5574188232422,0.0060580024962225,0.028170801017586,spike,0.0,0
2024-10-30,GOOGL,179.42006644238907,180.75073380709983,172.84623418689728,173.2434539794922,68890800,0.028170801017586,0.0556059737028324,0.0717532093315931,0.0563089614138747,0.0132288671324665,0.0456265413707247,28244600.0,2.439078620338047,168.49676513671875,0.0648279585474956,-0.0192019629225159,crash,0.0,0
2024-10-31,GOOGL,171.92275825269778,175.58703007037118,169.80760603057018,169.91683959960938,44769000,-0.0192019629225159,0.0263317754489851,0.0515611698398106,0.0502058741784767,0.0142271042443946,0.0340132505608013,30576160.0,1.4641799362640695,173.2434539794922,-0.0076233513963,0.0010516655037371,neutral,0.0,0
2024-11-01,GOOGL,168.8840566551811,171.11836671050878,167.702352468204,170.0955352783203,31796500,0.0010516655037371,0.0094884322574639,0.0364250943717077,0.0481579538008225,0.0142709384762078,0.0200829153846707,31780040.0,1.000517935156784,169.91683959960938,-0.0060781671014004,-0.0119679232278864,neutral,0.0,0
2024-11-04,GOOGL,168.74502066899333,169.539445063289,166.83841121411467,168.05984497070312,21492700,-0.0119679232278864,-0.0299209516418592,0.0151151556073283,0.0315107055818424,0.0152322239492087,0.0160718573175239,31834660.0,0.6751352142601805,170.0955352783203,-0.0079397416699808,0.0029545204862551,neutral,0.0,0
2024-11-05,GOOGL,168.2485301772737,169.34086576189884,167.66264797842342,168.55638122558594,18242100,0.0029545204862551,-0.0080066129833229,0.0003538114741776,0.0278552065957597,0.0151877966488078,0.0099564179728644,32002060.0,0.5700289293876707,168.05984497070312,0.0011227262919554,0.0398845391092264,spike,0.0,0
2024-11-06,GOOGL,172.58808035816057,175.706184256144,172.2901692540448,175.2791748046875,33695500,0.0398845391092264,0.0304748711827469,0.0117506363353636,0.0843469915357073,0.0178256073454502,0.0194889952323523,33543560.0,1.0045296325136628,168.55638122558594,0.02391899436414,0.0240213018155328,spike,0.0,0
2024-11-07,GOOGL,176.17290261823987,179.8173094537086,175.95443549219976,179.48960876464844,25352900,0.0240213018155328,0.0680100817416426,0.0563379661933229,0.110803987476457,0.0181770706661584,0.0215214350741269,33837600.0,0.7492523110386079,175.2791748046875,0.0050988819096635,-0.0132779553161085,neutral,0.0,0
2024-11-08,GOOGL,179.39030350893603,179.6385602340535,176.8382322539701,177.10635375976562,22006200,-0.0132779553161085,0.0507247039359306,0.041216945935552,0.0791433714526756,0.0195525656429676,0.0158115613620609,34055330.0,0.6461895979278427,179.48960876464844,-0.0005532646507833,0.0112137306598987,neutral,0.0,0
2024-11-11,GOOGL,177.3347151552712,179.29097902438812,177.22548160894132,179.09237670898438,17450400,0.0112137306598987,0.0217550197195182,0.065646447193882,0.0817538590656141,0.0195810464744105,0.0115331397874244,32586510.0,0.5355099395424671,177.10635375976562,0.0012894026140661,0.0070420051191961,neutral,0.0,0
2024-11-12,GOOGL,178.56610979083834,181.2174898751334,178.13910033177982,180.35354614257807,25134900,0.0070420051191961,0.004813300245489,0.0699894292415039,0.0703680037788185,0.0192825354837506,0.0170686388440622,30883100.0,0.8138723120412135,179.09237670898438,-0.0029385221627897,-0.0150864027276608,crash,0.0,0
2024-11-13,GOOGL,179.2016442605843,179.69815771950462,177.29501924422846,177.63265991210938,23184000,-0.0150864027276608,0.0029716954878855,0.0134270663359998,0.0253354792449287,0.0188499571595507,0.0135286972365623,26312420.0,0.8811048166607253,180.35354614257807,-0.0063869100809536,-0.0184482293867696,crash,0.0,0
2024-11-14,GOOGL,177.03682125408577,177.57306422524127,173.10444351008397,174.35565185546875,31007500,-0.0184482293867696,-0.0264485007154299,-0.0286030870784919,0.0261234393619782,0.0187540751869007,0.0256293424824653,24936270.0,1.2434698533501602,177.63265991210938,-0.0033543305511408,-0.0175988039107442,crash,0.0,0
2024-11-15,GOOGL,172.51854448191054,172.92568911299827,170.02605262888574,171.28720092773438,32504600,-0.0175988039107442,-0.0502698472458995,-0.032856827033572,0.0070058608385235,0.0198366186190787,0.0169285064406877,25007080.0,1.299815892139346,174.35565185546875,-0.0105365518926858,0.0162907094023079,spike,0.0,0
2024-11-18,GOOGL,172.2106958182379,174.21661408019878,171.69431766961333,174.0775909423828,20135300,0.0162907094023079,-0.020013599815966,-0.0280011123798435,0.0358071612688248,0.0198167887091478,0.0144894951551822,24871340.0,0.8095784143516191,171.28720092773438,0.0053914996888362,0.016086815015915,spike,0.0,0
2024-11-19,GOOGL,172.50863268758198,177.6227151144133,172.34974474847573,176.87794494628906,23434900,0.016086815015915,0.0144663683911501,-0.0192710444048678,0.0493696154378517,0.0201934802594888,0.0298113502366774,25390620.0,0.922974704831942,174.0775909423828,-0.0090129823506124,-0.0120144518491532,neutral,0.0,0
2024-11-20,GOOGL,176.1033704582549,176.4409959363333,172.56819744687726,174.7528533935547,18997100,-0.0120144518491532,0.0202329914147085,-0.0162121454465613,-0.0030027606629212,0.0165815338497017,0.0221615751288149,23920780.0,0.7941672470546529,176.87794494628906,-0.0043791468080963,-0.0474485145429384,crash,0.0,0
2024-11-21,GOOGL,172.6873573172244,172.91576439472308,162.55848682005697,166.46109008789062,59734400,-0.0474485145429384,-0.0437534826467879,-0.0452784964729578,-0.0725864787740506,0.0200353905809199,0.0622204118043293,27358930.0,2.183360241062059,174.7528533935547,-0.0118195270418769,-0.0171209715401522,crash,0.0,0
2024-11-22,GOOGL,164.69352539111725,165.29927243550884,162.75711072055498,163.61111450195312,38604600,-0.0171209715401522,-0.0750055663998389,-0.044814127291506,-0.0761985042960006,0.0201984741670224,0.0155378301938253,29018770.0,1.3303320574924438,166.46109008789062,-0.0106184856523534,0.0175405398297288,spike,0.0,0
2024-11-25,GOOGL,164.93182234405353,167.4541189743164,164.45517370894052,166.48094177246094,33135300,0.0175405398297288,-0.0473349159138756,-0.0436394433585438,-0.0704186027807109,0.0209424196161719,0.0180137451977819,30587260.0,1.0833039638071538,163.61111450195312,0.0080722379168478,0.0087683464407435,neutral,0.0,0
2024-11-26,GOOGL,166.4611039634079,168.63583529706082,166.41144958796977,167.94070434570312,20486700,0.0087683464407435,0.008888649335597,-0.0505277274863174,-0.0688250498111193,0.0210784005927388,0.0132450659758589,30122440.0,0.6801142271343225,166.48094177246094,-0.0001191596397871,0.0006503629512266,neutral,0.0,0
2024-11-27,GOOGL,167.82153482882035,168.29818346613916,166.8483727748482,168.0499267578125,19266500,0.0006503629512266,0.0271302611034189,-0.0383566076637773,-0.0539469102080568,0.0209868064585169,0.0086272616671852,29730690.0,0.6480340684995874,167.94070434570312,-0.0007095928134103,-0.0016545419546513,neutral,0.0,0
2024-11-29,GOOGL,167.32502205728218,168.24852974267216,165.9943697320939,167.77188110351562,14257200,-0.0016545419546513,0.0077542769599363,0.0078744589196966,-0.0377605812136833,0.0204863455203572,0.0134358630048824,28055660.0,0.5081755339207846,168.0499267578125,-0.0043136269947622,0.0150340633616907,spike,0.0,0
2024-12-02,GOOGL,167.59314004161567,170.88005637942206,167.3945377088188,170.29417419433594,23789100,0.0150340633616907,0.014013695237268,0.0408472230797194,-0.0057974368663855,0.0206162050476971,0.0204676330655073,27184110.0,0.8751104965363957,167.77188110351562,-0.001065381521172,-0.0008747895124537,neutral,0.0,0
2024-12-03,GOOGL,170.2941657432139,171.47585486804743,169.6586292183714,170.14520263671875,22248700,-0.0008747895124537,0.0124681749009381,0.022010092117727,-0.0225898594091046,0.0197705892671401,0.0106804401271074,27395450.0,0.8121312115698045,170.29417419433594,-4.9626606828719154e-08,0.0176841930810045,spike,0.0,0
2024-12-04,GOOGL,169.956535651712,173.69032622472676,169.86716687371202,173.15408325195312,31615100,0.0176841930810045,0.0320804780457617,0.0310429739267874,-0.0210532844864673,0.0199396179655299,0.0220795217716681,28213470.0,1.120567587042643,170.14520263671875,-0.0011088586811912,-0.0099213717235354,neutral,0.0,0
2024-12-05,GOOGL,174.13719150933292,174.83230728378396,171.12832132304757,171.4361572265625,21356200,-0.0099213717235354,0.0067059430402085,0.0201501454602244,-0.0189793534273386,0.0198328567697962,0.0216056287113421,28449380.0,0.7506736526419908,173.15408325195312,0.0056776498648853,0.0119902200576045,neutral,0.0,0
2024-12-06,GOOGL,170.83039484206162,173.85912953542012,170.66158210864637,173.49171447753906,21462400,0.0119902200576045,0.0196685641966969,0.0340929203177633,0.0422358425379547,0.0119506058894822,0.0184305483198606,24622180.0,0.8716693647759866,171.4361572265625,-0.0035334575523664,0.0049280766595956,neutral,0.0,0
2024-12-09,GOOGL,172.9449339559485,175.23150110703355,172.6367300920802,174.34669494628906,25389600,0.0049280766595956,0.006887574765422,0.0237971778607557,0.0656164495732212,0.0093229673334154,0.0148828230770461,23300680.0,1.0896506024716874,173.49171447753906,-0.0031516232532323,0.0558818342576155,spike,0.0,0
2024-12-10,GOOGL,181.7830534352468,185.2725666848792,179.99355362655623,184.08950805664065,54813000,0.0558818342576155,0.0738079471377559,0.0819553252388476,0.1057692616146197,0.0181306420456849,0.0286763385597113,25468450.0,2.152192222141512,174.34669494628906,0.0426527069598228,0.0552465955875465,spike,0.0,0
2024-12-11,GOOGL,184.22870587804087,194.46860797595767,183.7713984925761,194.25982666015625,67894100,0.0552465955875465,0.1197066513819362,0.1218899549570111,0.1567167555774664,0.0230098618033366,0.0550665038021245,30209190.0,2.247465092576133,184.08950805664065,0.0007561420684409,-0.0176049633760457,crash,0.0,0
2024-12-12,GOOGL,193.862143967894,194.0410863577681,190.591348316152,190.8398895263672,34817500,-0.0176049633760457,0.0945999841589149,0.1131834299934848,0.1356142380317651,0.0249112856272734,0.0180766088797149,31764290.0,1.0961208325449745,194.25982666015625,-0.0020471689854743,-0.0111481813654129,neutral,0.0,0
2024-12-13,GOOGL,189.8954152094274,191.60537989902093,188.53341427180683,188.71237182617188,25143500,-0.0111481813654129,0.0251120436918592,0.0877313213168076,0.1248152585815969,0.0257031392543601,0.0162785597864445,32852920.0,0.7653353187479226,190.8398895263672,-0.0049490403672094,0.0360340940018859,spike,0.0,0
2024-12-16,GOOGL,191.74455812406867,197.83879313889875,191.496016926658,195.512451171875,44934900,0.0360340940018859,0.0064481912357006,0.1214003869250659,0.148086551385842,0.0268019246036039,0.0324418019119652,34967500.0,1.2850475441481377,188.71237182617188,0.0160677663502095,-0.0063051856911486,neutral,0.0,0
2024-12-17,GOOGL,196.0990325051564,200.2446984442106,193.8422738658045,194.2797088623047,43504000,-0.0063051856911486,0.0180246349150303,0.0553545984952532,0.1418465278572451,0.0271939273835014,0.0329546745560742,37093030.0,1.1728348964751598,195.512451171875,0.003000224946112,-0.0359226110883998,crash,0.0,0
2024-12-18,GOOGL,194.0808868210915,195.8504992556076,186.6445370867345,187.30067443847656,34166100,-0.0359226110883998,-0.0074806827662347,-0.0358239392123737,0.0816994374076585,0.0312915434391863,0.0491507155351809,37348130.0,0.914800821353037,194.2797088623047,-0.0010233803744996,0.0005837911836126,neutral,0.0,0
2024-12-19,GOOGL,190.5118237091531,191.903648494442,187.28078779996244,187.41001892089844,32265200,0.0005837911836126,-0.0414420268500123,-0.0179725036206063,0.0931767367675278,0.0307833952603671,0.0246670947535134,38439030.0,0.8393864257240622,187.30067443847656,0.0171443550873668,0.015383847538162,spike,0.0,0
2024-12-20,GOOGL,184.69595286927185,191.7644658752926,184.1392229555645,190.2931060791016,63462900,0.015383847538162,-0.0205199133072028,0.0083764208866272,0.0968426166757243,0.0308341748273488,0.0400710413364024,42639080.0,1.4883740455938543,187.41001892089844,-0.0144819688256481,0.0168226425860404,spike,0.0,0
2024-12-23,GOOGL,191.49605762870533,193.9615977532848,189.04046886277803,193.4943389892578,25675000,0.0168226425860404,0.033068031224926,-0.0103221670564759,0.1098251047940286,0.0308587208386871,0.0254329347112317,42667620.0,0.6017443672742937,190.2931060791016,0.0063215718866015,0.0076041462536604,neutral,0.0,0
2024-12-24,GOOGL,193.7031044479889,194.9656982421875,192.64929197793103,194.9656982421875,10403300,0.0076041462536604,0.0403163041378173,0.0035309368327756,0.0590809889187191,0.0265089039911244,0.011881096444868,38226650.0,0.2721478340372489,193.4943389892578,0.0010789228244174,-0.0026006333746357,neutral,0.0,0
2024-12-26,GOOGL,194.01127759173056,195.6019475277096,193.24578152744004,194.4586639404297,12046600,-0.0026006333746357,0.0218902194995784,0.0382165708874921,0.0010235635627395,0.0201291460111332,0.0121165390758384,32641900.0,0.3690532720215428,194.9656982421875,-0.0048953259935568,-0.014519489615658,neutral,0.0,0
2024-12-27,GOOGL,193.81244697780068,194.18029831146464,189.53753481304463,191.63522338867188,18891400,-0.014519489615658,-0.0096081136548865,0.0225452432698212,0.0041675451829203,0.0198461153903513,0.0242270884043254,31049290.0,0.6084325921784363,194.4586639404297,-0.0033231585033772,-0.0078853374224041,neutral,0.0,0
2024-12-30,GOOGL,188.6925150012565,191.42646867833813,188.01647493101527,190.1241149902344,14264700,-0.0078853374224041,-0.0248330003462396,-0.0008880568106179,0.0074809253383922,0.0196575553352377,0.0179356193058305,29961410.0,0.4761024264211864,191.63522338867188,-0.0153557802964385,-0.0101444031905686,neutral,0.0,0
2024-12-31,GOOGL,189.96503162659656,190.83990159620672,187.4100205425092,188.19541931152344,17466900,-0.0101444031905686,-0.0322086169985459,-0.0273853990014072,-0.0374248893944824,0.0154700702399871,0.0182251038109488,27214610.0,0.6418206985145112,190.1241149902344,-0.0008367342756389,0.0006867433003001,neutral,0.0,0
2025-01-02,GOOGL,189.5375437207165,190.8796724857836,186.405930161898,188.3246612548828,20370800,0.0006867433003001,-0.0172753321401391,-0.0340625917645018,-0.0306519277916074,0.0154971396259722,0.0237554778756814,24901290.0,0.818062036143509,188.19541931152344,0.00713154663436,0.0124583081653,neutral,0.0,0
2025-01-03,GOOGL,190.2533205076432,192.08259534159248,188.8714319873332,190.67086791992188,18596200,0.0124583081653,0.0028757684406082,-0.0194786693673271,0.0179934935714944,0.0109664008033284,0.0168413947515458,23344300.0,0.7966055953701761,188.3246612548828,0.0102411401667148,0.0264874470682403,spike,0.0,0
2025-01-06,GOOGL,192.84811629000748,197.0633812164201,192.7188851595698,195.72125244140625,29563600,0.0264874470682403,0.0399894596659931,0.0213219103486375,0.044347861274246,0.0134215000258012,0.0221973648883681,23074140.0,1.2812438513418052,190.67086791992188,0.0114188831982451,-0.007009705001751,neutral,0.0,0
2025-01-07,GOOGL,195.9598465030939,199.82714740579908,193.4644980339136,194.34930419921875,26487200,-0.007009705001751,0.0319907276306317,0.0222233208512312,0.0213155284691768,0.013257839549672,0.0327382153391372,19376570.0,1.3669705216145065,195.72125244140625,0.0012190503520259,-0.0078776773833709,neutral,0.0,0
2025-01-08,GOOGL,191.44634580773328,195.1446253516784,191.2574520458894,192.8182830810547,24864800,-0.0078776773833709,0.0112624187667447,0.0245641673237484,-0.0034939312009569,0.0125085069479749,0.0201597755341225,19295550.0,1.2886287252760351,194.34930419921875,-0.0149368087704074,-0.0098479496640655,neutral,0.0,0
2025-01-10,GOOGL,193.16624068951896,195.3732879535128,189.19951732698908,190.9194183349609,26665200,-0.0098479496640655,-0.0245340454679692,0.0137781056542896,-0.0207538040984023,0.0125037369951616,0.0323370492135694,20921740.0,1.2745211440348652,192.8182830810547,0.0018045882522353,-0.0053634503254649,neutral,0.0,0
2025-01-13,GOOGL,188.9609292579485,190.06443773067767,186.26673571233505,189.8954315185547,21823700,-0.0053634503254649,-0.0229168439733573,-0.0040668845210944,-0.0234663363894801,0.0125483068371429,0.0199989119694622,21899450.0,0.9965410090207744,190.9194183349609,-0.0102581973803015,-0.00706750436943,neutral,0.0,0
2025-01-14,GOOGL,190.124127306796,190.8597997261901,187.211215857512,188.5533447265625,17174900,-0.00706750436943,-0.0221189520326728,-0.0366230423392044,-0.0160820052160178,0.0119490730717652,0.0193504065068122,21727800.0,0.7904573863897864,189.8954315185547,0.0012043248561192,0.0310555155963017,spike,0.0,0
2025-01-15,GOOGL,191.9633135239725,195.21423727602792,190.74049483860904,194.40896606445312,21776000,0.0310555155963017,0.0182775945994657,0.0003069826541453,0.0225371256793953,0.0154806762788158,0.0230120170277315,22478930.0,0.9687293834715442,188.5533447265625,0.0180849021922951,-0.0135004229723346,neutral,0.0,0
2025-01-16,GOOGL,193.0071814253157,194.33935880818177,191.6849402307685,191.78436279296875,17815400,-0.0135004229723346,0.0099472181047677,-0.0053621486073045,0.0190703020008391,0.0158141259371204,0.0138406413263146,22513780.0,0.791310921577807,194.40896606445312,-0.0072104937725592,0.0160177837467121,spike,0.0,0
2025-01-17,GOOGL,195.3832294332928,196.07914183949293,192.6194521845604,194.8563232421875,27735100,0.0160177837467121,0.0334280917942106,0.0206207673455165,0.0346829881109653,0.0164045502716085,0.0177550802425462,23250210.0,1.192896752330409,191.78436279296875,0.0187651724463533,0.0104592726887733,neutral,0.0,0
2025-01-21,GOOGL,197.9084311961374,201.10962849733664,196.71542107622028,196.8943786621093,29971300,0.0104592726887735,0.0127844545854547,0.0368568484643654,0.0326400713967549,0.0162955511085669,0.0223175869772151,24387720.0,1.2289504717948214,194.8563232421875,0.0156633764979565,0.0016157418780862,neutral,0.0,0
2025-01-22,GOOGL,197.8984854427286,199.3101979435439,196.377414183482,197.21250915527344,26200600,0.0016157418780859,0.0283033834628341,0.0459242154588577,0.0076192886325088,0.0141224061796433,0.0148711852641802,24051420.0,1.0893577177563736,196.8943786621093,0.005099722945074,-0.0019660306120483,neutral,0.0,0
2025-01-23,GOOGL,196.9838533666416,199.1312534169042,194.06100582652093,196.8247833251953,26951400,-0.0019660306120483,0.0101021103665248,0.0124264703920151,0.0127372677570229,0.0138988847025604,0.0257602091805997,24097840.0,1.118415592434841,197.21250915527344,-0.0011594385650851,0.0112637237192121,neutral,0.0,0
2025-01-24,GOOGL,196.9440747387753,199.72772435097136,196.8446521798743,199.0417633056641,23877500,0.0112637237192121,0.0109062770514127,0.0378414611442003,0.032276400998723,0.01380421334532,0.0144847599981798,23999110.0,0.994932728755358,196.8247833251953,0.0006060792323235,-0.0419559318975245,crash,0.0,0
2025-01-27,GOOGL,191.2872856900852,195.731204323553,189.61708065071457,190.69078063964844,41728900,-0.0419559318975245,-0.0330695478880104,-0.0213775079670455,-0.0011975612397442,0.0196779765373388,0.032063027128681,25505480.0,1.6360758550711454,199.0417633056641,-0.0389590480248637,0.0181950852481027,spike,0.0,0
2025-01-28,GOOGL,191.6252920206379,194.33935805697908,189.56736331512155,194.1604156494141,24157900,0.0181950852481027,-0.013536748933589,-0.0138854294940893,0.0224596457995498,0.0203556339310945,0.0245775882066202,25738900.0,0.9385754635979005,190.69078063964844,0.0049006636705494,0.0005632442681229,neutral,0.0,0
2025-01-29,GOOGL,194.4188940643566,195.6417126982154,192.3013178788486,194.269775390625,18218300,0.0005632442681229,-0.0239748072755507,-0.0149216384764493,0.0303173124420168,0.0201022518905401,0.0171946192486718,25843240.0,0.704954177572162,194.1604156494141,0.0013312621631859,0.0279411237996856,spike,0.0,0
2025-01-30,GOOGL,196.8446429320212,200.2247973993167,196.51656670676425,199.6978912353516,24354700,0.0279411237996856,0.047234116749063,0.0145972873010067,0.0272051504514714,0.0196411453529398,0.0185692030577437,26101110.0,0.9330905850364218,194.269775390625,0.0132540820424526,0.0156818760271801,spike,0.0,0
2025-01-31,GOOGL,200.82131144659704,204.28100107943345,200.62248149891727,202.8295288085937,32001100,0.0156818760271804,0.0446492305353991,0.0190300037541009,0.0575915880459358,0.0191001794017275,0.0180374110318456,27519680.0,1.1628441900487214,199.6978912353516,0.0056255987697008,-0.0136752409379145,neutral,0.0,0
2025-02-03,GOOGL,199.5189437949037,202.5610857724737,198.9323901811373,200.0557861328125,27838300,-0.0136752409379146,0.0297833810254495,0.0491109505228848,0.0266835728197671,0.0196326616996584,0.018138418595538,27530000.0,1.0111986923356338,202.8295288085937,-0.0163220071216264,0.0255928369589293,spike,0.0,0
2025-02-04,GOOGL,202.20322238534604,205.84186999162728,201.62660485458937,205.17578125,43856400,0.0255928369589293,0.0274308856280935,0.056733323132537,0.0420601270801255,0.0208341260006125,0.0205446525479619,28918510.0,1.516551163943094,200.0557861328125,0.0107341871687125,-0.0729239052831984,crash,0.0,0
2025-02-05,GOOGL,189.9550846125892,191.62527427419863,186.93281498241248,190.21356201171875,70373900,-0.0729239052831984,-0.0621998526101217,-0.0208792817655256,-0.0354893671478219,0.0321646467047619,0.0246694254718654,33335840.0,2.111058248419719,205.17578125,-0.0741836904174615,0.0014113774639745,neutral,0.0,0
2025-02-06,GOOGL,188.39427252291964,190.97910765973745,187.6188250158252,190.4820251464844,29297400,0.0014113774639745,-0.0478554565773583,-0.0461490405925515,-0.0322254040957401,0.0321959240679954,0.017640943502822,33570440.0,0.8727142092865032,190.21356201171875,-0.0095644572845285,-0.0326725106801577,crash,0.0,0
2025-02-07,GOOGL,189.9351867898188,190.0644178975144,182.1707621814733,184.2584991455078,49315000,-0.0326725106801577,-0.1019481050690147,-0.0915597929560395,-0.0742721724056169,0.0330514156777198,0.0428401172952543,36114190.0,1.3655297266808422,190.4820251464844,-0.0028708134336826,0.0060970232034693,neutral,0.0,0
2025-02-10,GOOGL,186.2567974441607,187.10182849533743,184.77548630303588,185.3819274902344,23105600,0.0060970232034693,-0.0254011042660915,-0.0733488339739218,-0.0278401144072416,0.0308544504960843,0.0125489157643163,34251860.0,0.6745794242998774,184.2584991455078,0.0108450807312548,-0.0061671601152012,neutral,0.0,0
2025-02-11,GOOGL,183.95033114344977,185.8491897525843,183.20470746476104,184.2386474609375,21239500,-0.0061671601152012,-0.0327767288317395,-0.1020448595906711,-0.051100880451306,0.0299994143393701,0.0143535698088748,33960020.0,0.6254266045779714,185.3819274902344,-0.007722415912738,-0.0092272290882491,neutral,0.0,0
2025-02-12,GOOGL,182.15091151282653,184.0298827457132,180.769022777209,182.53863525390625,22072600,-0.0092272290882491,-0.0093339731929728,-0.0403489986552044,-0.0603858223088513,0.029964123082591,0.0178639440574782,34345450.0,0.6426644577374878,184.2386474609375,-0.0113316938486187,0.0137790720808048,neutral,0.0,0
2025-02-13,GOOGL,183.2444760917504,185.1930307415901,182.0713536570594,185.0538482666016,21402500,0.0137790720808048,-0.0017697476128037,-0.0284970556970319,-0.0733309845094529,0.0284909793290326,0.0168690200921051,34050230.0,0.6285566940370153,182.53863525390625,0.0038668024271265,-0.0048887302436598,neutral,0.0,0
2025-02-14,GOOGL,183.980163700304,185.31234109604225,183.2444913440249,184.149169921875,20448400,-0.0048887302436598,-0.0004856610721779,-0.0005933469779675,-0.0920988132075533,0.0273752576185086,0.0112292102804189,32894960.0,0.6216271428814627,185.0538482666016,-0.0058020115569322,-0.0078820721885257,neutral,0.0,0
2025-02-18,GOOGL,184.51701650776232,184.8749164882504,180.679539282988,182.6976928710937,29916700,-0.0078820721885255,0.0008713641195259,-0.01447948381744,-0.0867662645368084,0.0273328802783165,0.0229634930760867,33102800.0,0.9037513442971592,184.149169921875,0.0019975468042749,0.0081623442072165,neutral,0.0,0
2025-02-19,GOOGL,182.99593948623905,184.3778280833638,182.518729414464,184.18893432617188,19549400,0.0081623442072162,-0.0046738500632727,-0.000269830111384,-0.1022871549262256,0.0253906121840786,0.0100934330050883,30672100.0,0.6373675098868352,182.6976928710937,0.0016324596685288,-0.0038322406599747,neutral,0.0,0
2025-02-20,GOOGL,183.72168304847523,184.2287017042873,181.65381816300632,183.4830780029297,20441500,-0.0038322406599747,-0.0036171323456298,0.0051739334399523,-0.035383828248663,0.0127496755056785,0.0140333570229287,25678860.0,0.7960439053758617,184.18893432617188,-0.002536804284177,-0.0265496646208024,crash,0.0,0
2025-02-21,GOOGL,184.0696192348162,184.25851298688883,178.03504637457257,178.61166381835938,35199200,-0.0265496646208024,-0.0223649734625676,-0.034812485709355,-0.0623174880621754,0.0144942151755969,0.0348435621687353,26269040.0,1.3399499943659914,183.4830780029297,0.0031967047766505,-0.0022820053557757,neutral,0.0,0
2025-02-24,GOOGL,180.9280885264688,182.0514846282233,177.84617104858543,178.20407104492188,29854200,-0.0022820053557757,-0.032493066443675,-0.0322841470286036,-0.0328583383054954,0.0111560561532977,0.0235983025246252,24322960.0,1.227408177294211,178.61166381835938,0.0129690562116096,-0.0213667829402073,crash,0.0,0
2025-02-25,GOOGL,177.00113079837024,177.69705843760613,173.67068713379516,174.39642333984375,41913400,-0.0213667829402073,-0.0495231209438336,-0.0454371886190544,-0.0592587653991748,0.0119440672179119,0.0230874649072638,26203740.0,1.5995197632093738,178.20407104492188,-0.0067503522197783,-0.0153347850478999,crash,0.0,0
2025-02-26,GOOGL,174.04844897153603,175.05255001700533,170.57880815600546,171.7220916748047,35431300,-0.0153347850478999,-0.038572912856134,-0.0676850794374553,-0.0679366460763156,0.0123026006054662,0.0260522208725009,27622920.0,1.2826775735512392,174.39642333984375,-0.0019953067938189,-0.0244890273920006,crash,0.0,0
2025-02-27,GOOGL,172.97475539808346,173.5414214994902,166.96005475439284,167.51678466796875,39991000,-0.0244890273920006,-0.0599721786056114,-0.0870177975470086,-0.0822940883996559,0.0135054025949992,0.0392878048497775,29414760.0,1.3595555428635149,171.7220916748047,0.0072947150309057,0.0105637625952097,neutral,0.0,0
2025-02-28,GOOGL,167.6957223580091,169.61446843814767,165.79687899247813,169.28639221191406,48130600,0.0105637625952097,-0.0293012381221364,-0.0522097572302373,-0.0852046915121258,0.0129434777233763,0.0225510709738007,32087570.0,1.4999764706395655,167.51678466796875,0.0010681776778071,-0.0192037336471987,crash,0.0,0
2025-03-03,GOOGL,170.92675052861034,172.35835029914594,164.96176159787956,166.03546142578125,40770500,-0.0192037336471987,-0.0331153097051274,-0.0682846892766728,-0.0983643233568658,0.0132519970670479,0.0445482467284417,34119780.0,1.19492271052158,169.28639221191406,0.0096898415475879,0.0234119085035795,spike,0.0,0
2025-03-04,GOOGL,165.2699838540156,172.27883449293637,164.8325488565178,169.92266845703125,45388000,0.0234119085035795,0.0143620461306677,-0.0256527903332889,-0.0699243882793646,0.0170239562684894,0.0438216142909827,35666910.0,1.2725520657662803,166.03546142578125,-0.0046103258014422,0.0122864009614898,neutral,0.0,0
2025-03-05,GOOGL,169.52499437059117,172.76596631858905,168.07350701574754,172.01040649414062,30954900,0.0122864009614898,0.0160911591689933,0.0016789617254484,-0.0661197583697663,0.0174784393867182,0.0272800896090048,36807460.0,0.8409952765010137,169.92266845703125,-0.0023403239252956,-0.0038722157277727,neutral,0.0,0
2025-03-06,GOOGL,169.5349574978289,173.78998251590772,169.50513376118735,171.34434509277344,28302000,-0.0038722157277727,0.0319743964416017,0.0228488174029319,-0.0661572339110336,0.0174777203594136,0.0250072376325017,37593510.0,0.7528427114148161,172.01040649414062,-0.0143912746139346,0.0087610692209068,neutral,0.0,0
2025-03-07,GOOGL,170.26067003299855,173.94902837231132,169.2764565211612,172.8455047607422,27385800,0.0087610692209068,0.0172009793057719,0.0210242093432577,-0.0322832167527487,0.016561098593472,0.0270332274919039,36812170.0,0.743933324224027,171.34434509277344,-0.006324545226095,-0.0448577691149663,crash,0.0,0
2025-03-10,GOOGL,167.47083096485238,167.66990508590422,162.9222728186128,165.092041015625,43604000,-0.0448577691149663,-0.0402206216444892,-0.0056820416678153,-0.0735787344947443,0.0211495430563077,0.0287574872664035,38187150.0,1.1418500726029568,172.8455047607422,-0.0310952477666664,-0.0110326086152817,neutral,0.0,0
2025-03-11,GOOGL,164.1365751658598,165.96794191446463,160.6131692734442,163.27064514160156,39587400,-0.0110326086152817,-0.0471197339299432,-0.0391473567113371,-0.0637959081108077,0.020638106486693,0.0327969099183525,37954550.0,1.043021192452552,165.092041015625,-0.0057874737260942,0.0187148630784463,spike,0.0,0
2025-03-12,GOOGL,165.79871989426576,166.85374592604674,162.76302175465403,166.32623291015625,28372400,0.0187148630784463,-0.0377173352561879,-0.0330455214881315,-0.0314220419284592,0.0217735424020981,0.0245945819839638,37248660.0,0.7617025686293144,163.27064514160156,0.0154839515117469,-0.0260308929359738,crash,0.0,0
2025-03-13,GOOGL,165.26122737644823,165.35081679795445,161.3496672738118,161.99661254882812,31756200,-0.0260308929359738,-0.0187497134795486,-0.0545552439380712,-0.0329529493422526,0.0219476080612166,0.0246989703129541,36425180.0,0.8718199882608679,166.32623291015625,-0.0064031122155174,0.016773339135562,spike,0.0,0
2025-03-14,GOOGL,162.50424753259463,165.70914654485404,161.68808614528302,164.71383666992188,31995900,0.016773339135562,0.0088392590539998,-0.047045875460148,-0.0270107684513013,0.0224598276842598,0.0244124020232071,34811710.0,0.9191131375045926,161.99661254882812,0.0031336148069978,-0.0072512530702606,neutral,0.0,0
2025-03-17,GOOGL,164.2559897412009,165.52003755245735,162.90236768488202,163.5194549560547,31184300,-0.0072512530702606,-0.0168751369221336,-0.0095255110415739,-0.0151534283587438,0.0217801818873665,0.0160083084198074,33853090.0,0.921165542052439,164.71383666992188,-0.0027796506837399,-0.0220340559913202,crash,0.0,0
2025-03-18,GOOGL,162.91233580467724,163.47966980253605,155.9849866119549,159.9164581298828,42074800,-0.0220340559913202,-0.0128407278782963,-0.0205437236363568,-0.0588868478703223,0.020766406904644,0.0468662405247497,33521770.0,1.2551485199021413,163.5194549560547,-0.0037128251897647,0.0200408672092409,spike,0.0,0
2025-03-19,GOOGL,161.0013078964,165.09203178483114,160.24487791525596,163.12132263183594,34275600,0.0200408672092409,-0.0096683683064056,-0.0192688202110096,-0.0516775934868073,0.0216452575538601,0.0297150230967363,33853840.0,1.0124582617511042,159.9164581298828,0.006783853139344,-0.0066506902179439,neutral,0.0,0
2025-03-20,GOOGL,160.81222633390425,164.11664727374668,160.20508669307458,162.0364532470703,28138500,-0.0066506902179439,-0.0090692676867283,0.000245935378619,-0.0543227256240258,0.0216458803044,0.0241400036984753,33837490.0,0.831577637703033,163.12132263183594,-0.0141556987196781,0.0073096698900982,neutral,0.0,0
2025-03-21,GOOGL,160.45392574948156,163.4697137211131,160.1354192715889,163.22088623046875,36625800,0.0073096698900982,0.0206634647817307,-0.0090639042210213,-0.0556833603720046,0.0215453321360484,0.0204281114171636,34761490.0,1.053631475520756,162.0364532470703,-0.0097664906005795,0.0225012162465862,spike,0.0,0
2025-03-24,GOOGL,166.2864302357092,167.53056759539257,164.36547425500177,166.8935546875,30879100,0.0225012162465862,0.0231253155308086,0.0206342403254224,0.0109121775997942,0.0181333716399117,0.0189647428045815,33489000.0,0.9220669473558482,163.22088623046875,0.0187815669675501,0.0171756234676621,spike,0.0,0
2025-03-25,GOOGL,168.1874640642974,169.82973452544573,167.53057106706197,169.7600555419922,24174400,0.0171756234676621,0.047665831608552,0.0615546237530755,0.0397463389377954,0.0182070351909456,0.0135436068929362,31947700.0,0.7566867098413971,166.8935546875,0.0077529020172179,-0.0322466752865853,crash,0.0,0
2025-03-26,GOOGL,168.20738179291607,168.81452147078184,164.06688875000268,164.28585815429688,28901600,-0.0322466752865853,0.0065247282282512,0.0071390760182179,-0.0122673057650594,0.020619957951958,0.028898608645427,32000620.0,0.903157501323412,169.7600555419922,-0.0091462844078302,-0.0170846275318256,crash,0.0,0
2025-03-27,GOOGL,163.85788568655383,164.64417388270883,161.24021559810473,161.47909545898438,24508300,-0.0170846275318256,-0.0324425903603883,-0.0034397061705373,-0.0031946167373577,0.0195832943675496,0.0210798696569904,31275830.0,0.7836178927945318,164.28585815429688,-0.0026050475223564,-0.0487550712512333,crash,0.0,0
2025-03-28,GOOGL,159.73728296251087,161.06104688273138,152.90945679818688,153.60617065429688,48669300,-0.0487550712512333,-0.0951571607120466,-0.0589061596111899,-0.0674361440434673,0.0238015941645001,0.0530681160126718,32943170.0,1.4773714855006363,161.47909545898438,-0.010786612914338,0.0020086951736282,neutral,0.0,0
2025-03-31,GOOGL,152.39189573252094,154.81049144150305,149.95338957359485,153.9147186279297,54603500,0.0020086951736282,-0.0631286200947779,-0.0777671497492671,-0.0587375754811941,0.0239573614854751,0.0315570980553825,35285090.0,1.5474949900935495,153.60617065429688,-0.0079051181121412,0.0157139592671922,spike,0.0,0
2025-04-01,GOOGL,152.89949705290155,157.35849619606978,152.89949705290155,156.3333282470703,30672900,0.0157139592671922,-0.0318664604683835,-0.0790923827873077,-0.0224062608984393,0.0240841368901961,0.0285223835068693,34144900.0,0.8983157074702225,153.9147186279297,-0.0065960005909656,-0.0001912066231085,neutral,0.0,0
2025-04-02,GOOGL,154.4223014614319,157.66702096255182,153.97441511188725,156.30343627929688,25041700,-0.0001912066231085,0.0175596176475905,-0.0485886123411969,-0.0417964141201024,0.022844891338538,0.0236245980162988,33221510.0,0.7537797047756107,156.3333282470703,-0.0122240523314273,-0.0402443422181203,crash,0.0,0
2025-04-03,GOOGL,150.40127754802887,152.06344323592336,149.68465321481136,150.0131072998047,46883400,-0.0402443422181203,-0.0253491762380222,-0.0710060217180993,-0.0742014880375876,0.025580596512005,0.0158572145056493,35096000.0,1.3358616366537497,156.30343627929688,-0.0377609019466565,-0.0339702168359108,crash,0.0,0
2025-04-04,GOOGL,147.31581486644404,150.36147595978116,144.69816012059908,144.91712951660156,62259500,-0.0339702168359108,-0.0730247277306507,-0.0565670057438688,-0.1121410202859833,0.0262679510036539,0.0390796854593596,37659370.0,1.6532273375789346,150.0131072998047,-0.0179803783943361,0.007898253912248,neutral,0.0,0
2025-04-07,GOOGL,140.8861135726325,152.13311801627722,139.87089326407514,146.0617218017578,76794100,0.007898253912248,-0.0655245637673522,-0.051021740455866,-0.1248210748746335,0.0245145343896209,0.0839523497391396,42250870.0,1.817574407343565,144.91712951660156,-0.0278160073789432,-0.0139692640254417,neutral,0.0,0
2025-04-08,GOOGL,150.5107721866655,151.5259925903324,142.35918124819136,144.02134704589844,52200200,-0.0139692640254417,-0.0399415781844421,-0.0787546797552594,-0.1516181672650723,0.0221207003049471,0.0636489765591461,45053450.0,1.1586282515545423,146.0617218017578,0.0304600707839535,0.0968209952701586,spike,0.0,0
2025-04-09,GOOGL,143.74265056471972,158.80169385849172,143.2350479950237,157.96563720703125,70406200,0.0968209952701586,0.0900411685903208,0.0106344490390102,-0.0384708764240053,0.0411290661651984,0.0985445071390192,49203910.0,1.4309066088447036,144.02134704589844,-0.0019351053638589,-0.0371118449802538,crash,0.0,0
2025-04-10,GOOGL,155.805779208126,156.9802525925821,149.22678125340175,152.10324096679688,48022000,-0.0371118449802538,0.0413627820520896,0.0139330069526191,-0.0580623421597562,0.0423509570850292,0.0509750567436816,51555280.0,0.9314661854227152,157.96563720703125,-0.0136729610128721,0.028268687003661,spike,0.0,0
2025-04-11,GOOGL,152.18288035899425,156.9305129193936,152.1032689303263,156.4029998779297,33636200,0.028268687003661,0.08597095559789,0.0792581967338257,0.0182077921200658,0.040509525135177,0.0308641393888538,50051970.0,0.6720254966987314,152.10324096679688,0.0005235877400847,0.0122820164278592,neutral,0.0,0
2025-04-14,GOOGL,159.24957495636372,160.96150910212248,156.8210165083235,158.32394409179688,30333000,0.0122820164278592,0.0022682584079727,0.0839523328821356,0.0286471982872928,0.0406251527599842,0.02615203036755,47624920.0,0.6369144557093219,156.4029998779297,0.0182002588227574,-0.0173508503054862,crash,0.0,0
2025-04-15,GOOGL,158.38367026397722,158.90122048049952,154.48205725338974,155.57688903808594,27551500,-0.0173508503054862,0.0228374362650651,0.0802349250941587,-0.0048386304920784,0.0408699335470795,0.028405010888397,47312780.0,0.5823268047237977,158.32394409179688,0.0003772403000882,-0.0190647464021521,crash,0.0,0
2025-04-16,GOOGL,152.38193809849218,155.15884578806632,150.7993839571337,152.61085510253906,28187400,-0.0190647464021521,-0.0242459849130153,-0.0338983984059404,-0.0236244401572821,0.0413254711706413,0.0285658698917812,47627350.0,0.5918322140534797,155.57688903808594,-0.0205361539194398,-0.0141525700382092,neutral,0.0,0
2025-04-17,GOOGL,153.5663283495849,153.9544985286828,147.80349181571307,150.45101928710938,33046600,-0.0141525700382092,-0.0497266844244528,-0.0108625014771918,0.0029191581668228,0.0393962178134698,0.0408837822576103,46243670.0,0.7146188872985211,152.61085510253906,0.0062608472143337,-0.0230880293810582,crash,0.0,0
2025-04-21,GOOGL,148.18173331794077,148.25139710913984,145.4147731874503,146.97740173339844,26049100,-0.0230880293810582,-0.0552748377850794,-0.0602648168634092,0.0142168991593285,0.0384632486169041,0.0192997283135735,42622630.0,0.6111565616668891,150.45101928710938,-0.0150832209706607,0.0257329731151745,spike,0.0,0
2025-04-22,GOOGL,148.19166631370922,151.4761914872268,147.84330183044926,150.7595672607422,26971800,0.0257329731151745,-0.012130774318465,-0.0477778448133456,0.032163426536629,0.0391713478289181,0.0240972412085421,37640400.0,0.7165651799662065,146.97740173339844,0.0082615733166472,0.0256159326668068,spike,0.0,0
2025-04-23,GOOGL,154.88018931651595,156.79118268922488,153.08862828359344,154.6214141845703,31128800,0.0256159326668068,0.0277192864310376,-0.0061414960758195,0.0736006665407296,0.0391721717471818,0.0239459354653925,35533260.0,0.876046836119174,150.7595672607422,0.0273324083548678,0.0252974632371842,spike,0.0,0
2025-04-24,GOOGL,155.41761919174232,158.8414873336237,155.05930705626122,158.53294372558594,45894000,0.0252974632371842,0.0786212156148198,0.0388051598234466,0.0035913286496047,0.0251204096855837,0.0238573774540468,33082040.0,1.387278414511318,154.6214141845703,0.0051493838118799,0.0168258400335334,spike,0.0,0
2025-04-25,GOOGL,164.29580798857202,165.32097594255077,160.2846952290497,161.2003936767578,56034000,0.0168258400335334,0.0692548181566345,0.0714476674241411,0.0598090655540126,0.0216662920479535,0.0312423598890206,33883240.0,1.653737954221615,158.53294372558594,0.0363512095817848,-0.0083355191274416,neutral,0.0,0
2025-04-28,GOOGL,161.66816061799582,162.38478487609163,157.85613751727615,159.85670471191406,29745800,-0.0083355191274416,0.0338587675902022,0.08762777696858,0.0220820881740115,0.0205566006412898,0.0283294176930319,33494200.0,0.8880880868926561,161.2003936767578,0.0029017729458898,-0.0028017340740861,neutral,0.0,0
2025-04-29,GOOGL,159.56808195579998,159.98611026905985,156.78121134684457,159.40882873535156,26809000,-0.0028017340740861,0.0055249400483079,0.0573712277884843,0.0068523093571093,0.0203007932461514,0.0201049022669629,33141800.0,0.8089180430755119,159.85670471191406,-0.0018055092317474,-0.0084915148506028,neutral,0.0,0
2025-04-30,GOOGL,157.2390449367046,158.52300314058715,154.67114371616248,158.05520629882812,34981100,-0.0084915148506028,-0.0195110403032667,0.0222077396741366,0.0159298548522555,0.0195985466715303,0.0243703419496484,33884760.0,1.0323549583942753,159.40882873535156,-0.0136114405698896,0.0157432112934297,spike,0.0,0
2025-05-01,GOOGL,159.69748324974734,161.19044821971175,158.1647125629629,160.5435028076172,30203200,0.0157432112934297,0.0042963358774399,0.0126822793722385,0.0519795770736504,0.0185534033543758,0.0188468272077921,34086340.0,0.8860792915871871,158.05520629882812,0.0103905273946764,0.0169247776360874,spike,0.0,0
2025-05-02,GOOGL,162.64357867514303,164.19625953903196,161.11079307252896,163.2606658935547,25715000,0.0169247776360874,0.0241632611490916,0.0127808138045133,0.0851416405627691,0.0175191209598608,0.0188990192439537,33353180.0,0.7709909519871868,160.5435028076172,0.0130810392871669,0.0010975329481859,neutral,0.0,0
2025-05-05,GOOGL,162.23551815903613,164.61430827792813,161.95683259435438,163.43984985351562,21341800,0.0010975329481859,0.0340681188603619,0.0224147316689589,0.112006661745037,0.0140174548231461,0.016259655683455,32882450.0,0.6490331468610155,163.2606658935547,-0.0062792083378304,-0.0059681488356947,neutral,0.0,0
2025-05-06,GOOGL,161.40939053220953,164.02706019999394,160.43399116800987,162.46441650390625,21277200,-0.0059681488356947,0.0119650665563895,0.0191682467827898,0.0776391804237555,0.0138387664446933,0.0221160369101358,32312990.0,0.6584720262655979,163.43984985351562,-0.01242328185645,-0.0725967450053853,crash,0.0,0
2025-05-07,GOOGL,163.31046231573168,164.22614566911673,147.1466228745946,150.67002868652344,127490100,-0.0725967450053853,-0.0771198447471743,-0.046725304311342,-0.0255552280315464,0.0276167500433026,0.1133571350813035,41949120.0,3.039160297045564,162.46441650390625,0.0052075760959329,0.0191568809206028,spike,0.0,0
2025-05-08,GOOGL,154.27302076354474,155.19865159825923,152.18286408476257,153.556396484375,57498700,0.0191568809206028,-0.0604715029902361,-0.0435215764017244,-0.0313912498201328,0.0269979932888461,0.0196396085252204,43109590.0,1.3337797923849426,150.67002868652344,0.0239131306234599,-0.0099168557332897,neutral,0.0,0
2025-05-09,GOOGL,153.44693820644628,154.32281585111178,151.4861763255997,152.03359985351562,32435300,-0.0099168557332897,-0.0642036999538285,-0.0687677339706495,-0.0568658277697734,0.0261440481736406,0.018657977764423,40749720.0,0.7959637514073716,153.556396484375,-0.0007128213505574,0.0373813916432834,spike,0.0,0
2025-05-12,GOOGL,156.75137548916837,158.35382517745646,155.5171856365556,157.71682739257812,44138800,0.0373813916432834,0.0467697442383574,-0.0350160775726776,-0.0133862218866097,0.0293921593615533,0.0179856492664544,42189020.0,1.0462153422857416,152.03359985351562,0.0310311381181417,0.0067524305518602,neutral,0.0,0
2025-05-13,GOOGL,158.04526446648646,159.81693019668407,155.42760955592857,158.78179931640625,42382100,0.0067524305518602,0.0340292097995602,-0.0226672231787534,-0.0039334673237345,0.029480325971239,0.0276437265458168,43746330.0,0.9688149840226598,157.71682739257812,0.0020824478867483,0.0366074170828079,spike,0.0,0
2025-05-14,GOOGL,159.209775932056,166.21675084206151,158.86141139731794,164.59439086914062,48755900,0.0366074170828079,0.0826185200358824,0.0924162708668989,0.0413727881759817,0.0314212668295987,0.0446876677018196,45123810.0,1.0804916517466057,158.78179931640625,0.0026953757766462,-0.0085263011712957,neutral,0.0,0
2025-05-15,GOOGL,165.06218171025907,165.43045668169412,161.60845531931332,163.19100952148438,33146700,-0.0085263011712957,0.0347089287770181,0.0627431566361986,0.0164908991492465,0.0313951885371504,0.023420416195646,45418160.0,0.7298115995892392,164.59439086914062,0.0028420825196306,0.0136009864901784,neutral,0.0,0
2025-05-16,GOOGL,166.9433389262676,168.55575142343383,164.84323425804385,165.4105682373047,42846900,0.0136009864901784,0.0417476621970331,0.087986921290279,0.0131685261234431,0.0312378979641847,0.0224442561618182,47131350.0,0.9090955383200354,163.19100952148438,0.0229934811714563,0.0021058366489559,neutral,0.0,0
2025-05-19,GOOGL,163.73841809182645,165.85843293399518,163.44978491746534,165.75889587402344,30426100,0.0021058366489559,0.007074998113445,0.0509905544918649,0.0141889877076262,0.0312371534428647,0.0145310331842485,48039780.0,0.6333521927036302,165.4105682373047,-0.0101090889372878,-0.0153717490512672,crash,0.0,0
2025-05-20,GOOGL,165.6493976210667,167.70969613346296,162.13595535028108,163.2108917236328,46607700,-0.0153717490512672,0.0001218339307216,0.0278942071842922,0.0045946997858981,0.0316379561852599,0.0341505442701701,50572830.0,0.921595647307062,165.75889587402344,-0.0006605874899164,0.0279303217248685,spike,0.0,0
2025-05-21,GOOGL,162.92227037071072,172.32794533461094,162.7928752314158,167.76942443847656,73416000,0.0279303217248685,0.0142606136131988,0.0192900472037362,0.113489032298051,0.0192153118132477,0.056834373337746,45165420.0,1.6254913604257415,163.2108917236328,-0.0017683951718787,0.0137043986700424,neutral,0.0,0
2025-05-22,GOOGL,171.0440181854767,175.94094123693523,169.90936546851952,170.068603515625,74864400,0.0137043986700424,0.0259998573161162,0.0421444417453351,0.1075318736913064,0.0190337566644865,0.0354655453371883,46901990.0,1.5961881361537111,167.76942443847656,0.0195184179594117,-0.014045612194068,neutral,0.0,0
2025-05-23,GOOGL,168.26711515066486,169.16290331080938,167.10260421098053,167.6798858642578,35211400,-0.014045612194068,0.0273817151136728,0.0137193025278619,0.1029133430098174,0.0195615407828453,0.0122870974607934,47179600.0,0.7463268022619945,170.068603515625,-0.0105927156907278,0.0262952211875273,spike,0.0,0
2025-05-27,GOOGL,169.3619263053745,172.3578034614341,169.20267308577203,172.0890655517578,37995700,0.0262952211875273,0.025747487229804,0.0381890193244609,0.0911268530871804,0.0180975648158156,0.0183342873386287,46565290.0,0.8159661413039627,167.6798858642578,0.0100312594587424,-0.0031232407719469,neutral,0.0,0
2025-05-28,GOOGL,172.34784080720212,174.44794499757612,171.1037036135498,171.5515899658203,34784000,-0.0031232407719469,0.0087199307781642,0.0511038090295525,0.0804235164508215,0.0184932258748377,0.0194940856257444,45805480.0,0.7593851216055372,172.0890655517578,0.0015037286338595,-0.0029007885487651,neutral,0.0,0
2025-05-29,GOOGL,173.1839175950813,173.60194591853366,169.8297281889271,171.053955078125,29317300,-0.0029007885487651,0.0201220867755038,0.0195776474208082,0.0392453483674299,0.0156909274133088,0.0220527945576217,43861620.0,0.6684044045796758,171.5515899658203,0.0095150830696831,-0.0006981147156087,neutral,0.0,0
2025-05-30,GOOGL,170.54636951392982,171.40233669601804,166.65470388448085,170.93453979492188,52639900,-0.0006981147156087,-0.0067088850365608,0.0050916880682054,0.0474507161647164,0.0151855228937614,0.0277745669028222,45810940.0,1.1490683229813663,171.053955078125,-0.0029674003384683,-0.0157797915190416,crash,0.0,0
2025-06-02,GOOGL,167.0528072022302,169.07328505076367,166.6049207920985,168.2372283935547,38612300,-0.0157797915190416,-0.019319911712424,0.0033238484534039,0.017088751863755,0.0160975988974835,0.0146719265541569,45387480.0,0.8507257948667782,170.93453979492188,-0.0227088837478297,-0.0168610401524815,crash,0.0,0
2025-06-03,GOOGL,166.70444231356663,167.68978928654823,164.50480099371782,165.40057373046875,45084900,-0.0168610401524815,-0.0330502813867951,-0.0388664544132667,-0.0021617068674674,0.0171425484690517,0.0192562106708321,46853360.0,0.9622554284260508,168.2372283935547,-0.0091108614580979,0.0112529950112973,neutral,0.0,0
2025-06-04,GOOGL,165.95797207058334,167.4310264158141,165.57974946262576,167.26182556152344,26900800,0.0112529950112973,-0.0214860860643189,-0.0250056814113559,0.0248202420506966,0.0165622816199712,0.0110681379147532,44882670.0,0.5993582823838243,165.40057373046875,0.0033699903666773,0.0009522270828963,neutral,0.0,0
2025-06-05,GOOGL,169.54109671137655,170.12832594897296,166.8039942928028,167.4210968017578,36379100,0.0009522270828963,-0.0048510760643756,-0.0212380840577931,-0.0020762283585618,0.0139677136501504,0.0198561096520976,41178980.0,0.8834385892996864,167.26182556152344,0.0136269656402544,0.0325187254337338,spike,0.0,0
2025-06-06,GOOGL,170.0287933558417,173.68157889465496,170.0287933558417,172.86541748046875,35731800,0.0325187254337338,0.0451319096520455,0.0112960065757536,0.0164452103858594,0.0169792743831764,0.0211308056409024,37265720.0,0.9588383103828396,167.4210968017578,0.0155756747739602,0.0151034857022407,spike,0.0,0
2025-06-09,GOOGL,173.93168685751374,175.85496833236684,173.76228116584014,175.47628784179688,28935900,0.0151034857022407,0.049111399165328,0.0430288796205555,0.0464957495489382,0.0164582447626934,0.0119257547117328,36638170.0,0.7897747076341423,172.86541748046875,0.0061682052580902,0.0142542435165731,neutral,0.0,0
2025-06-10,GOOGL,175.5859246650274,180.47881653819465,174.30042711746592,177.97756958007812,61766100,0.0142542435165731,0.0630534202676986,0.0760396144097084,0.0342177697893844,0.0150839028329663,0.0347144274152416,39015210.0,1.583128733640034,175.47628784179688,0.0006247956608779,-0.0069990083966495,neutral,0.0,0
2025-06-11,GOOGL,179.14346702948194,179.74136677669094,176.133988123354,176.73190307617188,31646800,-0.0069990083966495,0.022367027784143,0.0566182838364697,0.0301968236574412,0.0153201348039824,0.0204115872151399,38701490.0,0.8177152869308133,177.97756958007812,0.006550811162073,-0.0093035909441836,neutral,0.0,0
2025-06-12,GOOGL,175.5659846289993,176.104111180473,174.14097564629483,175.08766174316406,20941900,-0.0093035909441836,-0.0022146929560259,0.0457921079712204,0.0235814872751509,0.015726473284453,0.0112123008248171,37863950.0,0.5530828135997433,176.73190307617188,-0.0065971023164394,-0.0058623675274269,neutral,0.0,0
2025-06-13,GOOGL,171.83900983498697,176.51266655178486,171.7891810552309,174.0612335205078,27663100,-0.0058623675274269,-0.0220046608615375,0.0069176128890797,0.018291760865517,0.0159246618625415,0.0271369184339225,35366270.0,0.7821887917498792,175.08766174316406,-0.0185544308253001,0.0120226764020896,neutral,0.0,0
2025-06-16,GOOGL,174.1210168140944,176.323321086937,174.0412938099689,176.15391540527344,27389200,0.0120226764020896,-0.0032704206814845,0.003861647472777,0.0470566894575756,0.0148825606632612,0.0129547349073558,34243960.0,0.7998257210906683,174.0612335205078,0.0003434612772609,-0.0046388632848952,neutral,0.0,0
2025-06-17,GOOGL,175.08763279527471,176.74185087540272,173.97154117764998,175.33676147460938,24973000,-0.0046388632848952,0.0014227143647089,-0.014837870365909,0.0600734781025142,0.0133359237036774,0.0157999365019292,32232770.0,0.7747705208084815,176.15391540527344,-0.0060531303408473,-0.0149472581275394,neutral,0.0,0
2025-06-18,GOOGL,175.39656976170295,175.94465595934807,172.596365522182,172.71595764160156,28707500,-0.0149472581275394,-0.007728750691335,-0.0227233757158119,0.0326083495846571,0.0146799364000146,0.0193861093258911,32413440.0,0.8856665630059629,175.33676147460938,0.0003411052342393,-0.0385414475498212,crash,0.0,0
2025-06-20,GOOGL,173.3437557670882,173.7323959518227,164.88335439041927,166.05923461914062,75659900,-0.0385414475498212,-0.0573060256021457,-0.0515651818873863,-0.0081343522927087,0.0198032445747638,0.0532884640935437,36341520.0,2.0819134697723154,172.71595764160156,0.0036348588402547,-0.0087013907559944,neutral,0.0,0
2025-06-23,GOOGL,165.69052617853575,166.7567891470348,161.43540356766906,164.61428833007812,57671000,-0.0087013907559944,-0.0611535941142837,-0.0542736886287585,-0.047731520107675,0.016073255851582,0.0323263893635739,38535440.0,1.4965704297135312,166.05923461914062,-0.0022203428881899,0.009564743280644,neutral,0.0,0
2025-06-24,GOOGL,166.3382528798913,167.63372519441324,165.5510128580625,166.18878173828125,40524300,0.009564743280644,-0.0377913887775481,-0.0565706055642625,-0.0529274138274962,0.0153937340941644,0.0125322077372866,39694280.0,1.0209103175570888,164.61428833007812,0.0104727515898032,0.0234453072291878,spike,0.0,0
2025-06-25,GOOGL,167.04577098702603,171.7592814568519,166.96604798303133,170.0851287841797,35479000,0.0234453072291878,0.024243723477785,-0.0299516920824968,-0.0443451431240461,0.0168933255055663,0.0281813789840656,37065570.0,0.9571955860924304,166.18878173828125,0.0051567214091164,0.0167566200540625,spike,0.0,0
2025-06-26,GOOGL,171.8290485705118,173.08466701517526,169.34773632150527,172.9351806640625,31796700,0.0167566200540625,0.0505478134273476,0.0012692690672846,-0.0214829487264276,0.0181128880256499,0.0216088518213608,37080560.0,0.8575032308034183,170.0851287841797,0.0102532173082865,0.0287541867105249,spike,0.0,0
2025-06-27,GOOGL,172.93517666884486,178.057262279745,171.13148726193396,177.9077911376953,108140200,0.0287541867105249,0.0705162483101264,0.0713513858216288,0.0161069567464331,0.020281061899653,0.0389290147076847,45800390.0,2.36111963238741,172.9351806640625,-2.310239954671997e-08,-0.0128831201356163,neutral,0.0,0
2025-06-30,GOOGL,180.14992867866547,180.5983572585905,173.97154049647858,175.61578369140625,63378900,-0.0128831201356163,0.0325169810362691,0.0668319589564931,0.0089310533968798,0.0206925611047218,0.0377347446955943,49371970.0,1.2837020681978053,177.9077911376953,0.012602806918303,-0.0022129337720333,neutral,0.0,0
2025-07-01,GOOGL,175.12751523681553,175.47628629108172,172.92521085330227,175.22715759277344,35904500,-0.0022129337720333,0.0132533873091054,0.0543861971906507,-0.0052610684830242,0.0203430695400684,0.0145586761368812,50223500.0,0.7148944219339552,175.61578369140625,-0.0027803221574247,0.0159235444156566,spike,0.0,0
2025-07-02,GOOGL,174.92819320035304,178.23662948182692,174.4598452552033,178.01739501953125,29128900,0.0159235444156566,0.0006160712869012,0.0466370357717562,0.0152884855541834,0.0208921111855401,0.0212158156016677,50639090.0,0.575225581660334,175.22715759277344,-0.0017061532956848,0.004982107818011,neutral,0.0,0
2025-07-03,GOOGL,177.8778878701253,179.0438083356934,176.43294448317042,178.904296875,21689700,0.004982107818011,0.018725612894638,0.0345164944924241,0.0358295742784793,0.0200599520442438,0.0145936341280119,49937310.0,0.4343385737037097,178.01739501953125,-0.0007836714462125,-0.0152621753512592,crash,0.0,0
2025-07-07,GOOGL,178.43592076444193,178.6750897678216,175.06769619348157,176.173828125,34175600,-0.0152621753512592,0.0054025331759739,-0.0097464141486264,0.0609095515167064,0.0154281089153108,0.0204763307509017,45788880.0,0.7463733552775259,178.904296875,-0.0026180260549321,-0.0137450838959656,neutral,0.0,0
2025-07-08,GOOGL,177.23014586171172,177.32978820856331,172.2077032476762,173.75230407714844,40442500,-0.0137450838959656,-0.0239588436956672,-0.010611116922909,0.0555116803029098,0.0160340005466768,0.0294792347537034,44066030.0,0.9177704458513736,176.173828125,0.0059958834291903,0.0129617632550573,neutral,0.0,0
2025-07-09,GOOGL,174.63921988812407,178.81461936142807,172.16786742488128,176.0044403076172,43025600,0.0129617632550573,-0.0162089822214216,0.0044358575777971,0.0590633041933836,0.0161643805234098,0.0377646832371372,44316160.0,0.9708783432499568,173.75230407714844,0.0051044837401513,0.0056619082697688,neutral,0.0,0
2025-07-10,GOOGL,175.0179065004666,177.80813589252995,173.77226294843484,177.00096130371094,29252400,0.0056619082697688,0.0046949832873248,-0.0057097437905367,0.0406610064558126,0.0149487406844824,0.0228014182203794,43693500.0,0.6694908853719661,176.0044403076172,-0.0056051643096409,0.0144691328011752,neutral,0.0,0
2025-07-11,GOOGL,176.17385213436023,180.797680390592,175.86493496639972,179.56201171875,34282900,0.0144691328011752,0.0334367228823737,0.0036763501784953,0.0383197393916079,0.0147496152516164,0.0274709855218068,43942120.0,0.7801831136048967,177.00096130371094,-0.0046729077811701,0.0076030509078348,neutral,0.0,0
2025-07-14,GOOGL,180.3791446351184,183.02987774300456,179.05377808117527,180.9272308349609,32536600,0.0076030509078348,0.0279696950755319,0.0269813215762573,0.0169719362932714,0.0120541457680467,0.0219762367636977,36381760.0,0.8943107755094861,179.56201171875,0.0045507003878319,0.0024234967863956,neutral,0.0,0
2025-07-15,GOOGL,182.1728820139696,183.57797163820845,180.96710752938097,181.3657073974609,33448300,0.0024234967863956,0.0246594485227718,0.0438175675467993,0.0327414972913737,0.0109067947243248,0.0143955775669642,33388700.0,1.0017850350567707,180.9272308349609,0.0068848186824069,0.005329639121981,neutral,0.0,0
2025-07-16,GOOGL,182.6013844308844,183.6875819552064,181.39559478616047,182.3323211669922,33104200,0.005329639121981,0.0154281488702707,0.0359529614611724,0.0405483012555114,0.0107442798276297,0.0125703833219277,33108670.0,0.9998649900464138,181.3657073974609,0.0068131790246075,0.0033337431191757,neutral,0.0,0
2025-07-17,GOOGL,181.50518668846405,183.4184930860907,179.8509686385884,182.940170288086,31992600,0.0033337431191755,0.011125685414161,0.033554670780483,0.0276533384168138,0.0099009164429414,0.0195010447507746,33395040.0,0.9580045419918648,182.3323211669922,-0.0045364117191849,0.0080619445871421,neutral,0.0,0
2025-07-18,GOOGL,184.7538351814936,185.7702845204503,183.069737966418,184.4150238037109,34014500,0.0080619445871423,0.0168130814254068,0.0270269420492026,0.0308026527309248,0.0100243069342509,0.0146438532953082,34627520.0,0.9822967397029876,182.940170288086,0.0099139783818476,0.0272343885890105,spike,0.0,0
2025-07-21,GOOGL,185.60086647203485,189.62677924759168,185.5012089178604,189.4374542236328,45803100,0.0272343885890105,0.0389680392986018,0.0470367194003804,0.0752871538286714,0.0103841001403983,0.0217780076629461,35790270.0,1.279764025250438,184.4150238037109,0.0064302931717002,0.0065228494657216,neutral,0.0,0
2025-07-22,GOOGL,190.8325722280464,190.98204335642563,186.8066593790816,190.67312622070312,44660200,0.0065228494657216,0.0422704096122772,0.0513185152628943,0.097384735318627,0.0073465145536943,0.0218981251322803,36212040.0,1.233296991829237,189.4374542236328,0.0073645310011747,-0.0058009976669246,neutral,0.0,0
2025-07-23,GOOGL,190.83261008559217,191.85901925237124,188.52068813729787,189.5670318603516,58681900,-0.0058009976669246,0.027937030022697,0.039678706699145,0.077058235173101,0.0086115407708866,0.0176102937431263,37777670.0,1.5533488433775826,190.67312622070312,0.0008364254997552,0.0101979600699162,neutral,0.0,0
2025-07-24,GOOGL,196.34329095248225,197.2600826556752,190.33430850259245,191.500228881836,74881700,0.010197960069916,0.0108889483690379,0.0467915744271474,0.0819163210828337,0.0086243612332525,0.0361658792447515,42340600.0,1.7685554763040674,189.5670318603516,0.0357459787476259,0.0052558696666709,neutral,0.0,0
2025-07-25,GOOGL,191.31091436137527,193.65273031316045,190.59342246149265,192.50672912597656,39785900,0.0052558696666709,0.0096164726598706,0.0438776904146289,0.0720905122599206,0.0083363816787243,0.0158919527933269,42890900.0,0.9276070215360368,191.500228881836,-0.0009885863926434,-0.0031059467486084,neutral,0.0,0
2025-07-28,GOOGL,192.97507635824056,193.373691383884,190.17487232763284,191.9088134765625,38139500,-0.0031059467486084,0.0123533168886456,0.0130457794793432,0.0606961295484527,0.0089200299863529,0.0166684322533305,43451190.0,0.8777550166059894,192.50672912597656,0.002432887589906,0.0164607659608029,spike,0.0,0
2025-07-29,GOOGL,191.7593429801203,195.23718523880464,191.41057191018163,195.0677795410156,41389200,0.0164607659608029,0.018629485092579,0.0230481002090754,0.0755494097543298,0.0093960393390493,0.0196168395294539,44245280.0,0.935448933761974,191.9088134765625,-0.0007788620737862,0.0039846801797438,neutral,0.0,0
2025-07-30,GOOGL,194.9183107440436,196.911340444062,194.0114785811888,195.8450622558593,32445400,0.003984680179744,0.017341384091037,0.0331177332571868,0.0741105087807842,0.009437690357385,0.0148069184357821,44179400.0,0.7344011009656084,195.0677795410156,-0.0007662403156671,-0.0235587307172268,crash,0.0,0
2025-07-31,GOOGL,195.02793567277016,195.3069586253216,190.42402654445044,191.231201171875,51329200,-0.023558730717227,-0.0035309076868961,-0.0014048427593628,0.0453209968632515,0.0135861134860851,0.0255341808813012,46113060.0,1.1131163275653362,195.8450622558593,-0.0041723113857303,-0.0144345977124485,neutral,0.0,0
2025-08-01,GOOGL,188.371198147092,190.16492789219944,187.16542371122097,188.47085571289065,34832200,-0.0144345977124485,-0.033818623678637,-0.0209648433143593,0.0219929581957309,0.014748264557364,0.0159149496596322,46194830.0,0.754028102278978,191.231201171875,-0.0149557342486829,0.0312483554796749,spike,0.0,0
2025-08-04,GOOGL,189.6268142200501,194.58946938551787,189.45740851119675,194.3602600097656,31547400,0.0312483554796749,-0.0075815148413287,0.0127740174554435,0.0259864439495758,0.0155365869724674,0.0264048878822412,44769260.0,0.7046665502177164,188.47085571289065,0.0061333541612417,-0.0018972185798981,neutral,0.0,0
2025-08-05,GOOGL,194.0313852166864,197.1704004603002,193.2142358585653,193.99151611328125,31602300,-0.0018972185798981,0.0144344381277266,-0.0055173818570485,0.0174035531820939,0.0155331664008499,0.0203934928753517,43463470.0,0.7271002522348078,194.3602600097656,-0.0016920886659786,0.0072944920913537,neutral,0.0,0
2025-08-06,GOOGL,193.8221307927801,195.9447122065885,192.9950216747496,195.4065856933593,21562900,0.007294492091354,0.0368000132128349,-0.0022388951625809,0.0308046909618207,0.0153690213949973,0.01509514390916,39751570.0,0.542441468349552,193.99151611328125,-0.0008731583931858,0.0021928499130812,neutral,0.0,0
2025-08-07,GOOGL,196.3731942825653,196.85151710519096,193.65271327152087,195.8350830078125,26321800,0.0021928499130809,0.0075880892419715,0.0240749511989919,0.0226362869187553,0.0151679799283967,0.0163341715107421,34895580.0,0.7543018342151069,195.4065856933593,0.0049466530811954,0.024933833287311,spike,0.0,0
2025-08-08,GOOGL,196.53264334375208,201.9038573236332,196.48281456433625,200.718002319336,39161800,0.0249338332873108,0.0346741256567466,0.064981646950774,0.0426544735897826,0.0167786433336835,0.0270082538519501,34833170.0,1.1242674726417377,195.8350830078125,0.00356197840155,-0.0020851808027138,neutral,0.0,0
2025-08-11,GOOGL,200.2396805407711,200.77779182670545,198.3762027845806,200.29946899414065,25832400,-0.0020851808027136,0.0250395005031172,0.0305577332736468,0.0437220957473267,0.0167315402448504,0.0119899920563198,33602460.0,0.76876514398053,200.718002319336,-0.0023830537023971,0.0116418089186218,neutral,0.0,0
2025-08-12,GOOGL,200.6681817530857,203.7872779637538,199.8909014203329,202.63131713867188,30397900,0.0116418089186218,0.0347038642232875,0.0445370044963482,0.0387738949787241,0.0164123721757787,0.019228896097805,32503330.0,0.9352241754921726,200.29946899414065,0.0018408074709168,-0.0067866266917054,neutral,0.0,0
2025-08-13,GOOGL,203.41856930663727,203.81716914109543,196.82163104540848,201.25613403320312,28342900,-0.0067866266917054,0.0026810336275218,0.0299352671205419,0.0276293500332143,0.0167583423698884,0.0347593782882306,32093080.0,0.8831467718274469,202.63131713867188,0.0038851455889546,0.0048524123922004,neutral,0.0,0
2025-08-14,GOOGL,200.7977280765625,203.72748396129663,200.5286648285173,202.2327117919922,25230400,0.0048524123922004,0.0096517619720104,0.0326684508511911,0.0575298934101722,0.0139569548488134,0.0158175158926291,29483200.0,0.8557551419113257,201.25613403320312,-0.0022777241490935,0.0047304403515955,neutral,0.0,0
2025-08-15,GOOGL,203.13954799676893,205.7205176785909,200.57849766290207,203.1893615722656,34931400,0.0047304403515955,0.0027539890747085,0.012312593909727,0.0780943334909911,0.0120744462899655,0.0253065415231399,29493120.0,1.1843914784193736,202.2327117919922,0.0044841222606434,-0.0019617431916475,neutral,0.0,0
2025-08-18,GOOGL,203.4883135252893,204.5545916306713,201.7842817792717,202.790756225586,18526600,-0.0019617431916476,0.0076252194734578,0.0124378124612911,0.0433756170906376,0.0090360560897097,0.0136609276623924,28191040.0,0.6571804374723317,203.1893615722656,0.001471297270243,-0.0094839051188124,neutral,0.0,0
2025-08-19,GOOGL,202.32241111724275,202.7309858598109,199.2631183993044,200.8675079345703,24240200,-0.0094839051188122,-0.0067506579194075,-0.0087045242019252,0.0354448068609032,0.0098914028713799,0.0172644520568059,27454830.0,0.8829120413420881,202.790756225586,-0.0023094992940517,-0.0111624436638172,neutral,0.0,0
2025-08-20,GOOGL,200.03040999419304,200.5784961710617,195.9148142419443,198.6253356933593,28955500,-0.011162443663817,-0.02246193326063,-0.0130718914605094,0.0164720650973912,0.0107924565993867,0.0234797938180317,28194090.0,1.027006014381028,200.8675079345703,-0.004167413381013,0.0021573913103603,neutral,0.0,0
2025-08-21,GOOGL,199.0538482666016,201.77432964491464,198.73495620472804,199.0538482666016,19774600,0.0021573913103603,-0.0184274077800046,-0.0157188394361256,0.0164361012815088,0.0107922778123794,0.0152691016358339,27539370.0,0.7180483794654707,198.6253356933593,0.0021573913103602,0.0317395840751455,spike,0.0,0
2025-08-22,GOOGL,202.0234442317804,207.81319287530533,200.59843534470969,205.37173461914065,42827000,0.0317395840751455,0.0224238690014391,0.0107405871547014,0.0231854255524162,0.0125007393906987,0.0351302361251188,27905890.0,1.5346939302061322,199.0538482666016,0.0149185559135811,0.0116453809211543,neutral,0.0,0
2025-08-25,GOOGL,205.71053353164984,209.78629043498435,204.56454764589003,207.76336669921875,29928900,0.0116453809211543,0.0460063716139758,0.0245208931915081,0.0372636919236986,0.0127100467072433,0.0251331255940509,28315540.0,1.0569778997681132,205.37173461914065,0.0016496861807078,-0.006475112331246,neutral,0.0,0
2025-08-26,GOOGL,206.7867811726176,207.12560776169755,204.9830918131657,206.41807556152344,28464100,-0.006475112331246,0.036996156361964,0.0276329789921083,0.018687922855775,0.0127492695548066,0.0103794977387689,28122160.0,1.0121590944650056,207.76336669921875,-0.0047004702615113,0.0016412850116589,neutral,0.0,0
2025-08-27,GOOGL,204.98307149903536,208.18189038820915,204.93324272273148,206.75686645507807,23022900,0.0016412850116589,0.0067445105749635,0.040939041000652,0.0273319988396847,0.0123826531329092,0.0157124052089631,27590160.0,0.834460546803643,206.41807556152344,-0.0069519302444052,0.0200502316675892,spike,0.0,0
2025-08-28,GOOGL,206.5276902069273,211.4803699291827,206.17890394821848,210.9023895263672,32339300,0.0200502316675892,0.0151086444016514,0.0595243014035895,0.0428698090311534,0.0135449632844054,0.0251370598164864,28301050.0,1.142689052172976,206.75686645507807,-0.0011084335532844,0.0060007818141605,neutral,0.0,0
2025-08-29,GOOGL,209.77632411753885,213.90189476250453,209.46740696384475,212.16796875,39728400,0.0060007818141605,0.0278555701715317,0.0330923539379111,0.0441883724042369,0.0135555256586801,0.0209008354314077,28780750.0,1.3803809838173084,210.9023895263672,-0.0053392728804884,-0.0073269786200863,neutral,0.0,0
2025-09-02,GOOGL,207.7135567307211,210.94225509702449,205.48135800383685,210.6134185791016,47523000,-0.0073269786200863,0.0186525951478444,0.0137177786688877,0.0385750440459604,0.013936780564229,0.0259285335665194,31680390.0,1.500076230122167,212.16796875,-0.0209947432005043,0.0913650537019368,spike,0.0,0
2025-09-03,GOOGL,225.42163672219405,230.50385346488952,224.00657221776527,229.8561248779297,103336100,0.0913650537019368,0.0898697041514215,0.1135464966071757,0.1443171035546575,0.0301963429047451,0.0282667309847617,39589980.0,2.6101579237978902,210.6134185791016,0.0703099462655122,0.0071099349031003,neutral,0.0,0
2025-09-04,GOOGL,228.8496136665047,231.56013509073304,225.32195802773,231.49038696289065,51684200,0.0071099349031003,0.091071325830802,0.1196261141498118,0.1654625335423918,0.0290376036193954,0.0269478881816507,41862850.0,1.234607772762724,229.8561248779297,-0.0043788748807956,0.0116229341938547,neutral,0.0,0
2025-09-05,GOOGL,231.3907399385365,234.9383302920627,231.09178244912047,234.1809844970703,46588900,0.0116229341938547,0.1118996409486476,0.1103761556375957,0.1764705205971271,0.028696078488453,0.0164255345121342,44544280.0,1.0459008429365118,231.49038696289065,-0.000430458584745,-0.0031943760736833,neutral,0.0,0
2025-09-08,GOOGL,234.8592210333608,237.512324973524,233.06388696786647,233.43292236328125,32474700,-0.0031943760736833,0.0155610275221123,0.100226974592654,0.1366360750479112,0.0287930353810848,0.0190566007597446,43509050.0,0.7463895442442434,234.1809844970703,0.0028962066999036,0.0238848731816561,spike,0.0,0
2025-09-09,GOOGL,233.5625938915042,239.8462556150328,232.6250296851758,239.0084381103516,38061000,0.0238848731816561,0.0324767315226188,0.1348205623498082,0.1503877796530255,0.0289770870729652,0.030213267727907,44322260.0,0.8587332866148973,233.43292236328125,0.0005554980287705,-0.0019196666525577,neutral,0.0,0
2025-09-10,GOOGL,238.280317666347,241.03316831731985,237.2330534083044,238.54962158203125,35141100,-0.0019196666525577,0.0186549607959973,0.0378214707514035,0.1556624628589318,0.0286451700083922,0.0159300814807987,44989960.0,0.7810876026562371,239.0084381103516,-0.0030464214977565,0.0050174022751525,neutral,0.0,0
2025-09-11,GOOGL,239.2578017033376,241.621649503253,235.6372123638536,239.7465209960937,30599300,0.0050174022751525,0.0270467360340325,0.0356651269260981,0.1595577216207389,0.0284907123843177,0.0249615181673353,45747600.0,0.6688722468501079,238.54962158203125,0.0029686910279286,0.0017888842866118,neutral,0.0,0
2025-09-12,GOOGL,239.746507229255,241.4520784124984,237.38265956507763,240.17539978027344,26771600,0.0017888842866116,0.0048825124298876,0.0255973613573996,0.1387988553360915,0.0287338368205407,0.0169435289839996,45190830.0,0.5924122216830273,239.7465209960937,-5.7422475464825376e-08,0.0448919275470001,spike,0.0,0
2025-09-15,GOOGL,244.0253674338205,251.75526430827645,244.0253674338205,250.95733642578125,58383800,0.0448919275470001,0.0520131399138827,0.0750725899546744,0.1828238631133205,0.0302098732466696,0.0308016373800731,47056370.0,1.2407204380618395,240.17539978027344,0.0160298167800251,-0.0017884395326976,neutral,0.0,0
2025-09-16,GOOGL,251.42612617048883,252.38362748338088,248.8228956960496,250.50851440429688,34109700,-0.0017884395326976,0.0448890493321423,0.0481157752624434,0.1894233334910311,0.0297550650088516,0.014214015023795,45715040.0,0.7461373762332921,250.95733642578125,0.0018680057390799,-0.006489911938156,neutral,0.0,0
2025-09-17,GOOGL,250.56835490468708,250.9473740826164,245.6411664684413,248.8827362060547,34108000,-0.006489911938156,0.0362540727890834,0.0433164159116896,0.0827761772205526,0.0156494049290461,0.0213201112100518,38792230.0,0.8792482412070665,250.50851440429688,0.000238876113782,0.0100188347840406,neutral,0.0,0
2025-09-18,GOOGL,251.027153007664,253.33117381914667,249.15203994053,251.37625122070312,31239500,0.0100188347840406,0.0016692669793527,0.0485084420674404,0.085903628736861,0.0156561484899951,0.0166250147272166,36747760.0,0.8501062377679619,248.8827362060547,0.0086161733605896,0.0106733598013959,neutral,0.0,0
2025-09-19,GOOGL,252.5930922260568,255.33595897283527,251.1568250217611,254.0592803955078,55571400,0.0106733598013959,0.014174232758733,0.0578072551474304,0.0848843297039183,0.0156371841125839,0.0164494441792021,37646010.0,1.4761564372957452,251.37625122070312,0.0048407158569856,-0.0085977027427399,neutral,0.0,0
2025-09-22,GOOGL,253.7700196733437,255.11652395864965,249.6507429437536,251.8749542236328,32290500,-0.0085977027427399,0.0120226017408489,0.0036564693063791,0.0790035598819736,0.0161625742801812,0.0217003752188997,37627590.0,0.8581601957499803,254.0592803955078,-0.0011385560161935,-0.0034451095746336,neutral,0.0,0
2025-09-23,GOOGL,252.38362744671,253.7002107757565,249.8302703204236,251.00721740722656,26628000,-0.0034451095746336,-0.0014680536116061,0.0019907626857138,0.0502023250381438,0.0154245514858795,0.0154176461350687,36484290.0,0.7298483813169997,251.8749542236328,0.0020195466621327,-0.0179607196567491,crash,0.0,0
2025-09-24,GOOGL,251.00722705371743,251.69543970951247,245.80076590550527,246.4989471435547,28201000,-0.0179607196567491,-0.0297581463671925,-0.0095779606847716,0.0333235722983105,0.0169814025655132,0.0239135861321723,35790280.0,0.7879513655662934,251.00721740722656,3.8431129455906133e-08,-0.0054625460125641,neutral,0.0,0
2025-09-25,GOOGL,243.76604145127703,245.8506317386469,240.1155467413105,245.1524353027344,31020400,-0.0054625460125641,-0.0266899062736093,-0.0247589654462001,0.0225484577802435,0.0171932983252906,0.0233939548275514,35832390.0,0.8657083716715519,246.4989471435547,-0.0110868858627865,0.0030513540445815,neutral,0.0,0
2025-09-26,GOOGL,246.4291213887164,248.77301648715127,245.33196864020064,245.9004821777344,18503200,0.0030513540445815,-0.0203449736714428,-0.032113757879941,0.0238370890719807,0.0171932504989601,0.013993660429114,35005550.0,0.5285790396094333,245.1524353027344,0.005207723449312,-0.0100996975923677,neutral,0.0,0
2025-09-29,GOOGL,247.2071078925349,250.4985358461004,242.1402830798725,243.41696166992188,32505800,-0.0100996975923677,-0.0125030370691114,-0.0335801254228768,-0.0300464408144106,0.0089352077362534,0.0343371830331273,32417750.0,1.002716104603188,245.9004821777344,0.0053136362451541,-0.0038926006549162,neutral,0.0,0
2025-09-30,GOOGL,242.18018034462705,242.6589310263489,238.6294169517045,242.4694366455078,34724300,-0.0038926006549162,-0.0109442056078838,-0.0340140847339354,-0.0320910360188986,0.0089280159344383,0.0166186474072424,32479210.0,1.0691239103414154,243.41696166992188,-0.0050809167808606,0.0074043088826094,neutral,0.0,0
2025-10-01,GOOGL,240.1255258955177,245.6611329631193,237.99107738521485,244.26475524902344,31658200,0.0074043088826094,-0.0066519874797508,-0.0090636975144161,-0.0185548464607361,0.0094297228962901,0.0314005824134757,32234230.0,0.9821298662943088,242.4694366455078,-0.0096668296937436,0.0032258598518815,neutral,0.0,0
2025-10-02,GOOGL,244.51411127313983,246.1698091326398,241.6715128807893,245.0527191162109,25483300,0.0032258598518815,0.0067199813647627,-0.000406751768141,-0.0251556464613686,0.0086974782851427,0.018356442924093,31658610.0,0.8049405833041944,244.26475524902344,0.001020843239796,-0.0013839546319919,neutral,0.0,0
2025-10-03,GOOGL,243.8558074699024,245.661109961835,241.0331465588312,244.7135772705078,30249600,-0.0013839546319919,0.0092553546378753,-0.0048267693365835,-0.0367855215147072,0.0074067225564363,0.0189117557539033,29126430.0,1.0385618834852055,245.0527191162109,-0.0048843026538338,0.0207051588743394,spike,0.0,0
2025-10-06,GOOGL,244.14507219867,250.66811683606912,243.94559401576447,249.7804107666016,28894700,0.0207051588743394,0.0225806441537381,0.0261421761779636,-0.0083158067997961,0.0104373091269634,0.0269137311435774,28786850.0,1.003746502309214,244.7135772705078,-0.0023231447890176,-0.0186479102830129,crash,0.0,0
2025-10-07,GOOGL,247.62602723387863,249.7903967365714,244.8831603422913,245.12252807617188,23181300,-0.0186479102830129,0.0002848732314122,0.0109419622834481,-0.023444303282752,0.011875780678333,0.0200195242468907,28442180.0,0.8150324623499324,249.7804107666016,-0.0086251100561126,-0.0046387186534158,neutral,0.0,0
2025-10-08,GOOGL,244.3246032710778,245.37186749350337,243.18756093367097,243.9854736328125,21307100,-0.0046387186534158,-0.0029753299584618,-0.0011433561748448,-0.010196690654741,0.0106036327578588,0.0089526090521261,27752790.0,0.767746233802079,245.12252807617188,-0.0032552079621426,-0.0126318400343418,neutral,0.0,0
2025-10-09,GOOGL,243.8358644557508,244.12510552114733,238.5296568297252,240.9034881591797,27892100,-0.0126318400343418,-0.0355389062744261,-0.0169319931319086,-0.0173318577819052,0.01116817580878,0.0232269309762956,27439960.0,1.0164774292673897,243.9854736328125,-0.0006131888707721,-0.0205357904631858,crash,0.0,0
2025-10-10,GOOGL,240.80372315157257,243.45682676282496,235.22822726703515,235.9563446044922,33180300,-0.0205357904631858,-0.0373942923305331,-0.035785642806142,-0.0404396830993388,0.0124702466803081,0.0348733979142731,28907670.0,1.1478026419977811,240.9034881591797,-0.0004141285307633,0.0320413667291035,spike,0.0,0
2025-10-13,GOOGL,239.58694087972825,243.865806618421,239.0882377987089,243.51670837402344,24995000,0.0320413667291035,-0.0019212834756487,-0.0250768359830709,0.0004097771306372,0.0166263641621579,0.0196190596185872,28156590.0,0.8877140307118156,235.9563446044922,0.0153867287668048,0.005324544706782,neutral,0.0,0
2025-10-14,GOOGL,240.60426901896764,246.47899033376285,239.88613541009548,244.8133239746093,22111600,0.005324544706782,0.0162298846119082,-0.0012614266994931,0.0096667331005857,0.0166319393689522,0.0269301311572042,26895320.0,0.8221355983122715,243.51670837402344,-0.0119599159109136,0.0227337350348284,spike,0.0,0
2025-10-15,GOOGL,246.6086514775368,251.4560455996756,245.3519253048375,250.3788452148437,27007700,0.0227337350348284,0.061123597394791,0.0262039025800895,0.0250305860114246,0.0179344103291882,0.0243795368957801,26430270.0,1.0218472985709188,244.8133239746093,0.0073334550333283,0.0017129194114291,neutral,0.0,0
2025-10-16,GOOGL,251.11691742955023,256.2934418791717,249.45125120568704,250.80772399902344,27997200,0.0017129194114291,0.0299405148569993,0.0411128785038572,0.0234847623954881,0.017935105893377,0.0272806218420582,26681660.0,1.0493050282478675,250.3788452148437,0.0029478217861144,0.0073173617830817,neutral,0.0,0
2025-10-17,GOOGL,250.10955476977685,253.5605866634714,247.1672097408255,252.6429748535156,29671600,0.0073173617830817,0.0319821272461391,0.0707191420387249,0.0324027692760282,0.0179385386704091,0.0253059754634096,26623860.0,1.1144740094035952,250.80772399902344,-0.0027836831263191,0.0128306037067842,neutral,0.0,0
2025-10-20,GOOGL,254.0293759063695,256.6625123260812,253.5705623788801,255.8845367431641,22350200,0.0128306037067842,0.0219894437311429,0.0507884179764148,0.0244379691659097,0.0172511264854226,0.0120833794279039,25969410.0,0.8606356478641601,252.6429748535156,0.0054875899623084,-0.0237381235588174,crash,0.0,0
2025-10-21,GOOGL,254.0792145331533,254.21885076692087,243.516673234733,249.8103179931641,47312100,-0.0237381235588174,-0.0039767754754762,0.0204114463111206,0.0191242720682756,0.0180047576521151,0.0428412149592665,28382490.0,1.6669467689409914,255.8845367431641,-0.0070552219879656,0.0049110748029097,neutral,0.0,0
2025-10-22,GOOGL,253.71019631561148,255.69502480450944,248.64337127106648,251.0371551513672,35029400,0.0049110748029097,-0.006356082939094,0.0026292554227518,0.0289020547557972,0.0178637713567856,0.0280900790530033,29754720.0,1.1772720428893295,249.8103179931641,0.0156113580646981,0.0055226209674208,neutral,0.0,0
2025-10-23,GOOGL,252.3237915100895,254.3784456458486,251.1967329635009,252.4235382080078,19901400,0.0055226209674208,-0.0135256259686772,0.0064424419759523,0.0478201878140349,0.017000665605674,0.0126046592363576,28955650.0,0.6873062770132945,251.0371551513672,0.0051252825819609,0.0270271185176369,spike,0.0,0
2025-10-24,GOOGL,255.9144557753844,261.0012332121926,254.65774472843228,259.2458190917969,28655100,0.0270271185176369,0.0377706620544431,0.026135079521248,0.0987024719608293,0.0157267594990053,0.0244690097837763,28503130.0,1.005331695150673,252.4235382080078,0.0138296039749665,0.0359723586919171,spike,0.0,0
2025-10-27,GOOGL,264.13306424820985,269.43927147389144,263.5944564854066,268.5715026855469,35235200,0.0359723586919171,0.069847618865849,0.0495808230691052,0.1028873726111685,0.0163862029424984,0.0217626029941387,29527150.0,1.1933153047280216,259.2458190917969,0.0188517800346181,-0.0066845814540476,neutral,0.0,0
2025-10-28,GOOGL,268.99045739081123,270.0277682724026,265.80872945123696,266.7762145996094,29738600,-0.0066845814540476,0.0568595008749712,0.067915115527412,0.0897128075728341,0.0171844105593236,0.0158148987438696,30289850.0,0.981800834272867,268.5715026855469,0.0015599373018919,0.0265451101573455,spike,0.0,0
2025-10-29,GOOGL,267.0555012387311,274.6258103943446,266.97572213826885,273.8578186035156,43580300,0.0265451101573455,0.056363491465005,0.0909055212898199,0.093773790547381,0.0175667742960457,0.027934525642123,31947110.0,1.3641390410588,266.7762145996094,0.0010468948273401,0.0251666718112884,spike,0.0,0
2025-10-30,GOOGL,290.8336705300809,290.8336705300809,279.3335782487789,280.7499084472656,74876000,0.0251666718112884,0.0453451153228927,0.1122176261387939,0.1193830236598245,0.0180244637512546,0.0409620517595363,36634990.0,2.043838417862268,273.8578186035156,0.0619878300832538,-0.0010303694296706,neutral,0.0,0
2025-10-31,GOOGL,282.47538175038454,285.2581533777713,276.3114191679317,280.46063232421875,39267900,-0.0010303694296706,0.0512954940347571,0.0818328075906593,0.1101065940457362,0.0184278237525165,0.0319001427604889,37594620.0,1.0445084961624829,280.7499084472656,0.0061459443127227,0.0089973660884596,neutral,0.0,0
2025-11-03,GOOGL,281.44802550171426,284.78934178113053,279.07419428639605,282.9840393066406,29786000,0.0089973660884596,0.033324667338922,0.0536636853760634,0.1059051981350354,0.0184173415472303,0.0201960064911702,38338200.0,0.7769274509497055,280.46063232421875,0.0035206123915247,-0.0217819366943458,crash,0.0,0
2025-11-04,GOOGL,276.03213953132416,280.5404041676455,275.5434202802167,276.8200988769531,30078400,-0.0217819366943458,-0.0139975453315264,0.0376490996111407,0.1081211580881464,0.0180221528659156,0.0180513767161463,36614830.0,0.821481350589365,282.9840393066406,-0.0245664023750237,0.0243927768108822,spike,0.0,0
2025-11-05,GOOGL,278.1466184544242,285.677052345188,276.62058842555,283.572509765625,31010300,0.0243927768108822,0.0110955944712014,0.0354734847872795,0.1296037417036535,0.0184040543497788,0.0319370305927157,36212920.0,0.856332491276594,276.8200988769531,0.0047919915600517,0.0015477657159239,neutral,0.0,0
2025-11-06,GOOGL,284.5898957734926,287.60208195818814,280.41079182644177,284.01141357421875,37173600,0.0015477657159239,0.0036305025191363,0.0116171191114236,0.1251383907794732,0.0186111576951206,0.02532042653232,37940140.0,0.9797960682274762,283.572509765625,0.0035877455424309,-0.0207904465767208,crash,0.0,0
2025-11-07,GOOGL,282.47533241266484,283.0438611130793,274.4761475995039,278.106689453125,34479600,-0.0207904465767208,0.0046477498613413,-0.0083931311556502,0.0727528429480655,0.020384035673914,0.0308072902900074,38522590.0,0.8950488531534354,284.01141357421875,-0.005408519123308,0.0404190716558763,spike,0.0,0
2025-11-10,GOOGL,283.6822445549795,290.0456696400176,282.1262631003564,289.3475036621094,29557300,0.0404190716558763,0.0203651401232702,0.022487007998968,0.0773574290973371,0.0211159846986656,0.0273698802976686,37954800.0,0.7787499868264357,278.106689453125,0.0200482595827464,0.0041710353358317,neutral,0.0,0
2025-11-11,GOOGL,287.0036188750348,291.16281590202783,286.5747415369323,290.55438232421875,19842100,0.0041710353358317,0.0230376965054264,0.0496144734540049,0.0891315133183698,0.0205674791874685,0.0157907594729576,36965150.0,0.5367785603467049,289.3475036621094,-0.0081005875544434,-0.0157907572887648,crash,0.0,0
2025-11-12,GOOGL,290.9234183741868,291.2525794490294,282.95415298016115,285.96630859375,24829900,-0.0157907572887648,0.0282611653681554,0.0084415757722902,0.0442145126693087,0.0208558583281278,0.0290188956512956,35090110.0,0.7076039374057249,290.55438232421875,0.0012701100806534,-0.0283909877590884,crash,0.0,0
2025-11-13,GOOGL,281.60765291032834,282.1063559927165,276.5208753822851,277.8474426269531,29494000,-0.0283909877590884,-0.039744808196395,-0.0217032508295826,-0.0103382609681516,0.0218219842595432,0.0201026885747896,30551910.0,0.9653733596361078,285.96630859375,-0.01524185035942,-0.0077539635597981,neutral,0.0,0
2025-11-14,GOOGL,270.7059931829425,277.8374407083971,269.9978433748845,275.6930236816406,31647200,-0.0077539635597981,-0.0511482859893501,-0.008678920223856,-0.0169992080637779,0.0219322946668038,0.0284359655852787,29789840.0,1.0623487739444053,277.8474426269531,-0.0257027719114152,0.0311491957689633,spike,0.0,0
2025-11-17,GOOGL,285.038677928695,293.1874981262189,282.8344192497114,284.2806396484375,52670200,0.0311491957689633,-0.0058946417625272,-0.0175113451802535,0.0045818850595735,0.0241197167122256,0.0364185154828371,32078260.0,1.6419282093230745,275.6930236816406,0.033898769443823,-0.0025960494274585,neutral,0.0,0
2025-11-18,GOOGL,287.17320623173055,288.05089811864593,277.47841675914583,283.5426330566406,49158700,-0.0025960494274585,0.0204975448967297,-0.0241323128960897,0.0242848485603484,0.0228614284512204,0.0372870959316659,33986290.0,1.4464273682122997,284.2806396484375,0.0101750389575252,0.030005408387036,spike,0.0,0
2025-11-19,GOOGL,286.4151077996695,303.02191144888764,285.88648384239787,292.0504455566406,68198900,0.030005408387036,0.059332012310507,0.0212757124879836,0.0298968887993504,0.0235144963818136,0.0586728350091371,37705150.0,1.808742307085372,283.5426330566406,0.0101306625817185,-0.0114748217564033,neutral,0.0,0
2025-11-20,GOOGL,303.75007371618807,305.625202125324,287.921243180084,288.69921875,62025200,-0.0114748217564033,0.0155430180086368,0.0390565989035098,0.0165056929113738,0.0239721323655846,0.0613231965846461,40190310.0,1.54328742425724,292.0504455566406,0.04006029895708,0.0352736378150919,spike,0.0,0
2025-11-21,GOOGL,295.6511046778972,303.1316497984607,293.0877639113642,298.8826904296875,74137700,0.0352736378150919,0.0541014139837747,0.0841140861613727,0.0747051464940196,0.0246242426880918,0.033604776083409,44156120.0,1.6789903641896071,288.69921875,0.0240800302750981,0.0631381851434806,spike,0.0,0
2025-11-24,GOOGL,310.3229443803346,318.651290855991,308.7969143651049,317.75360107421875,85165100,0.0631381851434806,0.0880093008198927,0.1177461872436209,0.0981729479348856,0.0287082122014668,0.0310126351285139,49716900.0,1.7130010117284062,298.8826904296875,0.0382767363817558,0.0152552546784283,spike,0.0,0
2025-11-25,GOOGL,325.3638169665917,327.9770159307299,316.82602366827604,322.6010131835937,88632100,0.0152552546784283,0.1174294637179156,0.1377513487333339,0.1102947771877531,0.0286818529347587,0.0345658934930492,56595900.0,1.566051604444845,317.75360107421875,0.0239500539620804,-0.0107900962918324,neutral,0.0,0
2025-11-26,GOOGL,319.8482042131112,323.658303098724,315.9683100285969,319.1201171875,51373400,-0.0107900962918324,0.0677102669569731,0.0926883421775484,0.1159360651846894,0.0282047793503998,0.024097487610312,59250250.0,0.8670579449031861,322.6010131835937,-0.0085331690167874,0.0007187579373215,neutral,0.0,0
2025-11-28,GOOGL,322.5312152935296,326.0021995827445,315.9682963529555,319.3494873046875,26018600,0.0007187579373215,0.0050224017133828,0.1061667873137861,0.1493698998462849,0.0249592719756764,0.0314198194413123,58902710.0,0.4417216117900178,319.1201171875,0.0106890726165828,-0.0165219480366085,crash,0.0,0
2025-12-01,GOOGL,316.8759202886677,319.02033724928003,313.07580560094704,314.0732116699219,41183000,-0.0165219480366085,-0.0264345155940927,0.0508243592775339,0.1392134899742736,0.0259539851514528,0.0189272164178728,59856290.0,0.688031282927826,319.3494873046875,-0.0077456426715969,0.0029216198802299,neutral,0.0,0
2025-12-02,GOOGL,315.9183945655828,317.554155160306,313.09574872951146,314.9908142089844,35854700,0.0029216198802299,-0.0129396511097714,-0.0086947460418838,0.1080276680062537,0.0253387194010672,0.0141540839595295,58174740.0,0.6163276363590108,314.0732116699219,0.0058750088422062,0.0120959706030614,neutral,0.0,0
2025-12-03,GOOGL,315.0706445626379,320.74585757492326,313.2852790244178,318.8009338378906,41838300,0.0120959706030614,-0.0017177214575375,-0.0117795022036722,0.1243492042136986,0.0249113512956546,0.0234019971669818,57442700.0,0.728348423733564,314.9908142089844,0.000253437084678,-0.0062886320727127,neutral,0.0,0
2025-12-04,GOOGL,321.3941698854088,321.52380710663783,313.8837033726762,316.7961120605469,31240900,-0.0062886320727127,0.0086696358984179,-0.0072825403407196,0.0847307952458065,0.0246491991169432,0.0241167850333384,53746900.0,0.5812595703194045,318.8009338378906,0.0081343426956109,0.0114916275518928,neutral,0.0,0
2025-12-05,GOOGL,318.6612335259534,322.32172694260385,318.34208673882245,320.4366149902344,28851700,0.0114916275518928,0.017288760610133,0.0034041942409936,0.1099323939207381,0.0236374108559328,0.0124194302948265,50429550.0,0.5721189263041213,316.7961120605469,0.0058874506169761,-0.0228616636446225,crash,0.0,0
2025-12-08,GOOGL,319.4285975207571,319.81785493964355,310.6157547321785,313.11090087890625,33909400,-0.0228616636446225,-0.0178482317805184,-0.0030639696582176,0.0476046653245914,0.0240751548578056,0.0293892680888293,46406720.0,0.7307002089352577,320.4366149902344,-0.0031457624451188,0.0107102151282776,neutral,0.0,0
2025-12-09,GOOGL,311.7635388280278,317.3726229056239,311.2944500995635,316.4643859863281,30194000,0.0107102151282776,-0.0010471279841822,0.0046781420627908,-0.0040572792362768,0.0132723142233953,0.019206498662137,40909610.0,0.738066190315674,313.11090087890625,-0.0043031464158431,0.0098713536912824,neutral,0.0,0
2025-12-10,GOOGL,315.2168165746965,320.6861883612462,314.069055340672,319.5883178710937,33428900,0.0098713536912824,-0.0026473164409334,0.0024698297577869,-0.00933876581096,0.0126653123503962,0.0207051780385891,35389290.0,0.944604992075286,316.4643859863281,-0.0039422110887558,-0.0242965469759658,crash,0.0,0
2025-12-11,GOOGL,319.45856710455377,320.49655652430846,308.0008744502611,311.82342529296875,42353700,-0.0242965469759658,-0.0041118836243757,-0.0156968049110013,-0.0228650326367361,0.0144374940803569,0.0400729421219949,34487320.0,1.2280948476135576,319.5883178710937,-0.0004059934587229,-0.0100502748626665,neutral,0.0,0
2025-12-12,GOOGL,313.0909556884665,314.25866704717134,304.9667450846256,308.68951416015625,35940200,-0.0100502748626665,-0.0245679203425682,-0.0366596708382908,-0.0333802732376417,0.0145950470811753,0.0301011907962797,35479480.0,1.012985534173556,311.82342529296875,0.0040648979283929,-0.0034595672347722,neutral,0.0,0
2025-12-15,GOOGL,310.7155693717638,310.81538131016634,304.288070405232,307.62158203125,29151900,-0.0034595672347722,-0.03744422173989,-0.0175315481902663,-0.0205418017167674,0.0138447510961388,0.0212186377231206,34276370.0,0.850495545473456,308.68951416015625,0.0065634079509302,-0.0053532965402081,neutral,0.0,0
2025-12-16,GOOGL,304.3579426322819,310.1666197797816,302.002508804578,305.97479248046875,30585000,-0.0053532965402081,-0.0187562329770606,-0.0331462052931054,-0.0286231258875182,0.0137658634316324,0.026682299247657,33749400.0,0.9062383331259224,307.62158203125,-0.010609266675693,-0.0321296780768591,crash,0.0,0
2025-12-17,GOOGL,307.4120099511304,307.4918412298865,295.54507970361715,296.1439208984375,43930400,-0.0321296780768591,-0.0406414623310131,-0.0733581162441379,-0.0710694685448259,0.0154452247876983,0.0403410662289654,33958610.0,1.2936454112815572,305.97479248046875,0.0046971760614999,0.0193448216022102,spike,0.0,0
2025-12-18,GOOGL,301.1342186567393,303.3698600006946,298.6490626821344,301.8727722167969,33518000,0.0193448216022102,-0.018687927474052,-0.0319111787923659,-0.0471070801553833,0.0175972315657252,0.0156383673952874,34186320.0,0.980450659796082,296.1439208984375,0.0168509208062157,0.015539286358039,spike,0.0,0
2025-12-19,GOOGL,301.1442091965169,306.65348128006514,300.3856749721532,306.56365966796875,59943200,0.015539286358039,0.001924561114091,-0.0068867078234622,-0.0432939142197854,0.018051064748283,0.0204453662730293,37295470.0,1.6072514972998062,301.8727722167969,-0.0024134770914574,0.0085297085912685,neutral,0.0,0
2025-12-22,GOOGL,309.2783702904479,309.52788491338026,304.70724534166345,309.1785583496094,26429900,0.0085297085912685,0.0440145366199906,0.0050613364253526,-0.0125589448283619,0.0171662369899214,0.0155917654751005,36547520.0,0.7231653474709091,306.56365966796875,0.0088552916722725,0.014752403055799,neutral,0.0,0
2025-12-23,GOOGL,309.0288478780405,314.328535898872,308.7194521900694,313.7396850585937,25478700,0.014752403055799,0.0393109744699806,0.0253775564816196,-0.0086098185084628,0.0175199520154505,0.0178781454050197,36075990.0,0.706250888748999,309.1785583496094,-0.0004842200971763,-0.0008270900340463,neutral,0.0,0
2025-12-24,GOOGL,314.15886656933606,314.4682622711062,311.3144241794057,313.4801940917969,10097400,-0.0008270900340463,0.0225614948337948,0.0585400272298848,-0.0191124751367179,0.0171231379449684,0.0100607252105278,33742840.0,0.2992457066447281,313.7396850585937,0.0013360806130218,-0.0018465518166213,neutral,0.0,0
2025-12-26,GOOGL,313.8694546536391,314.4782557314601,311.67371372407564,312.9013366699219,10899000,-0.0018465518166213,0.0120408683583512,0.0365338164556443,0.0034568005143948,0.0152100133024286,0.0089630234157258,30597370.0,0.3562070857724046,313.4801940917969,0.0012417389333637,0.0001594631738086,neutral,0.0,0
2025-12-29,GOOGL,310.76548227407176,313.41033130955566,310.0169383701615,312.95123291015625,19621800,0.0001594631738086,-0.0025130775161267,0.0208360418488797,0.0138058422930067,0.0147629633966536,0.0108432004176458,28965530.0,0.6774189873273508,312.9013366699219,-0.0068259676311425,0.000924836461726,neutral,0.0,0
2025-12-30,GOOGL,311.8932765746258,316.3346490163796,311.85334570689247,313.2406616210937,17380900,0.000924836461726,-0.0007641071915154,0.0131383731561716,0.0182662073081494,0.0146650443621076,0.0143062630703668,27788430.0,0.6254725437889078,312.95123291015625,-0.0033805789026373,-0.0027082296159394,neutral,0.0,0
2025-12-31,GOOGL,312.24263128978663,313.9692531312569,310.8353650439947,312.392333984375,16377700,-0.0027082296159394,-0.0016267194348351,-0.0042944872401687,0.0209740856489539,0.0145428405105895,0.0100318981816593,26367700.0,0.6211273641614551,313.2406616210937,-0.0031861455219192,0.0068688704467712,neutral,0.0,0
2026-01-02,GOOGL,316.28471875384633,321.87385220157,309.7274673850438,314.5381164550781,32009400,0.0068688704467712,0.00507070552228,0.0033747661996517,0.0621123523347586,0.0081422541740252,0.038616575165576,25175600.0,1.2714453677370152,312.392333984375,0.0124599240955318,0.0044106867466431,neutral,0.0,0
2026-01-05,GOOGL,317.0432662013207,318.4006111389099,314.01915017003046,315.9254455566406,30195600,0.0044106867466431,0.008570994332768,0.0096647362357191,0.0465516423910914,0.0066750645545286,0.0138686548693777,24843360.0,1.2154394574646907,314.5381164550781,0.0079645347103754,-0.0069502798668308,neutral,0.0,0
2026-01-06,GOOGL,315.7856731700802,320.31686685595974,311.17464821348415,313.72967529296875,31212100,-0.0069502798668308,0.0042809671144512,0.0024874239208891,0.0233752938386804,0.0063533625112048,0.0291404331896189,21970250.0,1.4206529283918026,315.9254455566406,-0.0004424220604141,0.0243050441942613,spike,0.0,0
2026-01-07,GOOGL,313.7496575108236,325.51677583182123,313.58000462136766,321.3548889160156,35104400,0.0243050441942613,0.0216723255602984,0.0259041315164159,0.0393828428187366,0.0093263271451257,0.0371451364898113,22837700.0,1.537125016967558,313.72967529296875,6.369246975509858e-05,0.0107459936257361,neutral,0.0,0
2026-01-08,GOOGL,328.3313118537803,329.6786969446188,320.8758135066914,324.80816650390625,31896100,0.0107459936257361,0.0281165099937259,0.0397443572355789,0.0352791883603931,0.0088843350506337,0.0271017922137791,23479440.0,1.3584693672421488,321.3548889160156,0.0217094034613797,0.0096177750651724,neutral,0.0,0
2026-01-09,GOOGL,326.45496079982934,330.1876899539591,325.16745676828174,327.9320983886719,26214200,0.0096177750651724,0.0452696197209923,0.0425830169155561,0.0461014908413737,0.0089318641700177,0.0153087581555595,25091120.0,1.0447600585386383,324.80816650390625,0.0050700520053065,0.010013048035401,neutral,0.0,0
2026-01-12,GOOGL,325.1674658209474,333.3914890456728,324.3690311583512,331.2156982421875,33923900,0.010013048035401,0.0306851075439806,0.0483982942830274,0.0585307872672509,0.0087737126364558,0.027240429530379,27393610.0,1.238387346538116,327.9320983886719,-0.0084305030867937,0.0123846477321685,neutral,0.0,0
2026-01-13,GOOGL,334.2996793666924,339.82890107364614,332.97224461379506,335.31768798828125,33517600,0.0123846477321685,0.0323560875870052,0.0688108725295211,0.0714694582607575,0.0087616399756833,0.0204482397006468,28783190.0,1.1644852429490964,331.2156982421875,0.0093110958836553,-0.0003868875077472,neutral,0.0,0
2026-01-14,GOOGL,334.40947336413166,335.8666302231012,329.83837890700147,335.1879577636719,28525600,-0.0003868875077472,0.0221261029665971,0.0430460818390456,0.0700652847206866,0.0088711878316839,0.0179846894152146,29897660.0,0.954108114146726,335.31768798828125,-0.002708519880351,-0.009111353921117,neutral,0.0,0
2026-01-15,GOOGL,336.9944821877514,337.0344130603199,330.09789356603824,332.1339416503906,28442400,-0.009111353921117,0.0027723426548813,0.0225541593529985,0.0631949171550509,0.0098168311191855,0.0208847053083876,31104130.0,0.9144251904811356,335.1879577636719,0.005389586296991,-0.0083539420023128,neutral,0.0,0
2026-01-16,GOOGL,333.7607557246461,334.00028002450074,327.0637915356931,329.3593139648437,40341600,-0.0083539420023128,-0.0177693400523678,0.0043521679737499,0.0471205133317516,0.010828029805561,0.0210605505741005,31937350.0,1.2631480069573713,332.1339416503906,0.0048980663227966,-0.0242424191883839,crash,0.0,0
2026-01-20,GOOGL,320.2470363972373,327.0937337673917,319.80788820634325,321.3748474121094,35361000,-0.0242424191883839,-0.0412100435938143,-0.029711305600263,0.01724901217079,0.014176788370294,0.0226708643184685,32453890.0,1.089576627023756,329.3593139648437,-0.0276666764267642,0.0198136686718619,spike,0.0,0
2026-01-21,GOOGL,320.2969541162656,331.83450818795274,318.729994927537,327.7424621582031,35386600,0.0198136686718619,-0.0132220135959788,-0.0225911906870325,0.044665162299833,0.0148511509590553,0.0399841789621086,32871340.0,1.0765183287325677,321.3748474121094,-0.0033540064025655,0.0065777019618762,neutral,0.0,0
2026-01-22,GOOGL,333.8006666576773,334.49928930997066,328.11172120927307,329.89825439453125,26253600,0.0065777019618762,0.0016363297069081,-0.0157813049264442,0.0265854535692107,0.0131862770788581,0.0193622367369624,31986260.0,0.820777421305273,327.7424621582031,0.0184846493786022,-0.0078961297881815,neutral,0.0,0
2026-01-23,GOOGL,331.8444795396569,333.0421619901957,326.814286347386,327.2933349609375,27280000,-0.0078961297881815,0.0184161504750204,-0.0145742608099609,0.0076511883422776,0.0132409521339282,0.0190284218392441,31524650.0,0.8653545717398924,329.89825439453125,0.0058994708798856,0.0162534355119579,spike,0.0,0
2026-01-26,GOOGL,327.1735452193246,335.1879535299186,326.3651202937951,332.61297607421875,26042100,0.0162534355119579,0.0148607961383551,0.0098787614966988,0.0142739234998552,0.0138804634972965,0.0265258239178101,31507440.0,0.8265381129028573,327.2933349609375,-0.0003660011641459,0.0038707918167637,neutral,0.0,0
2026-01-27,GOOGL,334.71886692218493,337.2539439848537,332.8325522369338,333.90045166015625,21636200,0.0038707918167637,0.0121316109203739,0.03897506089512,0.0081057553498131,0.0135951173189794,0.013241646502533,30278670.0,0.714569034901467,332.61297607421875,0.0063313550566237,0.0043641265851708,neutral,0.0,0
2026-01-28,GOOGL,335.40752623810386,336.8846637353836,331.2955302242731,335.3576354980469,27434400,0.0043641265851708,0.0246393668177564,0.0232352356472134,0.0001191333210164,0.0130680694300236,0.0166661883299897,29670350.0,0.9246402553390844,333.90045166015625,0.0045135445922711,0.0066664852731355,neutral,0.0,0
2026-01-29,GOOGL,339.6393000059441,341.62545715973704,325.9060355700189,337.5932922363281,39785600,0.0066664852731355,0.0149733068772339,0.0233254882052036,0.0071760766368347,0.0132288960077448,0.0465631929046562,30796350.0,1.2918933574920404,335.3576354980469,0.0127674579454212,-0.0007390896812468,neutral,0.0,0
2026-01-30,GOOGL,339.33989756206086,339.33989756206086,331.64487488391205,337.3437805175781,31024000,-0.0007390896812468,0.0103124414486461,0.0307077611520569,0.0156859574221759,0.0127899878078439,0.0228106256067401,31054510.0,0.9990175340071378,337.5932922363281,0.0051736967703435,0.0168342352475976,spike,0.0,0
2026-02-02,GOOGL,335.5672073695487,344.16047585276425,334.97835654941485,343.022705078125,32006100,0.0168342352475976,0.0228564039363365,0.031296821689793,0.0414847570235701,0.0130819028559235,0.0267682551837439,30220960.0,1.0590695993773858,337.3437805175781,-0.0052663580911545,-0.0115801649939751,neutral,0.0,0
2026-02-03,GOOGL,346.66563680855586,348.322417578686,336.8148042563824,339.0504455566406,36506700,-0.0115801649939751,0.0043162982020756,0.015423740431852,0.054999942549534,0.0103574658479872,0.0339407113988917,30335530.0,1.2034304328950245,343.022705078125,0.0106200892142144,-0.0196342845930311,crash,0.0,0
2026-02-04,GOOGL,342.2941565134455,342.6434831024425,327.8821884154679,332.3934326171875,70618400,-0.0196342845930311,-0.01467448990106,-0.0088389306432733,0.0141909303675742,0.011691134383511,0.0444091045083159,33858710.0,2.08567898777006,339.0504455566406,0.0095670452562876,-0.0053747437996861,neutral,0.0,0
2026-02-05,GOOGL,311.6138496060838,332.0441098613053,305.8650224655501,330.6069030761719,88205800,-0.0053747437996861,-0.0361952775083077,-0.0206946918698417,0.0021480825442414,0.0117220604268398,0.0791849388266509,40053930.0,2.2021759163208205,332.3934326171875,-0.0625150227773459,-0.025328414807381,crash,0.0,0
2026-02-06,GOOGL,326.54477434837446,329.7385737476322,319.2988903139048,322.233154296875,56380500,-0.025328414807381,-0.0496011477942629,-0.0447929592699746,-0.0154606896124739,0.0141228359384598,0.0323979183846155,42963980.0,1.312273676693826,330.6069030761719,-0.0122868841817906,0.0045221412460498,neutral,0.0,0
2026-02-09,GOOGL,320.3069052195784,327.0637807183464,316.6440476026885,323.6903381347656,39640100,0.0045221412460498,-0.0261831120244938,-0.0563588551345496,-0.0268258864845433,0.0129236634045267,0.0321904360065258,44323780.0,0.8943303120807837,322.233154296875,-0.0059778115678373,-0.0176986494837925,crash,0.0,0
2026-02-10,GOOGL,320.3468306795893,321.0454837970353,313.9991629255859,317.9614562988281,39170000,-0.0176986494837925,-0.038249191591835,-0.062200152025134,-0.0477357705929395,0.0135032620973475,0.0221609277849925,46077160.0,0.8500957958346391,323.6903381347656,-0.0103293396844742,-0.0239186037840049,crash,0.0,0
2026-02-11,GOOGL,318.3507205277581,320.43665913490463,309.0587983421378,310.35626220703125,45406400,-0.0239186037840049,-0.0368580697903652,-0.0662984531211725,-0.0745513763355515,0.0143091667395724,0.0366606451303919,47874360.0,0.9484492325328212,317.9614562988281,0.0012242497359935,-0.0063030039861338,neutral,0.0,0
2026-02-12,GOOGL,311.4840826487114,315.62601945223736,306.60359228041904,308.40008544921875,47761300,-0.0063030039861338,-0.0472372847878483,-0.0671698546531458,-0.0864744870779986,0.0134306771827321,0.0292555923215006,48671930.0,0.981290448108386,310.35626220703125,0.0036339541972181,-0.0106148498652338,neutral,0.0,0
2026-02-13,GOOGL,307.1325723003695,308.03081891465297,303.1203573871305,305.12646484375,38499700,-0.0106148498652338,-0.0403665010359478,-0.0530879247681773,-0.0955029187862835,0.0131216501284787,0.0160932009946662,49419500.0,0.7790386385940772,308.40008544921875,-0.0041099636759276,-0.0121026557891755,neutral,0.0,0
2026-02-17,GOOGL,299.4574878846074,303.8489392958333,295.67483755264817,301.4336242675781,39247600,-0.0121026557891755,-0.0287496629711987,-0.0687592777573765,-0.1212429387176419,0.0091617548150942,0.0271174185131022,50143650.0,0.7827032934379528,305.12646484375,-0.0185791060832614,0.004337487573877,neutral,0.0,0
2026-02-18,GOOGL,301.5035060024616,304.7871271852118,300.66514046909924,302.7410888671875,28482100,0.004337487573877,-0.0183495298770371,-0.0478685926552561,-0.1070913109400041,0.0106584023529931,0.0136155509367307,49341190.0,0.5772479342310147,301.4336242675781,0.0002318312532428,-0.0015824245833258,neutral,0.0,0
2026-02-19,GOOGL,301.23402488534225,304.87693233204385,299.4574819671566,302.26202392578125,25834400,-0.0015824245833258,-0.0093877170550761,-0.0260804735296448,-0.0906498315991343,0.0106019116661377,0.0179296436068924,44862790.0,0.5758536194472078,302.7410888671875,-0.0049780622362311,0.0400528162792712,spike,0.0,0
2026-02-20,GOOGL,303.7291622459488,315.885507154404,303.30996428502766,314.36846923828125,53210800,0.0400528162792712,0.0429110886422579,0.0193527306594902,-0.049117044099195,0.018959593619332,0.0400025578260029,41363290.0,1.2864257171032576,302.26202392578125,0.0048538625564415,-0.0110801374516004,neutral,0.0,0
2026-02-23,GOOGL,318.43054299285177,318.8996316925602,309.2683735389658,310.8852233886719,31423000,-0.0110801374516004,0.026901318720754,0.0188733499333493,-0.0352165218162132,0.017747398907644,0.03098010914965,38867540.0,0.8084638235401571,314.36846923828125,0.0129213777845245,-0.0018940645152043,neutral,0.0,0
2026-02-24,GOOGL,309.91711960911005,311.6637220131571,305.33603467292323,310.29638671875,25615600,-0.0018940645152043,0.0265807880481259,0.0294020365933183,-0.0413789039648109,0.0175424074067839,0.02039239775605,37465090.0,0.6837191636267256,310.8852233886719,-0.0031140231401461,0.006432960076288,neutral,0.0,0
2026-02-25,GOOGL,311.4541454679639,313.031095017384,308.8392369672335,312.2925109863281,29963600,0.006432960076288,-0.0066035829133347,0.0315498043390167,-0.0178290330484969,0.0171155078961351,0.0134228580663403,36544450.0,0.8199220401456309,310.29638671875,0.0037311383527751,-0.0176414984910391,crash,0.0,0
2026-02-26,GOOGL,312.0330001798944,312.53202939170336,301.762970472535,306.783203125,36431200,-0.0176414984910391,-0.0131946453387509,0.0149578142185962,-0.011512766188838,0.016304665758124,0.0351031569182112,35646930.0,1.022001053106116,312.2925109863281,-0.0008309863262943,0.0142496442736816,neutral,0.0,0
2026-02-27,GOOGL,303.549553083736,311.7635557563691,303.21018636103327,311.1547546386719,44640600,0.0142496442736816,0.0027662839680433,-0.0102227637758844,0.0089321284896553,0.0168535949897467,0.0274891168070641,35334860.0,1.263358620919964,306.783203125,-0.0105405055046199,-0.0168079993573899,crash,0.0,0
2026-03-02,GOOGL,302.6412753457796,307.8910420913047,300.71499938521333,305.92486572265625,34790200,-0.0168079993573899,-0.0203900030889649,-0.0159555916230027,0.0026166228462518,0.0174323211273599,0.0234568794829414,34963910.0,0.9950317341510144,311.1547546386719,-0.0273609166049175,-0.0095914568101138,neutral,0.0,0
2026-03-03,GOOGL,298.01029817831704,303.34991750153205,296.13394323483243,302.9906005859375,35497000,-0.0095914568101138,-0.0123624843225761,-0.0235445414304305,0.0051652376941773,0.0172493883649999,0.0238158353848107,34588850.0,1.026255570798104,305.92486572265625,-0.0258709520902898,-0.0014823139608854,neutral,0.0,0
2026-03-04,GOOGL,302.30194909897057,304.87692658824284,300.1660893213747,302.5414733886719,29536200,-0.0014823139608854,-0.0276816636146285,-0.0312240519852976,-0.0006593603770883,0.0172091902499479,0.0155708809575874,34694260.0,0.8513281447709218,302.9906005859375,-0.0022728476911006,-0.0074224715163765,neutral,0.0,0
2026-03-05,GOOGL,302.4516780897468,302.7111526067185,297.41146402777275,300.2958679199219,35752300,-0.0074224715163765,-0.0183999355182767,-0.0211463181132339,-0.0065048065923827,0.0173696738357776,0.0176482234526083,35686050.0,1.001856467723382,302.5414733886719,-0.0002968032710335,-0.0078438267110225,neutral,0.0,0
2026-03-06,GOOGL,295.515124433063,299.94650641213514,294.6068875835616,297.9403991699219,25576900,-0.0078438267110225,-0.0166678484621282,-0.0424687563720347,-0.0522573720836723,0.0099642392374604,0.0179217683921012,32922660.0,0.7768782959821594,300.2958679199219,-0.0159201107893156,0.0269852915795296,spike,0.0,0
2026-03-09,GOOGL,293.99527562141907,306.4198649966507,293.71562375842984,305.9804077148437,29312100,0.0269852915795296,0.0113668195228024,0.0001815543566758,-0.0157769340734993,0.0139770639856947,0.0415197866199997,32711570.0,0.8960774429353284,297.9403991699219,-0.0132413179263172,0.0022197474139682,neutral,0.0,0
2026-03-10,GOOGL,305.79068968096857,309.1265479913924,305.1914269440574,306.6596069335937,23239700,0.0022197474139682,0.021191563699334,0.0121093074853175,-0.0117203420368947,0.0140246873389057,0.0128322118673657,32473980.0,0.71564064521811,305.9804077148437,-0.0006200332736726,0.0054065124551407,neutral,0.0,0
2026-03-11,GOOGL,306.3699695674413,311.0341973481569,305.5410112597432,308.31756591796875,24125700,0.0054065124551407,0.0348296732398769,0.0190919032177661,-0.0127282753461014,0.0139671467141446,0.0178166497651815,31890190.0,0.7565241850236702,306.6596069335937,-0.000944491415249,-0.0166830480206275,crash,0.0,0
2026-03-12,GOOGL,306.4398571350748,308.5572255769297,300.65702241451555,303.17388916015625,24928300,-0.0166830480206275,-0.0091722165338865,0.0095839521874534,-0.0117650312275183,0.0138444814361049,0.0260583231105391,30739900.0,0.8109427812061848,308.31756591796875,-0.0060901777597502,-0.0041837445273504,neutral,0.0,0
2026-03-13,GOOGL,306.6296377698095,307.3087879643589,300.0677703977713,301.9054870605469,23693100,-0.0041837445273504,-0.0155029216941385,0.0133083257647232,-0.0297256186519332,0.0127586868345534,0.0239843854349536,28645150.0,0.8271243124926907,303.17388916015625,0.0113985693795276,0.0108508791055832,neutral,0.0,0
2026-03-16,GOOGL,303.97293465389924,306.11026747244654,302.64456537566065,305.1814270019531,23519700,0.0108508791055832,-0.0101717815093611,-0.0026112152698194,-0.0024301349906519,0.0124116464096723,0.0113562025410009,27518100.0,0.8546992706618552,301.9054870605469,0.0068479960847407,0.0175415754808536,spike,0.0,0
2026-03-17,GOOGL,305.48103123176395,311.03417054952814,305.1214918945171,310.5347900390625,21955200,0.0175415754808536,0.0242794684571854,0.0126367575574046,0.0248990874256023,0.0130724380211718,0.019040309957758,26163920.0,0.8391403123079416,305.1814270019531,0.000981724978332,-0.010388572511273,neutral,0.0,0
2026-03-18,GOOGL,308.88680583632095,312.08285325242963,306.5497087361953,307.30877685546875,20009800,-0.010388572511273,0.0178972891401547,-0.0032719156286035,0.0157575204926445,0.0136667246008654,0.0180051626668528,25211280.0,0.7936844142780534,310.5347900390625,-0.0053069229458453,-0.0018199794357318,neutral,0.0,0
2026-03-19,GOOGL,303.63335165234247,307.67832164750223,301.9754046785898,306.7494812011719,25075800,-0.0018199794357318,0.0051381049450585,0.0117938653982394,0.0214908494277747,0.0133650716541418,0.0185914478048369,24143630.0,1.0386093557596765,307.30877685546875,-0.0119600398034022,-0.0199589775405167,crash,0.0,0
2026-03-20,GOOGL,305.0815409313132,305.62088043111504,297.9004465638477,300.6270751953125,44364100,-0.0199589775405167,-0.0319053296492276,-0.0042344770798352,0.0090174948844663,0.0148447370505921,0.0256810996223526,26022350.0,1.7048460265886825,306.7494812011719,-0.0054374672887051,0.00352169151639,neutral,0.0,0
2026-03-23,GOOGL,301.7357168812967,305.60094814101865,300.5571860375472,301.685791015625,29326900,0.00352169151639,-0.0182975113740025,-0.0114542880956702,-0.0140355937535092,0.0118285116714162,0.0167185934958741,26023830.0,1.1269248223647326,300.6270751953125,0.0036877639356466,-0.0384692341618752,crash,0.0,0
2026-03-24,GOOGL,298.82932646685043,299.5484356615691,289.97029010977093,290.0801696777344,36864300,-0.0384692341618752,-0.054341775764913,-0.065869013770583,-0.0540646269707426,0.0165287891304826,0.0330189601117478,27386290.0,1.3460859430028675,301.685791015625,-0.0094683430040184,0.001687050456969,neutral,0.0,0
2026-03-25,GOOGL,293.07644958925243,295.6332754793409,288.8816409209488,290.5695495605469,29460700,0.001687050456969,-0.033455155788052,-0.0544703846932251,-0.0575640778188548,0.016298377246751,0.0232358640766149,27919790.0,1.055190601361973,290.0801696777344,0.010329144232254,-0.034406871354718,crash,0.0,0
2026-03-26,GOOGL,287.55329025783345,287.5932492331535,278.15494535852446,280.57196044921875,39080600,-0.034406871354718,-0.0699861617457241,-0.0853384352907362,-0.0745510399116121,0.0184378203795343,0.0336395121576565,29335020.0,1.3322165793648684,290.5695495605469,-0.010380507204816,-0.0234230048091198,crash,0.0,0
2026-03-27,GOOGL,276.9364822022131,279.02388928595167,273.6106210828978,274.0001220703125,35890600,-0.0234230048091198,-0.0554331156979329,-0.0885713740444067,-0.0924307976709213,0.0190400138359805,0.0197564444940821,30554770.0,1.1746316532574128,280.57196044921875,-0.0129573826307695,-0.0030618918484244,neutral,0.0,0
2026-03-30,GOOGL,276.07755917965534,276.7467120540596,271.772870758184,273.1611633300781,35141200,-0.0030618918484244,-0.0599112544889749,-0.0945507827515467,-0.1049220589419095,0.0178605959523175,0.0182084496757886,31716920.0,1.1079638249867894,274.0001220703125,0.0075818838825543,0.0514076446676858,spike,0.0,0
2026-03-31,GOOGL,277.6955407888773,287.72308014338427,276.74670556560056,287.2037353515625,43875400,0.0514076446676858,0.0236366274510315,-0.0099159978062873,-0.0751318545808189,0.0254474056554411,0.0382180773670915,33908940.0,1.293918358993233,273.1611633300781,0.0165996417774805,0.0341842370683445,spike,0.0,0
2026-04-01,GOOGL,290.47967248402244,300.14767254424095,290.05021252939383,297.0215759277344,37684500,0.0341842370683445,0.0840198671572642,0.0222047574391242,-0.0334751289338298,0.0285927518712052,0.0339957122081388,35676410.0,1.056286212654244,287.2037353515625,0.0114063179869506,-0.0054474543458857,neutral,0.0,0
2026-04-02,GOOGL,290.3298713924274,297.71070019384774,289.0914173614996,295.403564453125,21666500,-0.0054474543458857,0.0814259276534488,0.0528620321865365,-0.0369875662172872,0.0285986493013916,0.0291779919727943,35335480.0,0.6131655774875564,297.0215759277344,-0.0225293550288585,0.0142677770495704,neutral,0.0,0
2026-04-06,GOOGL,295.5034260146893,300.2475409865838,294.8142784540748,299.6183166503906,16945500,0.0142677770495704,0.0432256958066077,0.0934970188571817,-0.0033555146164613,0.0284439429554804,0.0181339465265362,32593620.0,0.5199023612596576,295.403564453125,0.0003380513087212,0.0182339530487856,spike,0.0,0
2026-04-07,GOOGL,302.3549447988444,305.2513457589993,297.3511421656273,305.08154296875,23205400,0.0182339530487856,0.027135964839728,0.116855482856838,0.0112559227323674,0.029019506491085,0.025895383629226,31981470.0,0.7255889113289664,299.6183166503906,0.0091337144505987,0.0388267897126632,spike,0.0,0
2026-04-08,GOOGL,320.0530070056894,321.68096199730417,314.6297110626625,316.9268798828125,33547100,0.0388267897126632,0.0728607167267367,0.103491497054752,0.0925492777907004,0.0274426624672707,0.0222488257772547,31649750.0,1.0599483408241772,305.08154296875,0.0490736472985287,0.0036870273257929,neutral,0.0,0
2026-04-09,GOOGL,315.51860784412145,319.1441153425082,310.6746106421415,318.09539794921875,23739200,0.0036870273257929,0.0616687307551631,0.070950475418027,0.094730670953999,0.0273888434000625,0.0266256750489637,31077600.0,0.7638685097948361,316.9268798828125,-0.0044435235004736,-0.0039247458830414,neutral,0.0,0
2026-04-10,GOOGL,319.6235089208505,321.4312640320202,315.9281112234418,316.8469543457031,19152600,-0.0039247458830414,0.0385648088129615,0.0725901528381212,0.1292894480204121,0.0233697203469299,0.0173684888969266,29084800.0,0.658508911871493,318.09539794921875,0.0048039392631379,0.0128294492595719,neutral,0.0,0
2026-04-13,GOOGL,316.74710955552524,321.2315371363443,315.0791651091577,320.91192626953125,18866400,0.0128294492595719,0.0125740246084278,0.0710691183943439,0.1712108879542049,0.0197070965705843,0.019171528147007,27382380.0,0.6889978153834693,316.8469543457031,-0.0003151199303274,0.0361022180100845,spike,0.0,0
2026-04-14,GOOGL,324.38762340838895,332.8770926852431,323.3489033390031,332.49755859375,27721400,0.0361022180100845,0.0452762307703378,0.0898645501730934,0.2172211984321208,0.0193644374807675,0.0286564189720313,26640400.0,1.0405774688067746,320.91192626953125,0.0108306885919175,0.0126460265362615,neutral,0.0,0
2026-04-15,GOOGL,332.4775916674409,337.0619013824557,330.49003638532656,336.70233154296875,24918800,0.0126460265362615,0.0626655138228091,0.0623975210542837,0.1723466309754489,0.0159635740211897,0.0195183234016021,24744740.0,1.0070342222225814,332.49755859375,-6.005134712434213e-05,-0.0032630107580289,neutral,0.0,0
2026-04-16,GOOGL,338.33029678032364,339.458901613874,334.105526677332,335.6036682128906,20541500,-0.0032630107580289,0.0457812276226217,0.0550409417317849,0.1298965981331379,0.0156496840066566,0.0159514792107279,23030440.0,0.8919282480056829,336.70233154296875,0.004835028108937,0.0168443186775084,spike,0.0,0
2026-04-17,GOOGL,337.2316773591919,341.89590508018404,335.8234205588037,341.2566833496094,25581900,0.0168443186775084,0.0263434257770336,0.0770394938916581,0.1552219553659461,0.0143601633785966,0.0177944779330789,23421980.0,1.09221765196623,335.6036682128906,0.0048509873416179,-0.0124677403099309,neutral,0.0,0
2026-04-20,GOOGL,340.3378420577138,340.97703331198585,336.1929591105031,337.0019836425781,18784200,-0.0124677403099309,0.0008899614631006,0.0501385459870162,0.1247709666422316,0.0167276808423315,0.0141959823196669,23605850.0,0.7957434280061934,341.2566833496094,-0.0026925224815429,-0.0152036411512539,crash,0.0,0
2026-04-21,GOOGL,337.2716301294484,338.9195798085849,330.9394885663705,331.8783264160156,23123800,-0.0152036411512539,-0.0111004203759531,-0.0018623660888017,0.0878348233934638,0.018572554972563,0.0240452316618325,23597690.0,0.9799179495959138,337.0019836425781,0.0008001332335071,0.021156251284484,spike,0.0,0
2026-04-22,GOOGL,336.6024588411248,339.3990082413208,334.7547751685775,338.8996276855469,20293000,0.021156251284484,-0.0069069875523807,0.0065259308793876,0.0693306538431168,0.0160468240428745,0.013703860061636,22272280.0,0.9111325827441106,331.8783264160156,0.0142345312998457,-0.0012672598075311,neutral,0.0,0
2026-04-23,GOOGL,340.7572947145818,341.53632713037314,335.7634893621326,338.4701538085937,18650300,-0.0012672598075311,0.0043565623862105,0.0085412820752743,0.0640523440160791,0.0162304346566929,0.0170556774453593,21763390.0,0.8569574868621112,338.8996276855469,0.0054814667154447,0.0162588731934663,spike,0.0,0
2026-04-24,GOOGL,338.3103390739037,344.8422143498026,334.9744808477988,343.9732971191406,26426100,0.0162588731934663,0.0364439908858758,0.0079606170430606,0.0856133928427813,0.0160655425043926,0.0286874986652987,22490740.0,1.1749769016048384,338.4701538085937,-0.0004721678791813,0.0172474077341626,spike,0.0,0
2026-04-27,GOOGL,345.55136124882,352.7424225666816,342.3053878156813,349.90594482421875,28576900,0.0172474077341626,0.0324766280029207,0.0382904606143994,0.0903488346217948,0.0162615488987964,0.0298281149702774,23461790.0,1.2180187445203456,343.9732971191406,0.0045877518484604,-0.0015984171248586,neutral,0.0,0
2026-04-28,GOOGL,348.11816206941427,351.9833930501032,345.6911799613628,349.3466491699219,27824100,-0.0015984171248586,0.0321342819712218,0.0526347199063832,0.0506743287001343,0.013337194877736,0.0180113738136353,23472060.0,1.1854136364682095,349.90594482421875,-0.0051093237518516,0.0004574841551232,neutral,0.0,0
2026-04-29,GOOGL,347.1394107424554,355.3492283904879,343.78355752060145,349.5064697265625,35376300,0.0004574841551232,0.0160860527656172,0.0312978863784925,0.0380280651010571,0.0131195512306851,0.0330914357005605,24517810.0,1.442881725570106,349.3466491699219,-0.0063181897771484,0.0996169612773592,spike,0.0,0
2026-04-30,GOOGL,373.6065555628184,385.3619622201579,365.3667768501622,384.3232421875,72040000,0.0996169612773592,0.0983615679366962,0.1354715854941715,0.1451699685943361,0.0326909752568763,0.0520270001267336,29667660.0,2.4282333018512414,349.5064697265625,0.0689546200821709,0.0023130178860466,neutral,0.0,0
2026-05-01,GOOGL,381.1572209075714,386.2808704617397,378.5804000830116,385.2121887207031,30105200,0.0023130178860466,0.1026646158937001,0.1198898052463612,0.1288048191163553,0.0328780797091013,0.0199902043710026,30119990.0,0.9995089639803996,384.3232421875,-0.0082379126016635,-0.0063264138314089,neutral,0.0,0
2026-05-04,GOOGL,385.15223320621686,386.9000650646733,379.31947226185457,382.7751770019531,26298600,-0.0063264138314089,0.0951876722093829,0.0939373356295698,0.1358247000941148,0.03241078190376,0.0198042957283513,30871430.0,0.8518750184231828,385.2121887207031,-0.0001556428281394,0.0135159861328955,neutral,0.0,0
2026-05-05,GOOGL,385.7515048868787,392.33333678038815,383.5442209432822,387.9487609863281,23878600,0.0135159861328955,0.0094335142943535,0.1104980165349467,0.1689487685918578,0.0308422911826057,0.0226553522551801,30946910.0,0.7715988446019328,382.7751770019531,0.0077756554336604,0.0247406744882221,spike,0.0,0
2026-05-06,GOOGL,393.7615619135972,399.3546301445318,392.2734176347804,397.546875,31308500,0.0247406744882221,0.0320204984174061,0.1374521201596699,0.1730519673774024,0.0309278103213841,0.0178122705901069,32048460.0,0.9769112150786652,387.9487609863281,0.0149834243895778,-0.0001256638613763,neutral,0.0,0
2026-05-07,GOOGL,399.4245497990884,399.6043194807176,392.1934987581594,397.4969177246094,24433500,-0.0001256638613763,0.0384605418720271,0.0342775926382363,0.174392817954033,0.0308569845016263,0.0186437187110278,32626780.0,0.748878681868085,397.546875,0.0047231532107714,0.0070604787849748,neutral,0.0,0
2026-05-08,GOOGL,396.5081562950806,401.5019617899809,395.86893456144384,400.3034362792969,21461800,0.0070604787849748,0.0318461522123643,0.0391764539141714,0.1637631165905457,0.0310053584737205,0.0140718932640059,32130350.0,0.6679603552404503,397.4969177246094,-0.0024874694253951,-0.0303393048318523,crash,0.0,0
2026-05-11,GOOGL,393.16228042470647,396.9475933307253,387.9887055115338,388.1585083007813,30753700,-0.0303393048318523,-0.0236157477007427,0.0140639509097548,0.1093224166162121,0.0342244658667843,0.023080488067646,32348030.0,0.950713227358822,400.3034362792969,-0.0178393568662946,-0.0033192396552671,neutral,0.0,0
2026-05-12,GOOGL,386.8601198229993,388.0386506028281,382.2957742925754,386.8701171875,26017500,-0.0033192396552671,-0.0267342967033312,-0.0027803769654677,0.1074104134295752,0.0342987125472239,0.0148444556845143,32167370.0,0.8088165118876676,388.1585083007813,-0.0033449955366581,0.0394216752281304,spike,0.0,0
2026-05-13,GOOGL,385.1222825184223,403.1998643489371,384.5230197682841,402.1211853027344,28144600,0.0394216752281304,0.0045409278529631,0.0115063419948513,0.1505400332569957,0.0351997333098586,0.0464458110223471,31444200.0,0.8950649086317986,386.8701171875,-0.0045178849216482,-0.0038497478922465,neutral,0.0,0
2026-05-14,GOOGL,396.7878070287349,402.430801125594,395.349588612008,400.5731201171875,21136700,-0.0038497478922465,0.0319833561571352,0.0077389339524622,0.0422817986161754,0.0188700673132721,0.0176777026664054,26353870.0,0.8020340086674177,402.1211853027344,-0.0132631118899748,-0.0106964203815639,neutral,0.0,0
2026-05-15,GOOGL,395.8290000666237,399.0450119758119,392.69287563304505,396.2884216308594,20309700,-0.0106964203815639,0.024344874480948,-0.0100299280110005,0.0287535888906855,0.0194621367920632,0.0160290737655814,25374320.0,0.8004037152522708,400.5731201171875,-0.0118433309982854,0.0004032935304616,neutral,0.0,0
2026-05-18,GOOGL,395.1997907850553,408.10376741205215,394.04122422601415,396.4482421875,26837200,0.0004032935304616,-0.0141075459900565,0.0213565687971344,0.0357208774420529,0.0192183202823855,0.0354713218261341,25428180.0,1.0554117518438204,396.2884216308594,-0.0027470670006556,-0.0233789009096888,crash,0.0,0
2026-05-19,GOOGL,396.4681837278221,396.65795076850566,385.63162007935824,387.1797180175781,39545700,-0.0233789009096888,-0.0334355987133913,0.0008002707273668,-0.0019823312923974,0.0206114728120009,0.0284785854631125,26994890.0,1.4649328076535966,396.4482421875,5.030048868949461e-05,0.0032245338869663,neutral,0.0,0
2026-05-20,GOOGL,387.2196997137571,393.37204141138,382.42562803382646,388.4281921386719,31744400,0.0032245338869663,-0.0198346180790244,-0.0340519068990453,-0.0229373777905513,0.0187827925986957,0.028181305062547,27038480.0,1.1740452865693634,387.1797180175781,0.0001032639219422,-0.0032141696878892,neutral,0.0,0
2026-05-21,GOOGL,385.2221548650084,392.0137179133836,382.5454520468608,387.1797180175781,24852800,-0.0032141696878892,-0.0233789009096888,-0.0334355987133913,-0.0259554206510328,0.0187710148261486,0.0244544469297146,27080410.0,0.917740905695298,388.4281921386719,-0.0082538737881283,-0.0120981894608738,neutral,0.0,0
2026-05-22,GOOGL,386.87012298265273,388.258385079403,381.2970189068101,382.49554443359375,20442100,-0.0120981894608738,-0.0120981894608738,-0.0348051480800355,-0.0444859829613811,0.018667774573439,0.018199862126241,26978440.0,0.7577198681613911,387.1797180175781,-0.0007996158386357,0.0154319416570511,spike,0.0,0
2026-05-26,GOOGL,384.0336125447445,388.7777274266938,382.12597532411496,388.398193359375,27747400,0.0154319416570511,-7.723121005120959e-05,-0.0203054219226875,0.0006174927342001,0.0171461835456605,0.0171261149415907,26677810.0,1.0400928711914508,382.49554443359375,0.0040211399414557,-0.0001286238613998,neutral,0.0,0
2026-05-27,GOOGL,386.1909390913781,393.3919975499695,385.421873594791,388.3482360839844,23087300,-0.0001286238613998,0.0030180249946698,0.0030180249946698,0.0038207109590941,0.0171032077452201,0.0205231367484694,26384790.0,0.8750230720047422,388.398193359375,-0.0056829673920614,0.0033434718529368,neutral,0.0,0
2026-05-28,GOOGL,387.5193014898567,391.38450201712897,384.682823662297,389.6466674804688,24357500,0.0033434718529368,0.0186959643084589,0.0031369384778381,-0.0310217871582025,0.0105226471020921,0.0171993729554171,26006080.0,0.9366079009216306,388.3482360839844,-0.0021345136068763,-0.0250942555973391,crash,0.0,0
2026-05-29,GOOGL,384.7626974671623,384.7626974671623,377.9910987617443,379.8687744140625,44415800,-0.0250942555973391,-0.0219605010814776,-0.0188825583141307,-0.0516868073850486,0.0126260100858886,0.017826152507173,28333990.0,1.567580139613235,389.6466674804688,-0.0125343559201653,-0.0104379660559436,neutral,0.0,0
2026-06-01,GOOGL,376.05352511273605,378.0910063274456,373.0572417592453,375.9037170410156,28672100,-0.0104379660559436,-0.0320447420296187,-0.0172337364147324,-0.0514390617468809,0.0126138145795531,0.0133911008058775,29170230.0,0.9829233434223864,379.8687744140625,-0.0100435981009793,-0.0385790656030514,crash,0.0,0
2026-06-02,GOOGL,366.1358206463617,373.07722234401785,357.99592394061045,361.4017028808594,50412300,-0.0385790656030514,-0.0724886594879583,-0.0695072503942788,-0.0884012982710247,0.0162041703457886,0.0417300147818593,31527740.0,1.5989823564898722,375.9037170410156,-0.0259851019073273,-0.007903880383817,neutral,0.0,0
2026-06-03,GOOGL,361.5814692403301,365.9960065843375,357.6363508187865,358.54522705078125,55441600,-0.007903880383817,-0.0561339831002752,-0.0767430009048835,-0.0739565882051106,0.015407643960033,0.0233154847278639,33117330.0,1.6740963115082044,361.4017028808594,0.0004974142568718,0.036769936699972,spike,0.0,0
2026-06-04,GOOGL,358.4553682250688,372.7875967270043,357.76622059782807,371.7289123535156,44055500,0.036769936699972,-0.0111060479006768,-0.0459846230504494,-0.042991935506047,0.020741537496076,0.040409490975754,34348440.0,1.2826055564677756,358.54522705078125,-0.0002506206161258,-0.009833744266495,neutral,0.0,0
2026-06-05,GOOGL,365.88613605551615,371.6190149899659,363.6688852043904,368.0734252929688,37471200,-0.009833744266495,0.0184606833861789,-0.031051115320778,-0.0493473491391455,0.0208124050301029,0.0215993039411839,35610280.0,1.0522579434927215,371.7289123535156,-0.0157178419644769,-0.0135755403974621,neutral,0.0,0
2026-06-08,GOOGL,364.9454235864071,365.9647879200631,360.2984165590168,363.0766296386719,27942500,-0.0135755403974621,0.0126383012407214,-0.0341233321748296,-0.0507689960772687,0.020874698671169,0.0156065439042038,36360320.0,0.7684888361818598,368.0734252929688,-0.0084983090101437,0.0026148801050995,neutral,0.0,0
2026-06-09,GOOGL,366.8542002567408,371.84098522768176,357.0704802123837,364.0260314941406,29535100,0.0026148801050995,-0.020721769556761,0.0072615280790373,-0.0627504511656763,0.0198490191449649,0.0405754087274272,36539090.0,0.8083151496110056,363.0766296386719,0.0104043342636189,-0.0216329006266973,crash,0.0,0
2026-06-10,GOOGL,362.9567158453765,368.3232616719084,354.97185779418805,356.1510925292969,32357100,-0.0216329006266973,-0.0323911805210667,-0.0066773571110606,-0.0829079175931277,0.0202686791188473,0.0374880329101393,37466070.0,0.863637419136835,364.0260314941406,-0.002937470280285,0.0039002227780653,neutral,0.0,0
2026-06-11,GOOGL,355.70134679025995,358.5694982511428,346.13748714351743,357.5401611328125,35538200,0.0039002227780653,-0.0152487603274525,-0.0381696197125758,-0.0823990271885635,0.0203053528039691,0.034770950117146,38584140.0,0.9210572012230932,356.1510925292969,-0.0012627947757872,0.0053386532940431,neutral,0.0,0
2026-06-12,GOOGL,362.3870579560934,366.3345327833823,354.7119986974298,359.4489440917969,24704600,0.0053386532940431,-0.0125735167442755,-0.0234314150615662,-0.0537549588111385,0.0197956689119367,0.0323343113868887,36613020.0,0.6747490373643037,357.5401611328125,0.0135562304607242,0.0268850931911683,spike,0.0,0
2026-06-15,GOOGL,367.6936611370599,372.7504085202595,366.3145426692825,369.1127624511719,27727500,0.0268850931911683,0.03639373904436,0.0166249555045916,-0.018065675549313,0.0221096523540213,0.0174360426018278,36518560.0,0.759271449914783,359.4489440917969,0.0229371018632272,0.0105590807242643,neutral,0.0,0
2026-06-16,GOOGL,369.3626044753487,375.7584875251172,366.8242274297617,373.01025390625,24876100,0.0105590807242643,0.0432681260880534,0.0246801646993037,0.0321209084873004,0.0180697026610631,0.0239517814907065,33964940.0,0.7324052390494433,369.1127624511719,0.0006768718115236,-0.0253449291488037,crash,0.0,0
2026-06-17,GOOGL,368.8929017493238,372.0908279957741,361.78745285393074,363.5563354492188,24543600,-0.0253449291488037,0.0114269117351279,0.020792419496264,0.013976223975024,0.0200101037485904,0.0283405187509997,30875140.0,0.7949308084109092,373.01025390625,-0.0110381741890693,0.011654985044087,neutral,0.0,0
2026-06-18,GOOGL,365.5150449761754,369.2426598317581,358.4396065335441,367.7935791015625,44470100,0.011654985044087,-0.0035739304727613,0.028677667807341,-0.0105865675796845,0.0163406000417156,0.0293725989578268,30916600.0,1.438389085475117,363.5563354492188,0.0053876368968686,-0.0498600216066233,crash,0.0,0
2026-06-22,GOOGL,357.72009076397745,358.68946892539066,341.50050477393233,349.45538330078125,52814800,-0.0498600216066233,-0.063148051183035,-0.0278024485960471,-0.0505824129448315,0.0225011670129412,0.0491878648115245,32450960.0,1.627526581648124,367.7935791015625,-0.027388972809673,-0.010152167234276,neutral,0.0,0
2026-06-23,GOOGL,340.47114598010614,349.0656275102868,339.98147051143604,345.9076538085937,34007700,-0.010152167234276,-0.0485445580774104,-0.0628672617237066,-0.0472874716479672,0.0223810094109123,0.0262617981962244,33057480.0,1.0287444778004855,349.45538330078125,-0.025709254313997,-0.0024267951640897,neutral,0.0,0
2026-06-24,GOOGL,348.8157979233392,353.25294826847323,341.7103492701006,345.0682067871094,44997300,-0.0024267951640897,-0.0617883878505061,-0.0749095951827731,-0.0520782116301382,0.022256772509605,0.0334501955594357,34603700.0,1.3003609440608952,345.9076538085937,0.0084072846689732,-0.0045759359416727,neutral,0.0,0
2026-06-25,GOOGL,336.51370015420923,345.34801779729577,335.6242572392167,343.4891967773437,44491400,-0.0045759359416727,-0.0170728133219294,-0.0551967789175773,-0.03555203400341,0.0214900180542414,0.0283087813221158,35817130.0,1.2421821625574132,345.0682067871094,-0.0247907702438024,-0.018387530169818,crash,0.0,0
2026-06-26,GOOGL,342.3299372399904,346.1374872957393,329.98789515004995,337.1732788085937,114706300,-0.018387530169818,-0.0252505976778215,-0.0832540371361766,-0.0569639009494469,0.0218020107668147,0.047897010708423,43733940.0,2.6228210858660344,343.4891967773437,-0.003374951958401,0.0481934460931963,spike,0.0,0
2026-06-29,GOOGL,341.6104064955248,354.122383587675,340.4511784786947,353.4228210449219,34213900,0.0481934460931963,0.0242114865800049,0.011353202536662,-0.0167648928893112,0.0276305582189643,0.0386822929785924,44684870.0,0.765670796401556,337.1732788085937,0.0131597844960008,0.0105189043498037,neutral,0.0,0
2026-06-30,GOOGL,353.64269008629407,358.3896389689017,350.1749177879227,357.14044189453125,35237200,0.0105189043498037,0.0397428659919005,0.0324733724803705,-0.0324354012501109,0.0262213715875924,0.023001374858031,45435840.0,0.7755375492122518,353.4228210449219,0.0006221133109688,0.0107451410254897,neutral,0.0,0
2026-07-01,GOOGL,358.1397942573561,362.7368455226467,356.20103798676814,360.97796630859375,26736400,0.0107451410254897,0.0706007533696448,0.0461061297695848,-0.0322572569296724,0.0262321114898805,0.018105835108759,45621870.0,0.5860434918603731,357.14044189453125,0.0027982055393209,-0.0035990114068312,neutral,0.0,0
2026-07-02,GOOGL,359.2490860357571,363.97602803095486,353.19298133516355,359.6788024902344,25974800,-0.0035990114068312,0.0177011247514131,0.0471327944656876,-0.0106655628877798,0.0250450696992721,0.0299796557960462,45764990.0,0.567569227044516,360.97796630859375,-0.0047894343538925,0.0181989495123644,spike,0.0,0
2026-07-06,GOOGL,361.3177293642356,367.693635754559,357.15042523629825,366.2245788574219,26915800,0.0181989495123644,0.0254357555103583,0.0861613356535291,-0.004265980520849,0.0254879174720805,0.0287889211345518,44009560.0,0.6115898454790277,359.6788024902344,0.0045566401540878,0.0015554420597831,neutral,0.0,0
2026-07-07,GOOGL,368.8329180211536,372.9202869594668,365.26520405735874,366.7942199707031,24045600,0.0015554420597831,0.0161124894175317,0.0378339997577057,0.0496167393563891,0.0185968308516495,0.0208702386387645,41132640.0,0.5845868390650345,366.2245788574219,0.0071222395063418,-0.0139224916181418,neutral,0.0,0
2026-07-08,GOOGL,364.525702555654,367.6037106679975,357.79001132287857,361.6875305175781,22094800,-0.0139224916181418,0.005584782904737,0.0127319342467233,0.0456187555702833,0.0189727382219758,0.0271330873117894,39941350.0,0.5531811017905003,366.7942199707031,-0.0061847141845101,-0.0083719934993714,neutral,0.0,0
2026-07-09,GOOGL,354.0824097063769,359.41897594546776,350.8544734886641,358.65948486328125,24729100,-0.0083719934993714,-0.0206569805274753,-0.0064227782903804,0.0393872220298667,0.0193086113218039,0.0238792024699093,37914530.0,0.65223279834934,361.6875305175781,-0.0210267708160086,-0.0047647515595333,neutral,0.0,0
2026-07-10,GOOGL,357.30034280387986,357.5901650645865,352.52341441108456,356.9505615234375,18146100,-0.0047647515595333,-0.0268370053597133,-0.0075852147747043,0.0391900673220291,0.0193180579624996,0.0141945445662766,35280000.0,0.5143452380952381,358.65948486328125,-0.0037895054132459,-0.0130746178618731,neutral,0.0,0
2026-07-13,GOOGL,355.9611981097028,357.8999543595846,351.5240477747128,352.2835693359375,15901700,-0.0130746178618731,-0.026000236082741,-0.0380668320105076,0.0448146145528975,0.0186964884856737,0.0180987906898142,25399540.0,0.6260625192424745,356.9505615234375,-0.0027717099239518,0.0198576218845583,spike,0.0,0
2026-07-14,GOOGL,350.9744235107016,359.92865963343,350.86447830880365,359.2790832519531,18259400,0.0198576218845583,0.001727539392714,-0.0204886999564776,0.0165701303320389,0.012450748434375,0.0252288033096262,23804090.0,0.7670698606836052,352.2835693359375,-0.0037161705489235,0.0317376657169963,spike,0.0,0
2026-07-15,GOOGL,357.74006858863044,373.4099896327818,357.5302120160503,370.6817626953125,28284600,0.0317376657169963,0.0384680755600195,0.0248674101782373,0.0379159546562364,0.0155422265616664,0.0428393819573586,23108830.0,1.2239736931726963,359.2790832519531,-0.0042836188775382,-0.0443762400691557,crash,0.0,0
2026-07-16,GOOGL,372.8203579699616,375.02892981037553,352.07368364698067,354.2322998046875,41158500,-0.0443762400691557,0.0055317097882918,-0.0123436999310958,-0.0186871973735358,0.0214655175677823,0.0648028036292897,24551040.0,1.67644629311019,370.6817626953125,0.0057693566014655,-0.0216949685220328,crash,0.0,0
2026-07-17,GOOGL,345.77774679993126,348.2961170979314,341.1407126662452,346.5472412109375,29959300,-0.0216949685220328,-0.0354371925183496,-0.0291449893455817,-0.0365091331164932,0.0223885705857801,0.0206477027682666,24949490.0,1.2007980924660184,354.2322998046875,-0.0238672560616798,0.015053198140839,spike,0.0,0
2026-07-20,GOOGL,350.6546131580819,359.4489481797366,350.2948285491913,351.7638854980469,24736600,0.015053198140839,-0.0510353599802412,-0.0014751861373217,-0.0394858624849557,0.0220698663270321,0.0260234777017667,24731570.0,1.0002033837722393,346.5472412109375,0.011852271375158,-0.0137503699052946,neutral,0.0,0
2026-07-21,GOOGL,351.09433677099497,351.09433677099497,346.77710440528256,346.927001953125,23369800,-0.0137503699052946,-0.0206229015693667,-0.03438018486082,-0.0541644795252361,0.0221876087425689,0.0124442097081153,24663990.0,0.94752714382385,351.7638854980469,-0.0019034038303958,-0.014575869467767,neutral,0.0,0
2026-07-22,GOOGL,347.93634723653764,349.7152025525983,341.51048515922605,341.8702392578125,39334100,-0.014575869467767,-0.0134960011131013,-0.077725764623554,-0.0547911929156277,0.0222166639843062,0.0239995075651639,26387920.0,1.4906100973475742,346.927001953125,0.0029093880779825,-0.0713262081960265,crash,0.0,0
2026-07-23,GOOGL,320.92372412122546,324.2815511558238,314.69771503877246,317.4859313964844,69419700,-0.0713262081960265,-0.0974459161804796,-0.1037352280649277,-0.1147984514685063,0.030521085305736,0.0301866481922401,30856980.0,2.249724373545305,341.8702392578125,-0.0612703673243425,0.006452807304242,neutral,0.0,0
2026-07-24,GOOGL,318.2154780071113,323.97175736278774,317.11617848672984,319.5346069335937,31806600,0.006452807304242,-0.078957229807187,-0.077947913199233,-0.1048211114451127,0.0310062385885507,0.0214548869740504,32223030.0,0.9870766343202362,317.4859313964844,0.002297886421039,0.0213298110598243,spike,0.0,0
2026-07-27,GOOGL,324.83120713377,330.2077559724587,324.2415898017393,326.3502197265625,28471600,0.0213298110598243,-0.045397398629794,-0.0722463755354029,-0.0736149848210632,0.0325668868488022,0.0182814835415715,33480020.0,0.8504057046560904,319.5346069335937,0.016575982961611,0.0218949331970805,spike,0.0,0
2026-07-28,GOOGL,327.68937042492354,335.66425552638333,324.2316014627561,333.4956359863281,29511900,0.0218949331970805,0.0504265008513098,-0.0387152510216303,-0.0717643983953937,0.0327602672367676,0.0342812703674956,34605270.0,0.8528151925992775,326.3502197265625,0.0041034159544401,0.0089898549458111,neutral,0.0,0
2026-07-29,GOOGL,334.455045685483,342.2800028423013,331.40698648547414,336.49371337890625,27501600,0.0089898549458111,0.0530743965671205,-0.0157268029255148,-0.0922301897665994,0.0304882978276647,0.0323126879478538,34526970.0,0.7965251512078818,333.4956359863281,0.0028768283468459,-0.0090582217342543,neutral,0.0,0
2026-07-30,GOOGL,333.98534038388266,336.29385412629074,330.12780397797883,333.4456787109375,30168000,-0.0090582217342543,0.0217418544725358,0.0502691481296606,-0.0586807614811272,0.0278961651850682,0.0184919180004045,33427920.0,0.9024791252342352,336.49371337890625,-0.0074544423722979,0.0673440018567961,spike,0.0,0
2026-07-31,GOOGL,340.611054758666,358.3496530632621,339.78160132747564,355.9012451171875,46498000,0.0673440018567961,0.06718411491231,0.1138112661178873,0.0269920022262026,0.0354102131980807,0.0521719212577426,35081790.0,1.3254169755876195,333.4456787109375,0.0214888856122802,0.0488024014737564,spike,0.0,0
2026-08-03,GOOGL,365.2152604560987,376.4480305309448,363.1166033198653,373.2700805664063,38669700,0.0488024014737564,0.1092928804470361,0.1437715006876856,0.0611381553223115,0.0381630123582949,0.0357152311560844,36475100.0,1.0601670728798551,355.9012451171875,0.026170224090799,0.0110840094531134,neutral,0.0,0
2026-08-04,GOOGL,367.9834743668337,380.2755612380555,367.263935640354,377.4074096679688,35705700,0.0110840094531134,0.1318407577719473,0.1316712092851519,0.0878582743437252,0.0374929941156201,0.0344763384723916,37708690.0,0.9468825355640836,373.2700805664063,-0.0141629519075051,-0.0403018997668452,crash,0.0,0
2026-08-05,GOOGL,383.0937455186354,384.2330278418686,356.54080629618977,362.1971740722656,46926300,-0.0403018997668452,0.0176901009520353,0.0763861542471557,0.0594580413275578,0.0400902011285963,0.0764562054262567,38467910.0,1.2198817143951932,377.4074096679688,0.0150668368055339,-0.012912777267041,neutral,0.0,0
2026-08-06,GOOGL,360.5382517887205,363.8961093831237,356.65076635274994,357.52020263671875,25235900,-0.012912777267041,-0.0421943218856127,0.0721992380253677,0.126097780346174,0.0306254643864806,0.0202655485674353,34049530.0,0.7411526678929196,362.1971740722656,-0.0045801635194815,-0.0096436926248602,neutral,0.0,0
2026-08-07,GOOGL,356.49084652154687,358.6694387836589,353.5527327193329,354.0723876953125,19859900,-0.0096436926248602,-0.0618297928839969,-0.0051386654218442,0.1080877626782268,0.0313841957382193,0.0144510169167132,32854860.0,0.604473736914417,357.52020263671875,-0.0028791551011113,0.009088414275721,neutral,0.0,0
2026-08-10,GOOGL,354.951850943437,357.38028276908574,352.4834362714388,357.29034423828125,18991400,0.009088414275721,-0.0135473995526131,-0.0428101183568667,0.0948065073700346,0.0311637655446564,0.0137055103128708,31906840.0,0.5952140669524152,354.0723876953125,0.0024838515475579,-0.0383755463289513,crash,0.0,0
2026-08-11,GOOGL,355.6613923515014,356.5807842683805,343.1694223006263,343.5791320800781,29081800,-0.0383755463289513,-0.0389937979835124,-0.0896333159374156,0.0302357662460188,0.0341878192342286,0.0390342739576756,31863830.0,0.9126900312988112,357.29034423828125,-0.004559182505345,-0.0007561464545453,neutral,0.0,0
2026-08-12,GOOGL,346.0875456512855,346.25744987105145,340.661040926288,343.3193359375,25012000,-0.0007561464545453,-0.0303696422864404,-0.0521203352376214,0.02028454704266,0.0341528800234069,0.0163008848000982,31614870.0,0.7911466977406518,343.5791320800781,0.0073008321431545,0.0082086150546565,neutral,0.0,0
2026-08-13,GOOGL,345.5478948342235,347.7065110877775,343.5392066313974,346.13751220703125,17866100,0.0082086150546565,-0.0312150390042783,-0.0318378943224464,0.0380626719925083,0.0339378845539792,0.0120394476455576,30384680.0,0.5879969774241492,343.3193359375,0.0064912128838825,-0.0013281334171028,neutral,0.0,0
2026-08-14,GOOGL,346.5772111705174,350.22489088982945,344.27870083870846,345.67779541015625,17808600,-0.0013281334171028,0.0061082386388617,-0.0237086894569705,-0.028725523856105,0.0257017287489785,0.0172015389188237,27515740.0,0.6472150122075583,346.13751220703125,0.0012703013917288,-0.00549289893239,neutral,0.0,0
2026-08-17,GOOGL,346.04755304110785,347.0269344906474,341.7103446182459,343.7790222167969,18291300,-0.00549289893239,0.0013389466632911,-0.0378160849834595,-0.0790072922663911,0.0183033404642114,0.0154651375704032,25477900.0,0.7179280866947433,345.67779541015625,0.0010696597694765,0.0005814494887728,neutral,0.0,0
2026-08-18,GOOGL,342.19005363605754,344.6484648943574,339.97147845233087,343.9789123535156,19248800,0.0005814494887728,-0.0062362494020137,0.0011635755379471,-0.0885740355332782,0.0173609350537925,0.0135967243166926,23832210.0,0.8076800263173243,343.7790222167969,-0.0046220638202213,0.0015107127258384,neutral,0.0,0
2026-08-19,GOOGL,342.2400076559886,346.5072842825429,340.44117610948047,344.4985656738281,19733800,0.0015107127258384,-0.0034113551752114,0.0034347897507958,-0.0488645678801079,0.0136473616179359,0.0176085150345904,21112960.0,0.934677089332808,343.9789123535156,-0.0050552654103978,-0.0117486521051591,neutral,0.0,0
2026-08-20,GOOGL,342.83962071417653,343.6790774504127,338.3525147854226,340.451171875,18570400,-0.0117486521051591,-0.0096802018934658,-0.0164279805900672,-0.0477428426025559,0.0135763117613712,0.0156455994428058,20446410.0,0.908247462512979,344.4985656738281,-0.0048155351718424,0.0121818904142596,neutral,0.0,0
2026-08-21,GOOGL,342.359928876986,345.97762917305914,340.1813365286692,344.5985107421875,20849800,0.0121818904142596,0.0018012685267028,-0.0031222273524631,-0.0267568928907201,0.0144373789918499,0.0168204227926175,20545400.0,1.0148159685379696,340.451171875,0.005606551422554,0.0093961956831698,neutral,0.0,0
2026-08-24,GOOGL,343.39927531721605,351.3741604480826,342.2699962782288,347.83642578125,26338200,0.0093961956831698,0.0096890392007673,0.0118023593711149,-0.026460044637328,0.0144653971775184,0.0261736939982797,21280080.0,1.2376927154409194,344.5985107421875,-0.0034800946248681,-0.0031604056324742,neutral,0.0,0
2026-08-25,GOOGL,349.41542326154587,349.9350782600912,345.37800981753963,346.73712158203125,20649700,-0.0031604056324742,0.0184635866353815,0.0080185416299036,0.0091914473467413,0.0072907332784936,0.0131427186733262,20436870.0,1.010414021325183,347.83642578125,0.0045394828237134,-0.014295607012993,neutral,0.0,0
2026-08-26,GOOGL,346.3973312516375,346.65717399060424,339.96146577825954,341.7803039550781,20420300,-0.014295607012993,-0.0081782326366982,-0.0078904877686012,-0.0044828001843217,0.008751433336054,0.0195906789679277,19977700.0,1.02215470249328,346.73712158203125,-0.0009799652510333,-0.003947334232365,neutral,0.0,0
2026-08-27,GOOGL,339.4518318672432,341.4705233735174,338.3025461528343,340.4311828613281,23391400,-0.003947334232365,-0.0212894405848654,-5.8713305528645954e-05,-0.0164857293545521,0.0082504538927338,0.0093057786130407,20530230.0,1.139363757736762,341.7803039550781,-0.0068127743491649,0.0174372620458762,spike,0.0,0
2026-08-28,GOOGL,340.49114263603377,348.91575095848634,340.0514228221321,346.36737060546875,25347200,0.0174372620458762,-0.0010663726308722,0.005133103620998,0.0019948495520063,0.0102246744127735,0.0255922725078257,21284090.0,1.1908989296700023,340.4311828613281,0.0001761289145185,-0.0208892412407445,crash,0.0,0
2026-08-31,GOOGL,343.60912172254496,344.3686432833908,336.94342338566804,339.13201904296875,33493600,-0.0208892412407445,-0.007748500663916,-0.0250244255435034,-0.0135174134357086,0.0121607861210514,0.0218947769033331,22804320.0,1.4687392564215902,346.36737060546875,-0.0079633623632105,-0.0127597506199675,neutral,0.0,0
2026-09-01,GOOGL,335.7841605001305,336.9834018439635,332.8360433203593,334.8047790527344,23342700,-0.0127597506199675,-0.0165272868404819,-0.0344132248513054,-0.0266706270974912,0.012654057611958,0.0123873934396587,23213710.0,1.005556630112119,339.13201904296875,-0.0098718444583496,0.0062683195144821,neutral,0.0,0
2026-09-02,GOOGL,333.84541044728496,339.78159726283246,332.6062167342666,336.9034423828125,22582300,0.0062683195144821,-0.0273233827023393,-0.0142689953629001,-0.0220468937981201,0.0129137042530814,0.0212980326879911,23498560.0,0.9610078234581184,334.8047790527344,-0.0028654567242551,0.0158994142206656,spike,0.0,0
2026-09-03,GOOGL,340.34122971001256,344.4585782378343,339.841550898423,342.260009765625,20726900,0.0158994142206656,0.0092235192993084,0.005372089856533,0.0053130611378513,0.013573566151657,0.013489824132749,23714210.0,0.8740286941879996,336.9034423828125,0.0102040730212955,-0.0111027236665746,neutral,0.0,0
2026-09-04,GOOGL,342.4700012207031,343.5299987792969,337.0899963378906,338.4599914550781,23189300,-0.0111027236665746,0.0109174439286245,-0.0228294574531315,-0.0178135398028517,0.0133640495099142,0.0190273669089216,23948160.0,0.9683123880916112,342.260009765625,0.0006135436483564,-0.0002954739290917,neutral,0.0,0
2026-09-08,GOOGL,335.4200134277344,339.67999267578125,333.2200012207031,338.3599853515625,22915800,-0.0002954739290917,0.00432332468451,-0.0022764989681155,-0.0272439564326915,0.0128085752929816,0.019092066836349,23605920.0,0.9707649606539376,338.4599914550781,-0.0089817943157019,-0.0227863571014973,crash,0.0,0
2026-09-09,GOOGL,331.6499938964844,331.8500061035156,327.8999938964844,330.6499938964844,33151600,-0.0227863571014973,-0.0339216254831845,-0.012409575418861,-0.0463957467609679,0.0143056890905574,0.0119462037802664,24856110.0,1.3337404766876233,338.3599853515625,-0.0198309248893787,0.0058975116982513,neutral,0.0,0
2026-09-10,GOOGL,328.2300109863281,333.2300109863281,327.739990234375,332.6000061035156,23557600,0.0058975116982513,-0.0173136722197791,-0.0127735004690364,-0.026860230812976,0.014217343064223,0.0165063759807763,25169840.0,0.9359455602419404,330.6499938964844,-0.0073188657336369,0.017739007180439,spike,0.0,0
2026-09-11,GOOGL,335.0299987792969,342.9800109863281,335.0299987792969,338.5,24708300,0.017739007180439,0.0004138038021606,-0.0109858284881129,-0.0056727554893665,0.0155821590899822,0.0234860035658234,25301530.0,0.9765535918183604,332.6000061035156,0.0073060512062196,0.0321713874399927,spike,0.0,0
2026-09-14,GOOGL,343.1199951171875,349.9100036621094,342.1400146484375,349.3900146484375,35905400,0.0321713874399927,0.0566763075695686,0.0322933979474795,0.0087266997398889,0.0179752782978132,0.0222387266032493,26357350.0,1.36225379258537,338.5,0.0136484346150295,-0.012622008292214,neutral,0.0,0
2026-09-15,GOOGL,346.79998779296875,348.07000732421875,342.70001220703125,344.9800109863281,21928600,-0.012622008292214,0.0372219021516175,0.0195650370060374,0.0172439982513665,0.0170207267069799,0.0155661051254367,25200850.0,0.8701531892773458,349.3900146484375,-0.0074129962130568,-0.0061163424022971,neutral,0.0,1
2026-09-16,GOOGL,347.0799865722656,348.3999938964844,340.6400146484375,342.8699951171875,18928900,-0.0061163424022971,0.0129098821778064,0.0369575123129408,0.0240893098577388,0.0165094956710454,0.0226324244132083,24759470.0,0.7645115182190895,344.9800109863281,0.0060872384458841,0.0130078208026158,neutral,0.0,0
2026-09-17,GOOGL,348.67999267578125,349.5,343.8900146484375,347.3299865722656,19238400,0.0130078208026158,-0.0058960702647575,0.0442873728155182,0.0309481675690501,0.0168149137607762,0.0161517449354902,24425080.0,0.7876494160919841,342.8699951171875,0.0169451910092278,0.0063628884867286,neutral,0.0,0
2026-09-18,GOOGL,357.3099975585937,359.44000244140625,348.45001220703125,349.5400085449219,47631800,0.0063628884867286,0.0132181500764532,0.032614500871261,0.0212703750703511,0.0162750998062268,0.0314412941743766,27115570.0,1.7566217490541411,347.3299865722656,0.0287335138690987,0.0155346814185461,spike,0.0,0
2026-09-21,GOOGL,350.6400146484375,357.6099853515625,349.1000061035156,354.9700012207031,30455400,0.0155346814185461,0.0352903615826167,0.0159706526755789,0.0487797972653918,0.0160292916202332,0.0239737984020677,27842180.0,1.0938583113822264,349.5400085449219,0.0031470105756842,-0.01073329449106,neutral,0.0,0
2026-09-22,GOOGL,357.6499938964844,364.1700134277344,350.2200012207031,351.1600036621094,29788600,-0.01073329449106,0.0110270268560497,0.0179140601744203,0.0378295864306987,0.0167289925227813,0.0397255156098418,28529460.0,1.0441347295041687,354.9700012207031,0.0075499131379131,-0.0379599525880802,crash,0.0,2
2026-09-23,GOOGL,349.8599853515625,350.0,337.45001220703125,337.8299865722656,35576200,-0.0379599525880802,-0.0335012350128477,-0.0146994739017606,0.0217147824234622,0.0198162387543305,0.0371488271964992,28771920.0,1.2364903002649803,351.1600036621094,-0.0037020682793868,0.0134091080109841,neutral,-0.058823529411764705,17
2024-09-25,MSFT,423.1455340479856,426.3843783963413,421.9051492250097,425.39007568359375,13396400,,,,,,0.0105296983342489,,,,,-0.001851328148237,neutral,0.0,0
2024-09-26,MSFT,428.3237537072511,428.53047950890726,422.4564482449584,424.6025390625,14492000,-0.001851328148237,,,,,0.0143052165381771,,,425.39007568359375,0.0068964420924559,-0.0076278395696343,neutral,0.0,0
2024-09-27,MSFT,424.8093096047705,425.1341945131492,420.82230422369577,421.3637390136719,14896100,-0.0076278395696343,,,,,0.0102331783450249,,,424.6025390625,0.0004869743424686,0.0053268403179866,neutral,0.0,0
2024-09-30,MSFT,421.5507821273002,423.7264354508624,418.75495134014767,423.6082763671875,16807300,0.0053268403179866,-0.0041886245548699,,,,0.0117360410267466,,,421.3637390136719,0.0004438994064039,-0.022333301346695,crash,0.0,0
2024-10-01,MSFT,421.78703621784,421.81656847562806,412.2969368087723,414.147705078125,19092900,-0.022333301346695,-0.0246226365189872,,,,0.0229860785177114,,,423.6082763671875,-0.0042993497789189,-0.0084622179751926,neutral,0.0,0
2024-10-02,MSFT,416.00832438993655,416.24461251055664,410.2296152449858,410.6430969238281,16582300,-0.0084622179751926,-0.0254427258381051,-0.0346669553493167,,,0.0146477496167105,,,414.147705078125,0.004492646678944,-0.0014144668906022,neutral,0.0,0
2024-10-03,MSFT,411.1353013004486,413.0254259156096,407.8472463602717,410.062255859375,13686400,-0.0014144668906022,-0.0319777050249856,-0.0342444565574883,,,0.0126277887841345,,,410.6430969238281,0.0011986184117244,-0.0011524218347657,neutral,0.0,0
2024-10-04,MSFT,411.7357819472086,413.2223089798081,408.5166457695598,409.5896911621094,19169700,-0.0011524218347657,-0.0110057688600635,-0.0279427173280814,,,0.0114887247208228,,,410.062255859375,0.0040811512494031,-0.0156706790294778,crash,0.0,0
2024-10-07,MSFT,409.5306729821077,410.6233966552464,402.6395318501973,403.171142578125,20919800,-0.0156706790294778,-0.0181957383471835,-0.0482453599923231,,,0.019802669293232,,,409.5896911621094,-0.0001440909800102,0.0126239184105017,neutral,0.0,0
2024-10-08,MSFT,404.5099947662806,409.1959805389295,401.82246884384335,408.2607421875,19229300,0.0126239184105017,-0.0043932686955046,-0.0142146456890651,,,0.0180607904046276,16827220.0,1.1427496639373589,403.171142578125,0.003320803616038,0.0066311662947096,neutral,0.0,0
2024-10-09,MSFT,409.3928629741536,413.842590771439,407.85712525174335,410.9679870605469,14974300,0.0066311662947096,0.0033650649129546,0.0007911739881969,-0.0339032089544422,0.0105276355413636,0.0145643108664175,16985010.0,0.8816185565978472,408.2607421875,0.0027730336759483,-0.0038807868267258,neutral,0.0,0
2024-10-10,MSFT,408.7726086764416,410.8596349305785,406.72493873590105,409.37310791015625,13848400,-0.0038807868267258,0.0153829594359657,-0.0016805934693366,-0.0358674990167735,0.0105141659499701,0.0101000679203991,16920650.0,0.8184319160315945,410.9679870605469,-0.0053419693339321,0.0011543618477483,neutral,0.0,0
2024-10-11,MSFT,409.6684790592566,410.6430736171545,406.8234080163179,409.8456726074219,14144900,0.0011543618477483,0.0038821523995415,0.000624970429764,-0.0273352102703746,0.0105067507411621,0.0093197655999051,16845530.0,0.8396826932723399,409.37310791015625,0.0007215206455748,0.0067736559148992,neutral,0.0,0
2024-10-14,MSFT,411.2731062702607,417.4456186019399,411.0269941050228,412.621826171875,16653100,0.0067736559148992,0.0040242528941421,0.0234408731074264,-0.0259354002464988,0.010638965857932,0.0155557076475237,16830110.0,0.9894825405181548,409.8456726074219,0.003482856495123,-0.00095438196224,neutral,0.0,0
2024-10-15,MSFT,415.61453317923247,415.9098858066577,408.8021651923356,412.22802734375,18900200,-0.00095438196224,0.0069738812306652,0.0097175279087402,-0.0046352489965213,0.0080631965322786,0.0172422061161675,16810840.0,1.124286472300016,412.621826171875,0.0072529052452762,-0.0062567886260235,neutral,0.0,0
2024-10-16,MSFT,408.7135954364056,409.88506179410496,404.0965284555642,409.6488037109375,15508900,-0.0062567886260235,-0.0004803488474867,-0.0032099418717376,-0.0024213075060532,0.0078464971965582,0.0141304778290658,16703500.0,0.9284820546592032,412.22802734375,-0.0085254559957752,0.001441888074025,neutral,0.0,0
2024-10-17,MSFT,415.7917465890575,415.9295838303706,409.127039576057,410.2394714355469,14820000,0.001441888074025,-0.0057737002388617,0.0021163176296885,0.0004321674907643,0.0078499561328822,0.0165818862590416,16816860.0,0.8812584513399053,409.6488037109375,0.0149956324111583,0.0034554000836288,neutral,0.0,0
2024-10-18,MSFT,410.65288622498497,413.1238316782615,409.78656668639167,411.6570129394531,17145300,0.0034554000836288,-0.0013851906382403,0.0044195668103741,0.0050472993387071,0.0079052061936354,0.0081069066892362,16614420.0,1.0319529661583131,410.2394714355469,0.0010077401572097,0.0014828925441485,neutral,0.0,0
2024-10-21,MSFT,409.6488187127166,412.4446496235521,407.3156799270225,412.2674560546875,14206100,0.0014828925441485,0.0063924325422852,-0.0008588254297529,0.0225619160597534,0.0054913179612442,0.0124408793883775,15943050.0,0.8910528412066699,411.6570129394531,-0.0048783189976454,0.0208463430052749,spike,0.0,0
2024-10-22,MSFT,411.9819772653469,423.8839598996877,411.5389933219311,420.8617248535156,25482200,0.0208463430052749,0.0258928117784433,0.0209439847295149,0.0308650363943845,0.0074750196899612,0.0293325951226696,16568340.0,1.53800561794362,412.2674560546875,-0.0006924601618389,-0.006807075762191,neutral,0.0,0
2024-10-23,MSFT,424.1595150969288,424.3760949935698,415.95907136722593,417.9968872070313,19654400,-0.006807075762191,0.0154008654493895,0.0203786351149324,0.0171032790090506,0.0079560079513666,0.0201365701132002,17036350.0,1.1536743492590842,420.8617248535156,0.0078358046091291,0.000306273190429,neutral,0.0,0
2024-10-24,MSFT,418.7155536346828,419.3554693260351,415.83112614516494,418.1249084472656,13581600,0.000306273190429,0.0142078941875081,0.0192215463424942,0.0213785428695774,0.0077352924432569,0.0084289242512675,17009670.0,0.7984634622541178,417.9968872070313,0.0017193104772944,0.0080520442238396,neutral,0.0,0
2024-10-25,MSFT,420.1233007480341,425.79370434385993,419.9362531076575,421.4916687011719,16899100,0.0080520442238396,0.0014967952903663,0.0238904122912761,0.0284155643748991,0.0079419910757789,0.0138969561468491,17285090.0,0.9776691935072366,418.1249084472656,0.0047794146208358,-0.0036435015931359,neutral,0.0,0
2024-10-28,MSFT,424.9471252042487,425.2227696357769,419.670464602579,419.9559631347656,14882400,-0.0036435015931359,0.0046868194182603,0.0186493184634448,0.017774476524748,0.0080502791091917,0.013221160122963,17108020.0,0.869907797629416,421.4916687011719,0.0081981608645429,0.0125648957130442,neutral,0.0,0
2024-10-29,MSFT,421.3440812856283,426.4336947387664,419.17828193472,425.232666015625,17644100,0.0125648957130442,0.0169991249618552,0.0103856941698148,0.0315471967194278,0.0086505629964032,0.0170622188366398,16982410.0,1.0389632566873606,419.9559631347656,0.0033053897853981,0.0013426128733522,neutral,0.0,0
2024-10-30,MSFT,430.6372355196224,431.6807487231308,425.3802831426112,425.8035888671875,29749100,0.0013426128733522,0.0102301432891966,0.0186764588423586,0.0394356946972787,0.0080455759855535,0.014796647433812,18406430.0,1.6162341094932586,425.232666015625,0.012709676221814,-0.0605275726646222,crash,0.0,0
2024-10-31,MSFT,408.9005934690843,409.6881704469,399.9814907408766,400.0307312011719,53971000,-0.0605275726646222,-0.0474460031115206,-0.0432745738905813,-0.0248848317755765,0.0219695439624826,0.0242648350462405,22321530.0,2.417889813108689,425.8035888671875,-0.0396966954719008,0.0098928861895453,neutral,0.0,0
2024-11-01,MSFT,402.64935394726,409.0384161036912,401.162826864631,403.9881896972656,24230400,0.0098928861895453,-0.0499596527176929,-0.0415274614035511,-0.0186291572866157,0.0222492256470634,0.0194946026639093,23030040.0,1.052121490019123,400.0307312011719,0.0065460539449686,-0.0046543688814338,neutral,0.0,0
2024-11-04,MSFT,403.4270371998159,404.0374205874987,399.26283871579096,402.1078796386719,19672300,-0.0046543688814338,-0.0556493882345049,-0.0424998929956049,-0.0246431685712974,0.0222378781516305,0.0118738828893332,23576660.0,0.8343972386249792,403.9881896972656,-0.0013890319364786,0.0073447942896742,neutral,0.0,0
2024-11-05,MSFT,402.0193362267301,408.4477854424002,401.7338376736444,405.061279296875,17626000,0.0073447942896742,0.012575404096075,-0.0474361175206817,-0.03754308036004,0.0210574733795281,0.016575140878462,22791040.0,0.773374097891101,402.1078796386719,-0.0002201981518525,0.0211927961083242,spike,0.0,0
2024-11-06,MSFT,406.0063586804049,413.9114807851586,404.13588205793,413.6456604003906,26681800,0.0211927961083242,0.0239053292878734,-0.0285529027576821,-0.010409711028507,0.022404055322067,0.023632784441075,23493780.0,1.135696341755137,405.061279296875,0.0023331763163598,0.0124945949050565,neutral,0.0,0
2024-11-07,MSFT,414.7285393416903,420.2119257079772,413.35031719618456,418.8139953613281,19901800,0.0124945949050565,0.0415463525302417,0.046954552975857,0.0016480408130228,0.0227997489018343,0.0163834269814045,24125800.0,0.8249177229356125,413.6456604003906,0.0026178902499581,-0.0067929946281967,neutral,0.0,0
2024-11-08,MSFT,418.70576053564287,419.8674028807744,415.2208034572557,415.968994140625,16891400,-0.0067929946281967,0.0269285547675259,0.0296563234988065,-0.0131026897342123,0.0227297664168494,0.0111705427302782,24125030.0,0.700160787364824,418.8139953613281,-0.000258431730754,-0.010721052066282,neutral,0.0,0
2024-11-11,MSFT,415.9492116532179,418.20360735923634,409.53061759674426,411.5093688964844,24503300,-0.010721052066282,-0.0051645447019519,0.0233805148664596,-0.0201130475091521,0.0229278329724726,0.021076044479254,25087120.0,0.9767282972298136,415.968994140625,-4.755760089275087e-05,0.0120093391303792,neutral,0.0,0
2024-11-12,MSFT,411.7456609678349,417.8394007087299,410.7120018696304,416.4513244628906,19401200,0.0120093391303792,-0.0056413370245641,0.0281193136648041,-0.0206506749234822,0.0228898367895762,0.0171146024047153,25262830.0,0.7679741343309519,411.5093688964844,0.0005742082421699,0.0051296774937223,neutral,0.0,0
2024-11-13,MSFT,415.0829505962656,422.65333320999,411.70626883398,418.5875854492188,21502200,0.0051296774937223,0.0062951598447948,0.0119472425844975,-0.0169467886289221,0.0229795300509057,0.0261523866367462,24438140.0,0.8798623790517609,416.4513244628906,-0.0032857954489395,0.0039746934263069,neutral,0.0,0
2024-11-14,MSFT,418.390720208814,421.5114359761114,413.4684764416515,420.2513427734375,30246900,0.0039746934263069,0.0212436812809289,0.0034319469454915,0.0505476454560109,0.0098738951976099,0.0191384505314857,22065730.0,1.3707636230480478,418.5875854492188,-0.0004703083589866,-0.0278527835282724,crash,0.0,0
2024-11-15,MSFT,413.29122260558944,416.22486023548765,407.207337406915,408.5461730957031,28247600,-0.0278527835282724,-0.0189821736727167,-0.0178446498404457,0.0112824669499698,0.014100264476359,0.0220722244446536,22467450.0,1.257267736213945,420.2513427734375,-0.0165618035195674,0.0018314453291756,neutral,0.0,0
2024-11-18,MSFT,408.4182293083614,411.8933320342017,405.6913172118432,409.2944030761719,24727000,0.0018314453291756,-0.0222012852174622,-0.0053825404419156,0.0178721278577225,0.0139487708856958,0.0151529431522772,22972920.0,1.0763542466521452,408.5461730957031,-0.000313168488086,0.0048825064631716,neutral,0.0,0
2024-11-19,MSFT,406.68554340151616,411.440446924727,405.1498060015068,411.2927856445313,18133500,0.0048825064631716,-0.021317140998966,-0.0123868949750908,0.0153841077045755,0.0138626811168853,0.0152948000616207,23023670.0,0.7876024977772874,409.2944030761719,-0.006374041900031,-0.0055052064806732,neutral,0.0,0
2024-11-20,MSFT,410.3870777929387,410.800559418531,404.19488776660336,409.0285339355469,19191700,-0.0055052064806732,0.001180676436616,-0.0228364429475694,-0.0111620328867334,0.0121366514004867,0.0161496597520224,22274660.0,0.8615933980586011,411.2927856445313,-0.0022021000202404,-0.0043167049999898,neutral,0.0,0
2024-11-21,MSFT,413.80284233986384,414.0790385036892,404.71793020151534,407.2628784179688,20780200,-0.0043167049999898,-0.0049634801818313,-0.0309064196434249,-0.0275805418904249,0.0111777095733972,0.0229854199787064,22362500.0,0.9292431525992174,409.0285339355469,0.0116723113626818,0.0100032296280532,neutral,0.0,0
2024-11-22,MSFT,405.7832773797643,411.73138418459337,405.4774898240383,411.3368225097656,24814600,0.0100032296280532,0.000107069384077,0.0068306830361835,-0.0111358579512139,0.0117477742594442,0.0152038281484186,23154820.0,1.0716818355746234,407.2628784179688,-0.0036330368334872,0.004292481054346,neutral,0.0,0
2024-11-25,MSFT,412.69804256956826,415.3613561725285,409.2159842267064,413.10247802734375,27691100,0.004292481054346,0.0099600486367017,0.0093039995723156,0.0038713799764305,0.0113272472917768,0.0148761439901489,23473600.0,1.179669927067003,411.3368225097656,0.003309258946226,0.0219680919986804,spike,0.0,0
2024-11-26,MSFT,413.891635863064,423.21330950979313,413.161695275106,422.1775512695313,23458900,0.0219680919986804,0.0366217341229311,0.0264647618555784,0.0137500506548418,0.0127991027842296,0.0238089737468533,23879370.0,0.9823919140245324,413.10247802734375,0.0019103197818822,-0.0116824493776672,neutral,0.0,0
2024-11-27,MSFT,419.3366874644796,421.4279216336492,416.2886554886208,417.2454833984375,18332400,-0.0116824493776672,0.0143645318515863,0.0200889394777172,-0.0032062633901122,0.0133528959385542,0.0123171282842162,23562390.0,0.778036523459632,422.1775512695313,-0.0067290735770031,0.0011110054636016,neutral,0.0,0
2024-11-29,MSFT,414.38481768654,419.1097738504757,412.1259094010287,417.70904541015625,16271900,0.0011110054636016,0.0111511492373754,0.0256496910122672,-0.006049468745307,0.0132829769248224,0.0167194474866815,22164890.0,0.7341295174485414,417.2454833984375,-0.0068560735243856,0.0177586248464838,spike,0.0,0
2024-12-02,MSFT,415.8447747907503,427.1195397112649,415.5882961500709,425.1269836425781,20207200,0.0177586248464838,0.0069862368668764,0.0335252289077161,0.0405849121562837,0.0103684785102717,0.0271242334758237,21360850.0,0.945992317721439,417.70904541015625,-0.004463084148861,0.0005104604186436,neutral,0.0,0
2024-12-03,MSFT,424.0024483022702,426.59673575541547,421.9309618493427,425.343994140625,18302000,0.0005104604186436,0.0194094629286951,0.0296331219598033,0.0392128280861592,0.0104080017425891,0.0109694129230615,20718350.0,0.8833715040049038,425.1269836425781,-0.0026451751678349,0.0144247905963061,neutral,0.0,0
2024-12-04,MSFT,427.1490975254907,433.698935348809,426.754535872994,431.4794921875,26009400,0.0144247905963061,0.0329665994276524,0.0220332438093802,0.0490811102152797,0.0109320976001551,0.0160943905829882,21505940.0,1.209405401484427,425.343994140625,0.0042438671045837,0.0118878512340578,neutral,0.0,0
2024-12-05,MSFT,431.97270407918,438.6211597736825,430.2464705000807,436.6088562011719,21697800,0.0118878512340578,0.0270081011094958,0.046407627100049,0.0674288465898835,0.0104744253052536,0.0191812171344116,21756550.0,0.9972996637794136,431.4794921875,0.001143071456721,0.0021463221787068,neutral,0.0,0
2024-12-06,MSFT,436.2931878578621,440.04159877439776,435.7703869006791,437.54595947265625,18821000,0.0021463221787068,0.0286872872313252,0.047489788120393,0.0743575775241864,0.0099104943539363,0.00976174452363,21560630.0,0.8729336758712524,436.6088562011719,-0.000723000321286,0.0055232758054295,neutral,0.0,0
2024-12-09,MSFT,436.5891099408423,442.2412722506749,434.5176237615362,439.962646484375,19144400,0.0055232758054295,0.019660619914674,0.0348970152745464,0.0695921746075378,0.0098729938937188,0.0175552369067155,20993610.0,0.911915578121152,437.54595947265625,-0.0021868549145492,-0.006031062873213,neutral,0.0,0
2024-12-10,MSFT,438.3548361326827,443.5137892049513,435.6027181772746,437.3092041015625,18469500,-0.006031062873213,0.0016040625160107,0.0281306662977862,0.0585973877228025,0.0106711037563119,0.018090337348215,20071450.0,0.920187629692922,439.962646484375,-0.0036544246756852,0.0127671470565986,neutral,0.0,0
2024-12-11,MSFT,438.0194812346724,444.2339409306858,438.0194812346724,442.8923950195313,19200200,0.0127671470565986,0.0122191404837077,0.0264506263650459,0.0490666632740379,0.009444665404258,0.0140315339931255,19645580.0,0.9773292516688232,437.3092041015625,0.0016241989110866,0.0012693711396736,neutral,0.0,0
2024-12-12,MSFT,443.0106891858234,449.96496224230685,443.0106891858234,443.45458984375,20834800,0.0012693711396736,0.0079369087064053,0.0156793284088214,0.0628145959348462,0.0076431310982691,0.0156820409930445,19895820.0,1.0471948379106768,442.8923950195313,0.0002670945981967,-0.0050938950335556,neutral,0.0,0
2024-12-13,MSFT,442.34980235220513,445.2991859531554,439.5286279530639,441.1956787109375,20177800,-0.0050938950335556,0.0088872463074716,0.0083413391422468,0.0562272556911456,0.0083184976763901,0.0130793620122291,20286410.0,0.9946461695292564,443.45458984375,-0.0024913204572629,0.0096586452331379,neutral,0.0,0
2024-12-16,MSFT,441.19569319284585,446.039014950384,439.232728669252,445.45703125,23598800,0.0096586452331379,0.0057906531232165,0.0124882982897052,0.0478211179004204,0.0073295443699336,0.0152793329179984,20625570.0,1.1441526222063196,441.1956787109375,3.28242298155305e-08,0.0063553934249409,neutral,0.0,0
2024-12-17,MSFT,444.8849575716068,449.1068307764244,443.4645114369834,448.2880859375,22733500,0.0063553934249409,0.0108996415967936,0.0251055357009768,0.0539424374457944,0.0071894846929739,0.0125863691595578,21068720.0,1.079016665464252,445.45703125,-0.0012842398666105,-0.0375611048541869,crash,0.0,0
2024-12-18,MSFT,445.1907017883104,446.5026260235917,431.08488976149135,431.4498901367188,24444500,-0.0375611048541869,-0.0220894923601551,-0.025835857674431,-6.860592755197903e-05,0.0147112925928612,0.0357347089767822,20912230.0,1.1689092937482035,448.2880859375,-0.0069093608470813,-0.0008231154179414,neutral,0.0,0
2024-12-19,MSFT,435.6224173363725,437.1612287919841,430.39440791706704,431.0947570800781,22963700,-0.0008231154179414,-0.032241660053316,-0.0278716988091763,-0.0126293799192956,0.014115958544294,0.0156968294412824,21038820.0,1.0914918232106172,431.4498901367188,0.0096709427793144,-0.0009839224703921,neutral,0.0,0
2024-12-20,MSFT,427.2279700671991,437.7136101158857,422.80883168125047,430.6705932617188,64263700,-0.0009839224703921,-0.0392994889412193,-0.0238558217069811,-0.0157134720641092,0.0140686555724607,0.0346083031157355,25583090.0,2.5119600486102343,431.0947570800781,-0.0089696915802683,-0.0030919315707657,neutral,0.0,0
2024-12-23,MSFT,430.8087443439253,431.70638949616176,426.9518413679703,429.3389892578125,19152500,-0.0030919315707657,-0.0048925748439463,-0.0361831576593562,-0.0241467254355643,0.0138534728675384,0.0110741121751148,25583900.0,0.748615340116245,430.6705932617188,0.0003207813218919,0.0093737249956995,neutral,0.0,0
2024-12-24,MSFT,428.7470606574343,433.629847299066,428.2933162951618,433.3634948730469,7164500,0.0093737249956995,0.0052627357575294,-0.0332924106899729,-0.0090226987941448,0.0142499098107606,0.0123142144343919,24453400.0,0.2929858424595353,429.3389892578125,-0.0013786975215119,-0.0027768124331227,neutral,0.0,0
2024-12-26,MSFT,433.1169536147247,434.9517090842379,430.70024449976,432.1601257324219,8194200,-0.0027768124331227,0.0034586351935987,0.0016461601032695,-0.0242322275292989,0.0134280594923573,0.0098377067464809,23352800.0,0.3508872597718475,433.3634948730469,-0.0005689017677743,-0.0173017161260171,crash,0.0,0
2024-12-27,MSFT,428.6977468777378,429.3093219032342,420.55978930279264,424.6830139160156,18117700,-0.0173017161260171,-0.0108445202003328,-0.014873164330485,-0.0423303227831027,0.0141348093268116,0.0206025018984438,23081090.0,0.7849585959761866,432.1601257324219,-0.0080117962035855,-0.0132394242517595,neutral,0.0,0
2024-12-30,MSFT,420.2737617749032,421.7435167493127,416.1702542921768,419.0604553222656,13158700,-0.0132394242517595,-0.0330047171023745,-0.0269582788356244,-0.0501709886491757,0.0144222590008767,0.0132994234754264,22379180.0,0.587988478576963,424.6830139160156,-0.0103824546700244,-0.0078383905705401,neutral,0.0,0
2024-12-31,MSFT,420.313230174155,420.9346790911402,414.94710727917607,415.7756958007813,13246500,-0.0078383905705401,-0.0379128683005456,-0.031591105854322,-0.0666311975499178,0.0134710152062403,0.0144009663682532,21343950.0,0.6206208316642421,419.0604553222656,0.002989484777145,-0.0069276309444312,neutral,0.0,0
2025-01-02,MSFT,419.7509810335182,420.2836558558519,409.2160306987592,412.8953552246094,16896500,-0.0069276309444312,-0.0277563695866049,-0.0472308809823347,-0.0789508617853945,0.012661497617808,0.026804915620986,20760250.0,0.8138871160029383,415.7756958007813,0.009561129409165,0.0113956978526219,neutral,0.0,0
2025-01-03,MSFT,415.3613950253171,418.27134378737713,413.8423310893823,417.6005859375,16662900,0.0113956978526219,-0.0034836725017228,-0.033690150775124,-0.0320994500539337,0.0089252331431586,0.0106058584377985,19982090.0,0.8338917500621806,412.8953552246094,0.0059725539885674,0.0106295440142367,neutral,0.0,0
2025-01-06,MSFT,422.1874466156374,428.4216236128431,419.7016808979234,422.03948974609375,20573600,0.0106295440142367,0.0150653200958474,-0.0062246995601398,-0.0210052829111588,0.0099438284767196,0.0206614379146506,19743080.0,1.0420663847788694,417.6005859375,0.0109838463656367,-0.0128083017399899,neutral,0.0,0
2025-01-07,MSFT,423.1738448521772,424.801430542522,415.0851952170159,416.6338806152344,18139100,-0.0128083017399899,0.0090544137717201,-0.0057905122666971,-0.0325926888580347,0.0104876835617099,0.0233207998138757,15130620.0,1.1988338878380398,422.03948974609375,0.0026877937577971,0.0051850759643514,neutral,0.0,0
2025-01-08,MSFT,417.7090917280971,421.1714329663283,415.81518360520914,418.7941589355469,15054600,0.0051850759643514,0.0028581688777264,0.0072598354479378,-0.0245606166365048,0.0108235304449936,0.0127896945237565,14720830.0,1.022673313936782,416.6338806152344,0.0025807097379478,-0.0132137563909821,neutral,0.0,0
2025-01-10,MSFT,418.8631684887605,418.9420687753876,409.3836648034606,413.2603149414063,20201100,-0.0132137563909821,-0.0208017851835835,0.000883903662705,-0.0463887248683227,0.010436283686168,0.0231292568541991,16024490.0,1.2606391841487623,418.7941589355469,0.0001647815561444,-0.0042009453160803,neutral,0.0,0
2025-01-13,MSFT,409.6007014640922,412.8164377086338,406.690782868284,411.5242309570313,17604800,-0.0042009453160803,-0.0122641242009837,-0.0145506380620311,-0.0477505756469711,0.0104169810489256,0.014885283488907,16965550.0,1.0376792971639588,413.2603149414063,-0.0088554679580907,-0.0036434285470202,neutral,0.0,0
2025-01-14,MSFT,412.1357932076061,414.0395749911103,405.14208486737954,410.0248718261719,16935900,-0.0036434285470202,-0.0209393730124221,-0.0284679946114759,-0.0345154894580796,0.0094509554536689,0.0216998790441737,16847370.0,1.0052548261241965,411.5242309570313,0.0014860905010443,0.0255972616228634,spike,0.0,0
2025-01-15,MSFT,413.4379027909623,422.3353935398116,412.5895665870108,420.5203857421875,19637800,0.0255972616228634,0.0175677909015061,0.0093283463198288,0.0034838181493388,0.0124820835376414,0.0231756349590523,17495280.0,1.122462744237303,410.0248718261719,0.0083239608114245,-0.0040582419882359,neutral,0.0,0
2025-01-16,MSFT,422.8778842735224,423.6571336957602,418.6264203199314,418.8138122558594,15300000,-0.0040582419882359,0.017713613805621,4.692835344810575e-05,0.0073071044935097,0.0122595322307439,0.0120118134326368,17700630.0,0.8643760137351043,420.5203857421875,0.0056061456501664,0.0104811453420221,neutral,0.0,0
2025-01-17,MSFT,428.1947398206691,428.57945778773313,422.3551545656704,423.2034606933594,26197500,0.0104811453420221,0.0321409499099227,0.0240602482078706,0.0249654188120922,0.0122770003744141,0.0147075905567149,18630730.0,1.4061445794126155,418.8138122558594,0.0223988017832582,-0.0012354758752657,neutral,0.0,0
2025-01-21,MSFT,424.35752761269225,425.0480029513297,419.819993531564,422.68060302734375,26085700,-0.0012354758752657,0.0051370096632619,0.0271098789113035,0.0121647748133286,0.0119084843998366,0.0123686996335326,19573010.0,1.3327382962559158,423.2034606933594,0.0027269789274456,0.0413070440286265,spike,0.0,0
2025-01-22,MSFT,431.6176123838698,441.1957350447454,430.0788007344463,440.1402893066406,27803800,0.0413070440286265,0.0509211406756389,0.0734477821951153,0.0428888765158839,0.0173120356933557,0.0252577066457873,20296030.0,1.3699132293359837,422.68060302734375,0.0211436467453603,0.0011429350369287,neutral,0.0,0
2025-01-23,MSFT,435.9973147591307,440.6828062638951,435.5041051270503,440.6433410644531,18389300,0.0011429350369287,0.041209210204758,0.0478525084741137,0.0576272395652617,0.0163095865980967,0.0117525913913386,20321050.0,0.9049384751280076,440.1402893066406,-0.0094128500575042,-0.0059322663666274,neutral,0.0,0
2025-01-24,MSFT,439.1143945823717,440.5841496239721,435.40544858930485,438.0293273925781,15549500,-0.0059322663666274,0.0363128193139288,0.0458808056812121,0.0459298871453257,0.0167249398473308,0.01182272672356,20370540.0,0.7633327344292297,440.6433410644531,-0.0034698050318608,-0.021393549726562,crash,0.0,0
2025-01-27,MSFT,418.2516146753107,429.2896479328885,417.74853125025015,428.6583251953125,35647800,-0.021393549726562,-0.02608705540094,0.012889461000664,0.0372598328394764,0.0178560787749451,0.026923813219724,21915210.0,1.6266237010733642,438.0293273925781,-0.0451515720077389,0.029086926670101,spike,0.0,0
2025-01-28,MSFT,428.69779052094407,442.29064589853647,425.5215194914831,441.1266784667969,23491700,0.029086926670101,0.0010968902904016,0.0436406953792951,0.0719336682579365,0.0192461596942823,0.0380143102324643,22503900.0,1.043894613822493,428.6583251953125,9.206709239482504e-05,-0.0108900555723934,neutral,0.0,0
2025-01-29,MSFT,440.6235877197962,440.81100977301065,434.41900262341227,436.3227844238281,23581400,-0.0108900555723934,-0.0038959559600915,-0.0086733820455888,0.064137359474147,0.0198248220368094,0.0146497212105004,23168450.0,1.0178238078076003,441.1266784667969,-0.001140467742167,-0.0618089621033157,crash,0.0,0
2025-01-30,MSFT,413.0827896381068,417.1172408671569,407.54899194570174,409.3541259765625,54586300,-0.0618089621033157,-0.0450340004710145,-0.0710080288795602,-0.0265534327091357,0.0280059580060778,0.0233740136333766,26663300.0,2.047244714645224,436.3227844238281,-0.0532633078430917,0.000168558809505,neutral,0.0,0
2025-01-31,MSFT,413.2899024984714,414.9766708005648,409.2751693701902,409.4231262207031,34161900,0.000168558809505,-0.0718694964364529,-0.065306588812573,-0.0224221020423732,0.0280088735323271,0.0139256946304033,28549490.0,1.1965852980210856,409.3541259765625,0.0096146008361822,-0.009974376074139,neutral,0.0,0
2025-02-03,MSFT,406.0101438094314,409.7683985075356,403.1100689884043,405.3393859863281,25679100,-0.009974376074139,-0.0710102693317152,-0.0543998281110238,-0.0422115515732396,0.0277493371470848,0.0164265545104365,28497650.0,0.9010953534765148,409.4231262207031,-0.0083360762807324,0.0035285673769502,neutral,0.0,0
2025-02-04,MSFT,407.085314667825,408.2986210393196,404.1753661823544,406.7696533203125,20532100,0.0035285673769502,-0.0063135375760154,-0.0778847139009988,-0.0376429615957606,0.0278419147830643,0.0101365842395285,27942290.0,0.7348037687676994,405.3393859863281,0.0043073255199428,0.0022311454368615,neutral,0.0,0
2025-02-05,MSFT,406.749979083578,408.2098602907994,404.8264495269334,407.6772155761719,16316700,0.0022311454368615,-0.0042643185807489,-0.0656522415749689,-0.0737561966472287,0.0232160562116354,0.0082992392868563,26793580.0,0.6089779715887164,406.7696533203125,-4.836702191005297e-05,0.0061215978989677,neutral,0.0,0
2025-02-06,MSFT,408.3775613386283,412.5205341470821,408.3775613386283,410.1728515625,16309800,0.0061215978989677,0.0119244902994324,0.0020000423447164,-0.0691500055994178,0.0234712171516289,0.0101005534439241,26585630.0,0.6134817944882254,407.6772155761719,0.001717892822307,-0.0145976978312782,neutral,0.0,0
2025-02-07,MSFT,410.8238843523212,412.9643971851394,402.5576865372201,404.1852722167969,22886800,-0.0145976978312782,-0.0063534265214237,-0.0127932538942188,-0.0772643589351471,0.0235917354490839,0.025747377164048,27319360.0,0.837750225481124,410.1728515625,0.0015872157002619,0.0060280830842269,neutral,0.0,0
2025-02-10,MSFT,408.0914896331453,409.81772327895646,405.3394016663598,406.6217346191406,20817900,0.0060280830842269,-0.0025890113960367,0.003163641820032,-0.0514082878622063,0.0234231060539594,0.0110134831252718,25836370.0,0.8057594778213812,404.1852722167969,0.0096644229388278,-0.0018921988525973,neutral,0.0,0
2025-02-11,MSFT,404.0767828884028,406.88805357704496,403.741373863551,405.8523254394531,18140600,-0.0018921988525973,-0.010533427813636,-0.0022551531889647,-0.0799642251290381,0.0202454061686881,0.0077532627417786,25301260.0,0.7169840553395365,406.6217346191406,-0.0062587695493491,-0.0058330837525826,neutral,0.0,0
2025-02-12,MSFT,401.6797906754277,405.17172339110687,398.8783635040398,403.4849548339844,19121700,-0.0058330837525826,-0.0017326642778732,-0.0102832843779668,-0.0752604052827694,0.0202313611103351,0.0155975081887663,24855290.0,0.7693211384779659,405.8523254394531,-0.0102809187048699,0.0036670865668864,neutral,0.0,0
2025-02-13,MSFT,401.472636502677,405.4183135199023,400.84131373042015,404.9645690917969,23891700,0.0036670865668864,-0.0040754474890426,-0.0126977747329274,-0.0107231284753606,0.0070219305880298,0.0113022228086444,21785830.0,1.0966623718260906,403.4849548339844,-0.0049873441554601,-0.0051397605057288,neutral,0.0,0
2025-02-14,MSFT,402.2518556192141,403.35664020130986,400.3677915145921,402.8831481933594,22758500,-0.0051397605057288,-0.0073159054660553,-0.0032216018567323,-0.0159736409804518,0.0071191094109712,0.0074186490552423,20645490.0,1.1023472923142053,404.9645690917969,-0.0066986439793152,0.0029627301081112,neutral,0.0,0
2025-02-18,MSFT,402.4590402622825,405.0237362453633,400.9794114377888,404.0767822265625,21423100,0.0029627301081112,0.0014667892457642,-0.0062587711770051,-0.0031149298672106,0.0065804959061237,0.0100088027460752,20219890.0,1.0595062584415642,402.8831481933594,-0.0010526822305145,0.0125231217356549,neutral,0.0,0
2025-02-19,MSFT,402.34067225656025,409.8473079963777,402.1137850010984,409.1370849609375,24114200,0.0125231217356549,0.0103034096995158,0.0080934845400422,0.0058200793036071,0.0076831207312774,0.0189020337670384,20578100.0,1.171838021974818,404.0767822265625,-0.0042964853373555,0.0052906761473674,neutral,0.0,0
2025-02-20,MSFT,410.47144681938056,414.4447923675228,407.75335474991726,411.30169677734375,23508700,0.0052906761473674,0.0208957575459174,0.0193730691806726,0.0088905660230469,0.0078147678721144,0.0162689278211947,21297300.0,1.1038347583966042,409.1370849609375,0.0032614053027494,-0.0190325618915151,crash,0.0,0
2025-02-21,MSFT,412.4976421272199,413.1993956224997,403.15730762956775,403.47357177734375,27524800,-0.0190325618915151,-0.0014928114550282,-0.0036817969478093,-0.0163328210524812,0.0097585343490164,0.0248890849249319,22418800.0,1.2277552768212394,411.30169677734375,0.0029077082814067,-0.010313347939365,neutral,0.0,0
2025-02-24,MSFT,403.7700887978409,404.6200957828949,394.6867174896375,399.3124084472656,26443700,-0.010313347939365,-0.0240131654518922,-0.0088629662523884,-0.0120560151605859,0.0092028249186376,0.0248762074083386,22774490.0,1.161110523221376,403.47357177734375,0.0007349106391057,-0.0150989681129878,crash,0.0,0
2025-02-25,MSFT,396.4460859350655,397.25657880262406,392.09714469384,393.283203125,29387400,-0.0150989681129878,-0.0438084593220094,-0.0267117032611654,-0.0328032919997108,0.0097731521810148,0.0131188773580655,23631440.0,1.243572122562146,399.3124084472656,-0.0071781453607861,0.004599093791747,neutral,0.0,0
2025-02-26,MSFT,393.3919053914201,398.9170410828285,389.6755229646048,395.0919494628906,19619000,0.004599093791747,-0.0207736587988431,-0.0343286786124211,-0.0265130327020086,0.0100866085804087,0.0233908034086423,23779280.0,0.8250460064392193,393.283203125,0.0002763969209881,-0.0180119945563131,crash,0.0,0
2025-02-27,MSFT,396.6141373782218,401.0322741110148,387.61974690299365,387.9755554199219,21127400,-0.0180119945563131,-0.0283909359877578,-0.0567129713788887,-0.0384386065161808,0.011190212790419,0.0345705470889891,23979850.0,0.8810480465891154,395.0919494628906,0.003852743437067,0.0113620640873335,neutral,0.0,0
2025-02-28,MSFT,388.1040123360274,393.0163471729864,382.0846775634414,392.3837585449219,32845700,0.0113620640873335,-0.0022870149880066,-0.0274858479170521,-0.0310664475538925,0.0120002304880464,0.0278596383552748,24875250.0,1.3204168802323597,387.9755554199219,0.0003310953855494,-0.0214110982030826,crash,0.0,0
2025-03-03,MSFT,394.1925506012372,394.1925506012372,381.6794393165997,383.9823913574219,23007700,-0.0214110982030826,-0.0281189179394105,-0.0383910361049255,-0.0469137438999217,0.0133382026987225,0.0325877216410945,24900170.0,0.9239977076461728,392.3837585449219,0.0046097526131633,0.0003088456951749,neutral,0.0,0
2025-03-04,MSFT,378.9514422192701,388.0249203607145,376.5792952112664,384.1009826660156,29342900,0.0003088456951749,-0.0099866414256759,-0.0233476039302545,-0.0494356529233758,0.0131941338023672,0.0297984792176392,25692150.0,1.14209593202593,383.9823913574219,-0.0131020308519012,0.0319342875037709,spike,0.0,0
2025-03-05,MSFT,384.822503579622,397.0094560898268,384.2986543499986,396.3669738769531,23433100,0.0319342875037709,0.0101513256991121,0.0032271586798866,-0.0312123040256876,0.0169487169565035,0.0320682664741237,25624040.0,0.9144966991934136,384.1009826660156,0.0018784667214291,-0.0102986159771909,neutral,0.0,0
2025-03-06,MSFT,389.70521049036057,397.4838909032578,388.12376908504734,392.2849426269531,23304600,-0.0102986159771909,0.0216222187694097,0.0111073678401387,-0.0462355353731624,0.0168140152105865,0.0238605177031012,25603630.0,0.9102068730098036,396.3669738769531,-0.0168070596836874,-0.0090201847726298,neutral,0.0,0
2025-03-07,MSFT,387.76795648683793,390.2191619837315,381.0666253730808,388.7464599609375,22034100,-0.0090201847726298,0.0120944165846126,-0.0092697480585653,-0.0365008090902503,0.0161435879479601,0.0235437169294619,25054560.0,0.8794446998869667,392.2849426269531,-0.0115145539613807,-0.0334340677715425,crash,0.0,0
2025-03-10,MSFT,381.36317334885786,381.9166733696952,372.8431942815155,375.74908447265625,32840100,-0.0334340677715425,-0.0520171728805474,-0.0214418865814651,-0.0590097464444839,0.0186705837001241,0.0241477077739627,25694200.0,1.2781133485378022,388.7464599609375,-0.0189925500873282,0.0007627179626374,neutral,0.0,0
2025-03-11,MSFT,374.6024872406928,381.5212666884101,372.5367409966354,376.0356750488281,30380200,0.0007627179626374,-0.0414221037119372,-0.02099788332018,-0.0438552369873014,0.0184756651892806,0.0238927481830229,25793480.0,1.1778247836274904,375.74908447265625,-0.0030514970743644,0.0074122274768977,neutral,0.0,0
2025-03-12,MSFT,378.5066728711865,380.7503233781215,374.55308456142495,378.8229370117188,24253600,0.0074122274768977,-0.0255269795902857,-0.0442621056281057,-0.0411777877865868,0.0186471935029789,0.0163591963717467,26256940.0,0.9237024573312808,376.0356750488281,0.0065711792426011,-0.0117409836408939,neutral,0.0,0
2025-03-13,MSFT,378.7142611357114,380.8492026304598,373.0705217726956,374.3751831054688,20473000,-0.0117409836408939,-0.0036564330399251,-0.0456549756958573,-0.0350547144645049,0.01822577888848,0.0207777684226808,26191500.0,0.7816658076093389,378.8229370117188,-0.0002868777610581,0.0258466132454089,spike,0.0,0
2025-03-14,MSFT,375.37338972084297,385.7021498382421,375.10653340514665,384.051513671875,19952800,0.0258466132454089,0.0213166972043437,-0.0120771422318142,-0.0212349382246231,0.0200178762750824,0.0275890500516244,24902210.0,0.801246154457777,374.3751831054688,0.0026663268838868,0.0003605200006358,neutral,0.0,0
2025-03-17,MSFT,382.2131776873556,388.15342385678485,381.0962841175908,384.1899719238281,22474300,0.0003605200006358,0.0141676608983771,0.0224641597278092,0.0005405991813125,0.01881563442514,0.01836888064479,24848870.0,0.9044395177728404,384.051513671875,-0.0047866911575045,-0.0133264893375931,neutral,0.0,0
2025-03-18,MSFT,382.5788963793093,382.8754034622388,376.6781641211092,379.070068359375,19486900,-0.0133264893375931,0.0125405888685297,0.0080694293437793,-0.0130978949122219,0.0192958629602257,0.0163485325231596,23863270.0,0.8166064416150846,384.1899719238281,-0.0041934346605961,0.0112118890608505,neutral,0.0,0
2025-03-19,MSFT,381.0567221702146,385.158563988563,379.54447585576617,383.3201599121094,19185500,0.0112118890608505,-0.0019043116189628,0.0118715696992008,-0.0329159966009023,0.0162147426492154,0.0146459506175831,23438510.0,0.8185460594551446,379.070068359375,0.0052408617209949,-0.0025270219220604,neutral,0.0,0
2025-03-20,MSFT,381.26425870483627,387.24407880313566,378.8328104695348,382.35150146484375,18470500,-0.0025270219220604,-0.0047853161022872,0.0213056813574308,-0.0253220047029836,0.0160230235490886,0.0219987846297871,22955100.0,0.8046360068133007,383.3201599121094,-0.005363404856516,0.0114259885988339,neutral,0.0,0
2025-03-21,MSFT,378.7735245117788,387.194656647968,378.3583844724842,386.7202453613281,39675900,0.0114259885988339,0.0201814325121032,0.0069488899130683,-0.0052121750505791,0.0163911282492863,0.0228492619185936,24719280.0,1.6050588852102488,382.35150146484375,-0.0093578211131829,0.0046515760789751,neutral,0.0,0
2025-03-24,MSFT,390.81219242783766,390.81219242783766,385.2870564688155,388.5191040039063,21004500,0.0046515760789751,0.0135629289442773,0.0112682068675558,0.0339854973942839,0.011582095778766,0.0142210148795324,23535720.0,0.8924519836231907,386.7202453613281,0.0105811555396751,0.0052916527963173,neutral,0.0,0
2025-03-25,MSFT,389.3494094222369,391.7610706609813,388.0842623065983,390.5750122070313,15775000,0.0052916527963173,0.0215077244647454,0.0303504412718471,0.0386647813570222,0.0115556944728857,0.0094138340637983,22075200.0,0.7146028122055519,388.5191040039063,0.0021371031946017,-0.0131339463596983,neutral,0.0,0
2025-03-26,MSFT,390.4168571879551,390.72325787798576,384.0614710304359,385.4452209472656,16108400,-0.0131339463596983,-0.0032970200793889,0.0055438279991417,0.0174812116388347,0.0126306179204476,0.0172833556767883,21260680.0,0.7576615611542058,390.5750122070313,-0.0004049286670504,0.0015642580534114,neutral,0.0,0
2025-03-27,MSFT,385.6033961060126,387.6888996743445,382.9050609496304,386.0481567382813,13766800,0.0015642580534114,-0.0063599118811932,0.00966821173521,0.0311798809311674,0.0117124238186288,0.0123918185884701,20590060.0,0.6686138845637166,385.4452209472656,0.0004103700088906,-0.0301604123185202,crash,0.0,0
2025-03-28,MSFT,383.5771084434194,384.6149434292676,372.5564875251623,374.40478515625,21632000,-0.0301604123185202,-0.041401079294366,-0.0318459153685406,-0.0251183192155491,0.0129695572224007,0.0322070026403988,20757980.0,1.0421052530159485,386.0481567382813,-0.0064008809567692,-0.0090019999191425,neutral,0.0,0
2025-03-31,MSFT,368.2174556076631,372.6948931611048,362.978933000102,371.0343933105469,35184700,-0.0090019999191425,-0.0373874855713682,-0.0450034773404183,-0.0342423789652936,0.0130804470919019,0.0261861442932886,22029020.0,1.5971976964930803,374.40478515625,-0.0165257758284385,0.0181144928197807,spike,0.0,0
2025-04-01,MSFT,370.3029705230893,378.4078388750376,368.89946352111616,377.7554931640625,19689500,0.0181144928197807,-0.0214809044661253,-0.0328221689619344,-0.0034678950015811,0.0141633167409941,0.0251707136652858,22049280.0,0.8929770042377801,371.0343933105469,-0.0019713072444079,-0.0001307127025279,neutral,0.0,0
2025-04-02,MSFT,373.5844861787052,380.6119757035965,372.25014394283687,377.70611572265625,16092600,-0.0001307127025279,0.0088175437315218,-0.0200783530422036,-0.0146458359788338,0.0135852274083146,0.0221384600690437,21739990.0,0.7402303312927007,377.7554931640625,-0.0110415521702176,-0.0236302580160063,crash,0.0,0
2025-04-03,MSFT,370.4413527847735,373.10014336261634,365.0644702169303,368.7808227539063,30198000,-0.0236302580160063,-0.0060737511057482,-0.044728445617424,-0.03549267796503,0.0153108581045869,0.021789834638577,22912740.0,1.3179567349867367,377.70611572265625,-0.0192339033853958,-0.0355659161831846,crash,0.0,0
2025-04-04,MSFT,359.90502676066706,370.2436515761853,355.30898645827625,355.664794921875,49209900,-0.0355659161831846,-0.0584788272889345,-0.050052753002487,-0.080304692634948,0.0173023034389792,0.0419908445568518,23866140.0,2.061912818746559,368.7808227539063,-0.0240679434656021,-0.005502459838427,neutral,0.0,0
2025-04-07,MSFT,346.8087713756296,366.6953157485582,340.7894367933375,353.707763671875,50425000,-0.005502459838427,-0.0635371021326084,-0.0466981766409183,-0.0896000736470382,0.016753533752693,0.0732409113282932,26808190.0,1.8809550365019048,355.664794921875,-0.0248999160802258,-0.0092214210922654,neutral,0.0,0
2025-04-08,MSFT,363.98712785508354,369.3145725706382,346.18608632628985,350.4460754394531,35868900,-0.0092214210922654,-0.0497171929319336,-0.0722938996753348,-0.1027432260472083,0.015967351358429,0.0659972756588745,28817580.0,1.2446881382822568,353.707763671875,0.0290617431647455,0.1013367362693526,spike,0.0,0
2025-04-09,MSFT,349.43788571366844,388.6673652686905,349.0029886182402,385.9591369628906,50199700,0.1013367362693526,0.0851766676757255,0.0218503775731671,0.0013333049359438,0.0387627641919396,0.1027683318046801,32226710.0,1.557704773462758,350.4460754394531,-0.0028768754922435,-0.0234063769040023,crash,0.0,0
2025-04-10,MSFT,377.6269854135807,379.4456324184745,363.5324334212975,376.92523193359375,38024400,-0.0234063769040023,0.0656402562971645,0.0220846873730262,-0.0236315719825399,0.0395038549708797,0.0422184498382971,34652470.0,1.0973070606510875,385.9591369628906,-0.0215881702267124,0.0186181198965014,spike,0.0,0
2025-04-11,MSFT,376.2234920445777,385.52428234575257,374.4937970946495,383.94287109375,23839200,0.0186181198965014,0.0955833093930142,0.0795076616399059,0.0254753312875515,0.0386027195094933,0.0287294961869722,34873190.0,0.683596768749862,376.92523193359375,-0.0018617482449136,-0.0016477175177884,neutral,0.0,0
2025-04-14,MSFT,388.6574731382522,390.07087362207807,379.7520064336394,383.3102416992188,19251200,-0.0016477175177884,-0.0068631495150391,0.0836919091626307,0.0330854729642202,0.0384148494601101,0.02692040562938,33279840.0,0.5784643195399978,383.94287109375,0.0122794363418484,-0.0053633230390015,neutral,0.0,0
2025-04-15,MSFT,384.0021677861047,387.3429548173336,379.702634359307,381.2544250488281,17199900,-0.0053633230390015,0.0114855487201692,0.0879118123116142,0.0092624248967465,0.0381659763262774,0.0200399522105167,33030880.0,0.5207218215197416,383.3102416992188,0.0018051333139927,-0.0366060204379351,crash,0.0,0
2025-04-16,MSFT,376.2531229065895,377.1821883945702,363.7301188576812,367.2982177734375,21967800,-0.0366060204379351,-0.0433519009557238,-0.0483494686414104,-0.0275555452135202,0.040041215983131,0.0366243800975552,33618400.0,0.6534457320990886,381.2544250488281,-0.0131180172967122,-0.0103064002975167,neutral,0.0,0
2025-04-17,MSFT,369.4134273859128,369.97682098932336,362.6330375516977,363.5126953125,21120200,-0.0103064002975167,-0.0516488844622466,-0.0355840773839644,-0.0142852532354206,0.0394626419592871,0.0202022750025619,32710620.0,0.6456679818358686,367.2982177734375,0.0057588344024583,-0.0235466584460974,crash,0.0,0
2025-04-21,MSFT,358.6102676210093,360.2510105389955,351.5432339047138,354.95318603515625,20807300,-0.0235466584460974,-0.0689860557298539,-0.0755052046571667,-0.0020007852811945,0.0384551549199285,0.0245321833325345,29870360.0,0.6965868506439159,363.5126953125,-0.0134862626662219,0.021441383132438,spike,0.0,0
2025-04-22,MSFT,359.1637844616611,363.502832546254,355.68460696363,362.5638732910156,19485000,0.021441383132438,-0.0128896473038215,-0.0541242214563176,0.0250379282806927,0.0389338241417565,0.0215637192742273,26776360.0,0.727694130195441,354.95318603515625,0.0118624049372184,0.0206366856998274,spike,0.0,0
2025-04-23,MSFT,371.6965961898571,375.9763723537339,368.6918606799084,370.0459899902344,20545500,0.0206366856998274,0.0179726726521007,-0.0293988327011764,0.0559284749478312,0.039026158991645,0.0196854225444186,25244020.0,0.8138759199208367,362.5638732910156,0.0251892799355411,0.0344828041212084,spike,0.0,0
2025-04-24,MSFT,371.34083029267134,383.9428942596604,370.8367380816756,382.8062133789063,22232300,0.0344828041212084,0.0784695797630941,0.0422218101124429,-0.0081690606129826,0.0235656627581668,0.0342370518553004,22447280.0,0.990422893107762,370.0459899902344,0.0034991334522261,0.0117480405051293,neutral,0.0,0
2025-04-25,MSFT,382.5097039822226,387.6098369882708,380.1375568119296,387.3034362792969,18973200,0.0117480405051293,0.0682350471482959,0.0654467953212603,0.0275338541080516,0.0223723472815752,0.0192930903173105,20542160.0,0.9236224428200344,382.8062133789063,-0.0007745678787877,-0.0017609108829225,neutral,0.0,0
2025-04-28,MSFT,387.4121350910717,388.1830836548117,382.1538852231593,386.6214294433594,16579400,-0.0017609108829225,0.0447929173710608,0.0892180846774159,0.0069764502775604,0.0217043106444202,0.0155945790183771,19816180.0,0.836659739667282,387.3034362792969,0.0002806554282582,0.0073626483179833,neutral,0.0,0
2025-04-29,MSFT,386.7597585973815,390.51568553400665,385.8504501911824,389.4679870605469,14974000,0.0073626483179833,0.0174024700979622,0.0742051697686283,0.0160646512705497,0.0217733523266301,0.0119784821803569,19388460.0,0.772315078144422,386.6214294433594,0.0003577896709483,0.0030962020553535,neutral,0.0,0
2025-04-30,MSFT,385.7713871677669,392.0576085897077,379.97939447353656,390.6738586425781,36461100,0.0030962020553535,0.008702278491665,0.0557440675222238,0.0247064243058783,0.0216275830103037,0.0309163611769102,21314580.0,1.7106178024619767,389.4679870605469,-0.009491408833572,0.076253509229041,spike,0.0,0
2025-05-01,MSFT,426.1078502028247,431.9196298528696,419.9699127886788,420.464111328125,58938100,0.076253509229041,0.0875344181865211,0.0983732672905819,0.1447485748147083,0.0275104159332094,0.0284203020953324,25011610.0,2.356429674059367,390.6738586425781,0.090699673849088,0.0232251697081848,spike,0.0,0
2025-05-02,MSFT,426.7305277081965,434.3411969693003,425.00083289098967,430.2294616699219,30757400,0.0232251697081848,0.1046593711514425,0.1108330610309114,0.1835335250122904,0.0262408665902308,0.0217101916778463,25975330.0,1.1841004522367955,420.464111328125,0.014903570153176,0.0020447221434272,neutral,0.0,0
2025-05-05,MSFT,427.84743296236513,434.4005103334852,427.0962415401901,431.1091613769531,20136100,0.0020447221434272,0.1035014292352964,0.1150679412614175,0.2145521672659505,0.0228432890643314,0.0169429681567551,25908210.0,0.7772092321314363,430.2294616699219,-0.0055366471145675,-0.0065570695252957,neutral,0.0,0
2025-05-06,MSFT,427.1852423209488,432.6510771239263,426.1671945058241,428.2823486328125,15104200,-0.0065570695252957,0.018594303518538,0.0996599537364069,0.1812604072911789,0.0242965969181094,0.0151392711812672,25470130.0,0.5930162115387712,431.1091613769531,-0.009101915263112,9.227619069074322e-05,neutral,0.0,0
2025-05-07,MSFT,428.8061738000786,433.0365119798482,426.1078389868729,428.3218688964844,23295300,9.227619069074322e-05,-0.0044338961958422,0.0963668528647314,0.1574828007399511,0.0248228055325629,0.0161763232188591,25745110.0,0.9048436771099444,428.2823486328125,0.0012230837178751,0.0111226368520234,neutral,0.0,0
2025-05-08,MSFT,432.8487017029497,438.52212113478646,430.6050513161737,433.0859375,23491300,0.0111226368520234,0.0045853261775581,0.0300187954972097,0.1313451097809799,0.0238662260480733,0.0182805977592213,25871010.0,0.9080163472550936,428.3218688964844,0.0105687641355509,0.0012781016054841,neutral,0.0,0
2025-05-09,MSFT,434.8947187750956,435.6261229679929,430.8225275981773,433.6394653320313,15324200,0.0012781016054841,0.0125083761129078,0.0079260115029631,0.119637536650514,0.024138907502786,0.0110773943652419,25506110.0,0.6008050620027907,433.0859375,0.0041764950520833,0.0240009886345033,spike,0.0,0
2025-05-12,MSFT,440.76575596614896,444.1559504013246,434.6772268904453,444.0472412109375,22821900,0.0240009886345033,0.0367139141295014,0.0300111456519747,0.1485324076584613,0.0239264482576195,0.0213462051583304,26130360.0,0.873386359774607,433.6394653320313,0.0164336763690573,-0.0002669316740134,neutral,0.0,0
2025-05-13,MSFT,442.5844751269483,445.4409573721911,440.1925407492767,443.9287109375,23618800,-0.0002669316740134,0.025036078289889,0.0365328208240072,0.139833633793595,0.0242873371313659,0.0118226564166815,26994840.0,0.8749375806635639,444.0472412109375,-0.003294167710625,0.0084605011626039,neutral,0.0,0
2025-05-14,MSFT,442.940276452347,448.6334230518337,442.940276452347,447.6845703125,19902800,0.0084605011626039,0.0323888993122767,0.0452059603351588,0.1459291693281177,0.0240922182567525,0.0127168702631691,25339010.0,0.7854608368677387,443.9287109375,-0.0022265612941897,0.0022561427178473,neutral,0.0,0
2025-05-15,MSFT,446.3576953837484,451.7246558325709,446.0210270484144,448.6946105957031,21992300,0.0022561427178473,0.0104659345976163,0.0360405908947416,0.067141281519619,0.0101852318938053,0.0127116052866873,21644430.0,1.0160720333129585,447.6845703125,-0.0029638612021526,0.0025158430437688,neutral,0.0,0
2025-05-16,MSFT,447.6251846388841,449.9125712368337,444.33770477780746,449.8234558105469,23849800,0.0025158430437688,0.0132785844389253,0.0373213043838704,0.0455431249746856,0.0083641059400527,0.0123934543363923,20953670.0,1.138215882945565,448.6946105957031,-0.0023834160954133,0.0101261786528528,neutral,0.0,0
2025-05-19,MSFT,446.4666664897976,455.0914021356244,446.387432629396,454.3784484863281,21336500,0.0101261786528528,0.0149522199729947,0.0232660093714736,0.0539753946194356,0.0084905453214129,0.0191557709993154,21073710.0,1.0124700396845168,449.8234558105469,-0.0074624594991397,-0.0015254811364011,neutral,0.0,0
2025-05-20,MSFT,451.1305396548173,453.8536217989008,449.87298168888566,453.685302734375,15441800,-0.0015254811364011,0.0111226924077516,0.0219778346308594,0.0593135677495355,0.0078332680618935,0.0087740116023677,21107470.0,0.7315798624847033,454.3784484863281,-0.0071480257092531,-0.0122224942756666,neutral,0.0,0
2025-05-21,MSFT,450.1205602088895,453.2991314492815,447.3875661224604,448.14013671875,19216900,-0.0122224942756666,-0.0037421772254264,0.001017605779739,0.0462695679614137,0.0096000928023172,0.0131913320018715,20699630.0,0.928369251044584,453.685302734375,-0.0078573021960391,0.0050598393316125,neutral,0.0,0
2025-05-22,MSFT,450.4967994491365,455.7449090739042,449.4570590917957,450.40765380859375,18025600,0.0050598393316125,-0.0087389591010803,0.0038178377284636,0.0399960257508793,0.0093282029457437,0.0139603533131356,20153060.0,0.894434889788449,448.14013671875,0.0052587629120699,-0.0102889377420818,neutral,0.0,0
2025-05-23,MSFT,445.5754133172399,449.2490897820597,444.5158796844098,445.7734375,16883500,-0.0102889377420818,-0.0174391041250178,-0.0090035729756445,0.0279817063206595,0.0103590520310604,0.0106179724933697,20308990.0,0.831331346364344,450.40765380859375,-0.0107285931988344,0.0233463799532063,spike,0.0,0
2025-05-27,MSFT,452.0118507212909,456.43809825868186,451.6553587930952,456.1806335449219,20974300,0.0233463799532063,0.0179419252313435,0.0039662643873128,0.0273245529031911,0.0102112885824091,0.0104843106302443,20124230.0,1.0422411192875454,445.7734375,0.0139945826657536,-0.0072283972433468,neutral,0.0,0
2025-05-28,MSFT,456.7054113344306,457.9926743719098,452.45739496057166,452.8831787109375,17086300,-0.0072283972433468,0.005496187467977,-0.0017680185331176,0.0201709588787966,0.0106666657367679,0.0122223117826841,19470980.0,0.8775264521867928,456.1806335449219,0.0011503727929674,0.0028861712028969,neutral,0.0,0
2025-05-29,MSFT,457.0321797296883,457.2005290082406,450.8532686393741,454.1902770996094,13974800,0.0028861712028969,0.0188814292004766,0.0135005545924944,0.0145318986146163,0.0104376279165501,0.0139748926582029,18878180.0,0.7402620379718807,452.8831787109375,0.0091613051969832,0.0036625909172178,neutral,0.0,0
2025-05-30,MSFT,455.2200705832806,457.1608768265464,451.0809934148865,455.8537902832031,34770500,0.0036625909172178,-0.0007164777232625,0.012091571776273,0.0159555731636606,0.0104585156939065,0.0133373540842618,20156000.0,1.7250694582258386,454.1902770996094,0.0022673173240239,0.003497324872165,neutral,0.0,0
2025-06-02,MSFT,452.6653502978312,457.5866729937457,452.4177973951138,457.4480590820313,16626500,0.003497324872165,0.0100795979751049,0.0261895855605602,0.0169502127401193,0.010472315816988,0.0112993715811241,19433670.0,0.8555512160080931,455.8537902832031,-0.006994435613645,0.0021646924833107,neutral,0.0,0
2025-06-03,MSFT,456.9529759669727,459.5968543955761,456.3489311405408,458.4382934570313,15743800,0.0021646924833107,0.0093529442870268,0.0049490481315821,0.0089349417522501,0.0100576128175508,0.0070847555742847,18874400.0,0.8341351248251601,457.4480590820313,-0.0010822717579173,0.0019440017265222,neutral,0.0,0
2025-06-04,MSFT,459.4582306475514,461.1316908447896,458.4878122988585,459.3294982910156,14162700,0.0019440017265222,0.0076246114036984,0.0142339567533211,0.0124407723208639,0.0100230811112738,0.0057559520034483,18746490.0,0.7554854268719104,458.4382934570313,0.0022248080168627,0.0082133720063817,neutral,0.0,0
2025-06-05,MSFT,460.408765640122,465.0528603462912,459.48787612751937,463.1021423339844,20131700,0.0082133720063817,0.0123600551793774,0.0196214355165962,0.0333868903704657,0.008994224670712,0.0120167533467345,18837970.0,1.0686767204746583,459.3294982910156,0.0023496582586615,0.0057733376184709,neutral,0.0,0
2025-06-06,MSFT,465.4886174973397,468.7068055435685,464.1914425792919,465.7757873535156,15285600,0.0057733376184709,0.0160054122903938,0.0217657443720022,0.0341204982086134,0.0090123216530494,0.0096942844322853,18563970.0,0.8234014599247897,463.1021423339844,0.0051532371483486,0.0050384139836217,neutral,0.0,0
2025-06-09,MSFT,465.10242514198006,468.7958952647425,464.0329796350046,468.12255859375,16469900,0.0050384139836217,0.0191432519257959,0.0233348886278792,0.0501356052507053,0.0076222802700188,0.01017450567656,18522610.0,0.889178144980648,465.7757873535156,-0.0014456788648493,-0.003871001809714,neutral,0.0,0
2025-06-10,MSFT,466.5778015728124,468.1720277278758,462.38919566775553,466.3104553222656,15375900,-0.003871001809714,0.0069278733458491,0.0171716935028949,0.0222057251721234,0.0045594456859828,0.0124012489836277,17962770.0,0.8559871333875566,468.12255859375,-0.003299898696568,0.0036099986773614,neutral,0.0,0
2025-06-11,MSFT,465.4192790589967,470.81594475736864,465.0628173622344,467.9938354492188,16399200,0.0036099986773614,0.0047620510896582,0.0188630105195501,0.0333654625488442,0.0031317147077114,0.0122931691816237,17894060.0,0.9164605461253624,466.3104553222656,-0.0019111222000223,0.0132241320014798,neutral,0.0,0
2025-06-12,MSFT,470.37032681118086,475.7174938929388,468.88500933710617,474.1826477050781,18950600,0.0132241320014798,0.0129455182197002,0.0239266985793873,0.0440176102692841,0.0044229980997169,0.0144089721310978,18391640.0,1.0303920694402458,467.9938354492188,0.0050780398841811,-0.0081650702274299,neutral,0.0,0
2025-06-13,MSFT,471.746732054574,474.4896074244908,468.13246560456287,470.3109130859375,16814500,-0.0081650702274299,0.0085789578981392,0.009736714220784,0.031714385425539,0.0059409703172956,0.013516892002815,16596040.0,1.0131633811439356,474.1826477050781,-0.0051370830676603,0.0088007720125717,neutral,0.0,0
2025-06-16,MSFT,470.5584575569121,475.98482813726486,470.3505215770748,474.4500122070313,15626100,0.0088007720125717,0.0137954311975398,0.0135166603213678,0.037166958712467,0.0062068885102809,0.0118754482352747,16496000.0,0.9472660038797284,470.3109130859375,0.0005263421793688,-0.0022957811579995,neutral,0.0,0
2025-06-17,MSFT,470.7466055851971,474.0539088222925,469.4395189734987,473.36077880859375,15414100,-0.0022957811579995,-0.0017332327542182,0.0151193768140061,0.032550695621506,0.0064815406427848,0.0097481457175387,16463030.0,0.9362857262605973,474.4500122070313,-0.0078056834788702,0.0046020633242571,neutral,0.0,0
2025-06-18,MSFT,473.3211507460615,476.2917855833799,469.8157931767449,475.5392150878906,17526500,0.0046020633242571,0.0111166929290407,0.0161228184371897,0.0352899538505255,0.0064775711428812,0.0136182089744967,16799410.0,1.043280686643162,473.36077880859375,-8.371640470928951e-05,-0.0059136328139013,neutral,0.0,0
2025-06-20,MSFT,477.50979012623617,478.72773115460745,472.2022397987241,472.72705078125,37576200,-0.0059136328139013,-0.0036314920043241,-0.0030696967315713,0.0207835541393894,0.0068627547247136,0.0138039305030228,18543860.0,2.0263418727276847,475.5392150878906,0.0041438749441123,0.0180142179115732,spike,0.0,0
2025-06-23,MSFT,473.52910172023695,482.97572926336846,467.8849134818946,481.2428588867188,24864000,0.0180142179115732,0.016651316355283,0.0232440827899389,0.0332071180021729,0.0084927639318003,0.0313580045974793,19501700.0,1.27496577221473,472.72705078125,0.0016966470136655,0.008456649430294,neutral,0.0,0
2025-06-24,MSFT,484.163942246864,487.0355496553104,482.03496327099526,485.31256103515625,22305600,0.008456649430294,0.0205521345814967,0.0228950332988608,0.0367211580083757,0.0086378605417592,0.0103038470169595,20085270.0,1.1105451905799624,481.2428588867188,0.006069873674391,0.0044072958075982,neutral,0.0,0
2025-06-25,MSFT,487.2237477118272,489.7190701858364,484.5996928885684,487.4514770507813,17495100,0.0044072958075982,0.0311478394248796,0.0297673547809613,0.0453367954486569,0.0082241585871233,0.0105023321054264,20297190.0,0.8619469000388724,485.31256103515625,0.0039380531849297,0.0105227571103643,neutral,0.0,0
2025-06-26,MSFT,488.15456314430565,493.1650318097281,487.9862138630066,492.580810546875,21578900,0.0105227571103643,0.0235597296682694,0.0358363620039929,0.0525369635992225,0.0084313733550892,0.010513641286537,20815160.0,1.0366915267526169,487.4514770507813,0.0014423714495198,-0.0030355826767399,neutral,0.0,0
2025-06-27,MSFT,492.6797669341534,494.41263722515527,488.20402140418383,491.0855407714844,34539200,-0.0030355826767399,0.0118953849535947,0.0388352855202474,0.035646376239645,0.0082708705239395,0.0126426361713233,22374020.0,1.5437190098158489,492.580810546875,0.0002008937115689,0.0029641016086923,neutral,0.0,0
2025-06-30,MSFT,492.174794746513,495.8583832017286,490.4815111095117,492.5411682128906,28369000,0.0029641016086923,0.010441431407498,0.0234773547649282,0.0472671471327119,0.0072004389081408,0.0109165942650561,23529470.0,1.205679515943198,491.0855407714844,0.0022180534440444,-0.0107758010442521,neutral,0.0,0
2025-07-01,MSFT,491.61039147776194,493.1749126279045,486.17413905224953,487.233642578125,19945400,-0.0107758010442521,-0.0108554126637889,0.0039584418315303,0.0269441037879358,0.0084925365847647,0.0143684117102657,23961400.0,0.832397105344429,492.5411682128906,-0.0018897440360282,-0.0019510610013783,neutral,0.0,0
2025-07-02,MSFT,485.1937811955959,488.6694336459704,483.9164299655294,486.2830200195313,16319600,-0.0019510610013783,-0.0097793975860263,-0.0023970735268246,0.0272989267160275,0.008470700861792,0.0097741510288598,24051950.0,0.6785146318697652,487.233642578125,-0.0041866185014144,0.0157812703763562,spike,0.0,0
2025-07-03,MSFT,488.9764203666982,495.2345653483035,488.6100468852986,493.9571838378906,13984800,0.0157812703763562,0.0028749183142147,0.0027942081005705,0.0387307043575699,0.0094288483659871,0.0134111187766002,23697780.0,0.5901312274820679,486.2830200195313,0.0055387505553015,-0.002245151655546,neutral,0.0,0
2025-07-07,MSFT,492.51150669264047,493.8680919045582,490.38255755326566,492.8481750488281,13981600,-0.002245151655546,0.0115232857094897,0.0035892611999421,0.0425639367036962,0.0090714880533187,0.0070722273668705,21338320.0,0.655234338973265,493.9571838378906,-0.0029267256202606,-0.0022101409138984,neutral,0.0,0
2025-07-08,MSFT,492.37283752871576,493.3234624825612,489.27347018920887,491.7589111328125,11846600,-0.0022101409138984,0.0112607080400652,-0.0015882064902643,0.0218518613874518,0.0078212167819138,0.0082357273079663,20036580.0,0.5912486062990789,492.8481750488281,-0.0009644704884324,0.0138737501827608,neutral,0.0,0
2025-07-09,MSFT,495.4028504286207,501.8194324629264,494.84833435120834,498.5814514160156,18659500,0.0138737501827608,0.0093616769417055,0.023290281799601,0.0273409168568752,0.0084645140288559,0.0139818641305638,19671970.0,0.9485323533941948,491.7589111328125,0.0074100117218293,-0.0040316407933959,neutral,0.0,0
2025-07-10,MSFT,498.1259594248799,499.502368126141,492.8778497571002,496.57135009765625,16492100,-0.0040316407933959,0.007554405671603,0.0211570827163813,0.0187092941066724,0.0086965506566267,0.0133405166603711,19571670.0,0.8426516490417016,498.5814514160156,-0.0009135758858298,0.0036691423426633,neutral,0.0,0
2025-07-11,MSFT,493.5908084590741,500.08659454551145,492.9273533491097,498.3933410644531,16459500,0.0036691423426633,0.0134912246254117,0.008980853749499,0.0118001562243663,0.0081962275179435,0.0143646405489914,19059730.0,0.8635746676369498,496.57135009765625,-0.0060022424531661,-0.0005961539132733,neutral,0.0,0
2025-07-14,MSFT,496.61090454240406,499.0369350196072,496.1257105345073,498.0962219238281,12058800,-0.0005961539132733,-0.0009732201043769,0.0106484048043398,0.0142758859104874,0.0080916641922389,0.0058447030050854,16811690.0,0.71728660235824,498.3933410644531,-0.0035763650418005,0.0055664215132607,neutral,0.0,0
2025-07-15,MSFT,498.0962248562551,503.3245408608939,497.8684955298327,500.8688354492188,14927200,0.0055664215132607,0.0086543159421448,0.0185251840081976,0.0169075557004581,0.0081871292368481,0.0108931619316417,15467510.0,0.965068068486783,498.0962219238281,5.887270072085499e-09,-0.0003953701057793,neutral,0.0,0
2025-07-16,MSFT,500.2351113436526,501.7600457375481,496.9773367906475,500.6708068847656,15154400,-0.0003953701057793,0.0045696152670264,0.0041906000771108,0.0275784821334172,0.0070005078419103,0.0095526019914347,14988410.0,1.0110745569409965,500.8688354492188,-0.0012652496236821,0.0120248828765558,neutral,0.0,0
2025-07-17,MSFT,500.7302212088446,508.34495123446135,500.6708109272005,506.6913146972656,17503100,0.0120248828765558,0.017255888310576,0.0203796787664434,0.0419679360322198,0.0073451692008349,0.0151455927596587,15106760.0,1.1586269987740587,500.6708068847656,0.0001186694396038,-0.003224547274177,neutral,0.0,0
2025-07-18,MSFT,509.4440951702841,509.6025628871289,502.4631147852394,505.0574645996094,21209700,-0.003224547274177,0.0083627266340775,0.0133712130280938,0.0224721516862516,0.0063970439887037,0.0141359124501791,15829250.0,1.3399055545903944,506.6913146972656,0.0054328550602118,1.9577366944467656e-05,neutral,0.0,0
2025-07-21,MSFT,501.7501372202775,507.0775109565722,500.6014880788464,505.0673522949219,14066800,1.9577366944467656e-05,0.0087813096943121,0.0139955495831081,0.024792984664868,0.006259093023393,0.0128220975842134,15837770.0,0.8881805961319049,505.0574645996094,-0.0065484179744849,-0.0093911515779985,neutral,0.0,0
2025-07-22,MSFT,505.96840625923335,506.19616579872985,500.3241882324219,500.3241882324219,13868600,-0.0093911515779985,-0.0125660856623286,-0.0010874048817759,0.0174176347508954,0.0071972746213944,0.01173634556237,16039970.0,0.8646275522959207,505.0673522949219,0.0017840273385663,0.0011875234947458,neutral,0.0,0
2025-07-23,MSFT,501.78972599996087,501.8293429250601,495.79895793496456,500.9183349609375,16396600,0.0011875234947458,-0.008195363753218,0.0004943928680642,0.0046870647479662,0.0058069088759646,0.0120386589374209,15813680.0,1.0368617551385888,500.3241882324219,0.0029291763260867,0.0099038679690597,neutral,0.0,0
2025-07-24,MSFT,503.7900015885669,508.6420329312165,502.3343891638857,505.8793640136719,16107000,0.0099038679690597,0.001607729573215,-0.0016024562885568,0.0187445649334885,0.0062577624294976,0.0124686718139392,15775170.0,1.0210349555662477,500.9183349609375,0.0057328039866085,0.0055394167279225,neutral,0.0,0
2025-07-25,MSFT,507.4537274302719,513.2167663968169,505.3643953860848,508.681640625,19125700,0.0055394167279225,0.0167040742565414,0.0071757696488334,0.0206429314215423,0.0063446409350565,0.015436710082723,16041790.0,1.1922422622413085,505.8793640136719,0.0031121321180388,-0.0023554637255466,neutral,0.0,0
2025-07-28,MSFT,509.0480107678364,509.9589885432546,505.12675096242896,507.48345947265625,14308000,-0.0023554637255466,0.0131061773017966,0.0047837326383424,0.0188462331887826,0.0064500990018729,0.0095219607469511,16266710.0,0.8795878207701496,508.681640625,0.0007202346488979,0.0001365668547974,neutral,0.0,0
2025-07-29,MSFT,510.4838129736145,512.5533213636355,506.5526415108228,507.5527648925781,16469200,0.0001365668547974,0.0033079050025472,0.0144477857160851,0.0133446702415904,0.0063334836491627,0.0118227704937884,16420910.0,1.0029407627226503,507.48345947265625,0.0059122192949421,0.0013071589681477,neutral,0.0,0
2025-07-30,MSFT,510.1273182709773,510.8997123672712,504.4534248625209,508.2162170410156,26380400,0.0013071589681477,-0.0009149604523027,0.0145690057055851,0.0150706013861652,0.0063043320115927,0.0126841436550028,17543510.0,1.503712768995486,507.5527648925781,0.0050724841956955,0.039474927054687,spike,0.0,0
2025-07-31,MSFT,549.7952990186136,550.0131770504155,526.6937003723208,528.2780151367188,51617300,0.039474927054687,0.0409758294106192,0.0442766649845822,0.0426032572757846,0.0133868146343296,0.0441424326016285,20954930.0,2.4632532773910483,508.2162170410156,0.0818137646604109,-0.0176008777042802,crash,0.0,0
2025-08-01,MSFT,529.7632787074629,530.5554360086387,515.7616702567567,518.9798583984375,28977600,-0.0176008777042802,0.0225140996094816,0.0202449173529919,0.0275659598653101,0.0149594518075878,0.0285054718646216,21731720.0,1.333424137620032,528.2780151367188,0.0028115187991681,0.0219992647271551,spike,0.0,0
2025-08-04,MSFT,523.0991779644736,532.9814718412621,522.960533815094,530.3970336914062,25349000,0.0219992647271551,0.0436444487732678,0.0451513715196949,0.0501510962476421,0.0160750435838386,0.0188932769032008,22859940.0,1.1088830504367029,518.9798583984375,0.0079373399552503,-0.0147303373695703,neutral,0.0,0
2025-08-05,MSFT,531.9217934112224,532.0406139533223,522.0790889225318,522.5841064453125,19171600,-0.0147303373695703,-0.0107782427590379,0.02961532788796,0.0444909895152818,0.0166840189613842,0.0190620512716128,23390240.0,0.8196410126616914,530.3970336914062,0.0028747515973162,-0.0053244457089438,neutral,0.0,0
2025-08-06,MSFT,525.7033181364377,526.495475261871,518.9005698550214,519.8016357421875,21355700,-0.0053244457089438,0.0015834474699769,0.0227962396962175,0.0376973639480027,0.0169520086905238,0.0146111610364698,23886150.0,0.8940620401362296,522.5841064453125,0.0059688223439141,-0.0078103148854625,neutral,0.0,0
2025-08-07,MSFT,521.6434435727333,522.9208551796034,512.483986539974,515.7418212890625,16079100,-0.0078103148854625,-0.0276306454814572,-0.0237302963372645,0.0194956702664077,0.017171483584184,0.0202366149278784,23883360.0,0.6732344192776896,519.8016357421875,0.0035432897934536,0.0023039287737129,neutral,0.0,0
2025-08-08,MSFT,517.4845698020915,519.524403327164,514.3257923084495,516.9300537109375,15531000,0.0023039287737129,-0.0108194119657305,-0.0039496806173281,0.0162152757779954,0.0171291440601991,0.0100567010592529,23523890.0,0.6602224377005674,515.7418212890625,0.0033791103243734,-0.0005171569779235,neutral,0.0,0
2025-08-11,MSFT,517.1875004407061,522.4257584225397,514.6327376205326,516.6627197265625,20194400,-0.0005171569779235,-0.0060386805269344,-0.0258944019148391,0.0180878018437187,0.0170901272143007,0.0150833812939542,24112530.0,0.8375064748493833,516.9300537109375,0.0004980301066274,0.0143167125063881,neutral,0.0,0
2025-08-12,MSFT,518.6233787752558,525.7825900386109,517.5836685759962,524.0596313476562,18667000,0.0143167125063881,0.0161278564491897,0.0028235166055479,0.0325224638635783,0.0175085135946578,0.0156450162771184,24332310.0,0.7671692494465178,516.6627197265625,0.0037948529550011,-0.0163631309009708,crash,0.0,0
2025-08-13,MSFT,526.9014833945702,527.4857348349631,514.2861971986356,515.484375,19619200,-0.0163631309009708,-0.0027966621413463,-0.0083055928364349,0.0143013105746638,0.0185946709661041,0.0256060867729065,23656190.0,0.8293474139326747,524.0596313476562,0.0054227646567736,0.0036496696068624,neutral,0.0,0
2025-08-14,MSFT,517.4449565045493,520.8017882377586,515.0486614235291,517.36572265625,20269100,0.0036496696068624,0.0013606612260694,0.003148671098901,-0.0206563441366088,0.0131292748451934,0.0111200386154148,20521370.0,0.9877069610849568,515.484375,0.003803377172294,-0.0044211539641267,neutral,0.0,0
2025-08-15,MSFT,517.6529556536844,520.9503168823401,513.9990723038397,515.078369140625,25213300,-0.0044211539641267,-0.0171378630785494,-0.0035820795425215,-0.0075176120897108,0.0120032725000189,0.013495508635119,20144940.0,1.2515946932579596,517.36572265625,0.0005551836638108,-0.0059019718347244,neutral,0.0,0
2025-08-18,MSFT,516.4844919382945,517.7024328589179,508.9885829187347,512.0383911132812,23760600,-0.0059019718347244,-0.0066849434315419,-0.0089503818191655,-0.034613018949888,0.0090138036940927,0.0170179621126403,19986100.0,1.1888562550972923,515.078369140625,0.0027299201090806,-0.0141751270109545,neutral,0.0,0
2025-08-19,MSFT,509.9589996924715,510.1174069638556,503.5721224631474,504.7801818847656,21481000,-0.0141751270109545,-0.0243261975433314,-0.0367886559270214,-0.0340690127023792,0.0089381985416271,0.0129666035545793,20217040.0,1.0625195379739072,512.0383911132812,-0.0040610068637406,-0.0079447363484246,neutral,0.0,0
2025-08-20,MSFT,504.87920872605446,505.9981527246316,499.5023667236012,500.7698364257813,27723000,-0.0079447363484246,-0.0277793314029407,-0.0285450719514411,-0.0366135810427608,0.0090379431185069,0.0129715999817276,20853770.0,1.329399911862459,504.7801818847656,0.000196178148118,-0.0012874464645682,neutral,0.0,0
2025-08-21,MSFT,499.57962247206007,503.48747238505433,498.6175369804135,500.1251220703125,18443300,-0.0012874464645682,-0.0232663590264525,-0.0333238168493674,-0.0302800714894849,0.0089421121493084,0.00973743407346,21090190.0,0.8744966261565211,500.7698364257813,-0.0023767684615677,0.0059297905187301,neutral,0.0,0
2025-08-22,MSFT,500.135066677745,506.5621975190336,498.3100856343386,503.09075927734375,24324200,0.0059297905187301,-0.0033468481292467,-0.0232733707751731,-0.0267720832523553,0.009250789731844,0.0164028293752574,21969510.0,1.1071799052414004,500.1251220703125,1.988423895068655e-05,-0.0058554062600582,neutral,0.0,0
2025-08-25,MSFT,502.4956130920682,504.0428801746979,500.0060864475961,500.14495849609375,21638600,-0.0058554062600582,-0.0012478346023147,-0.0232276189121847,-0.0319701046733361,0.0092666717635193,0.0080712474624161,22113930.0,0.9785054036075904,503.09075927734375,-0.0011829797592196,-0.0044024712073831,neutral,0.0,0
2025-08-26,MSFT,500.2441292309945,500.8590951140394,494.4418926777319,497.9430847167969,30835700,-0.0044024712073831,-0.0043629828961258,-0.0135447020571215,-0.0498350666005295,0.0069299119049145,0.0128874215412736,23330800.0,1.3216734959795635,500.14495849609375,0.0001982839839052,0.0093618774353649,neutral,0.0,0
2025-08-27,MSFT,497.90345703690537,503.1502967625455,495.8205879159113,502.6047668457031,17277900,0.0093618774353649,-0.0009660134333191,0.0036642191411098,-0.0249854482093601,0.0070486416624449,0.0145834447465246,23096670.0,0.7480688774615561,497.9430847167969,-7.958274973142302e-05,0.0057228113332685,neutral,0.0,0
2025-08-28,MSFT,502.95187030654046,506.91922816363694,501.3748491905692,505.4810791015625,18015600,0.0057228113332685,0.0106691480436273,0.0107092341394059,-0.0229714552670199,0.0072765683246,0.0109685193022897,22871320.0,0.7876939328381571,502.6047668457031,0.0006906091699362,-0.0057884141639705,neutral,0.0,0
2025-08-29,MSFT,504.5090702372647,505.44140176386463,500.3730863144936,502.5551452636719,20961600,-0.0057884141639705,0.0092622243152509,-0.0010646468928215,-0.0243132397461134,0.0073335301006752,0.010085093142787,22446150.0,0.9338617090235964,505.4810791015625,-0.0019229381760943,-0.0030986061403617,neutral,0.0,0
2025-09-02,MSFT,496.38587753866574,501.87074834041937,492.75574161607386,500.9979248046875,18128000,-0.0030986061403617,-0.0031970290514752,0.0017054381816794,-0.0215617939986675,0.0072392109282193,0.0181937015565462,21882890.0,0.8284097758568453,502.5551452636719,-0.0122758025326143,0.0004553899382946,neutral,0.0,0
2025-09-03,MSFT,499.6788070917271,503.6461649084089,498.220801883355,501.22607421875,16345100,0.0004553899382946,-0.0084177332421132,0.0065931019080631,-0.0070409017500353,0.0058929821273649,0.0108241835453397,21369300.0,0.7648870108052206,500.9979248046875,-0.0026329803930318,0.0051845523330973,neutral,0.0,0
2025-09-04,MSFT,500.1846427841772,504.00323087503085,499.0440334241921,503.82470703125,15509500,0.0051845523330973,0.0025262138484565,0.0024272356054302,0.0061003486697055,0.0055498290732934,0.0098431009468758,20147950.0,0.7697805483932608,501.22607421875,-0.0020777678739001,-0.0255330198782167,crash,0.0,0
2025-09-05,MSFT,504.9157294675595,507.7920578951392,488.3519981058333,490.9605407714844,31994800,-0.0255330198782167,-0.0200347816552656,-0.028726175776721,-0.0183245769796376,0.0099937191045886,0.0395959719262941,21503100.0,1.4879156958764086,503.82470703125,0.002165480217789,0.0064647143999536,neutral,0.0,0
2025-09-08,MSFT,494.0451682561979,497.10997900607424,490.9903158559839,494.1344604492188,16771000,0.0064647143999536,-0.0141485332353963,-0.016755742914611,-0.0178025508578015,0.0100410243827251,0.0123846111532616,20747780.0,0.8083274451531682,490.9605407714844,0.0062828419568431,0.0004214479454349,neutral,0.0,0
2025-09-09,MSFT,497.33805669614713,498.1513723235736,493.6385148559322,494.34271240234375,14410500,0.0004214479454349,-0.0188200270780252,-0.013283912113884,-0.0116011288231255,0.0099515834894302,0.009129005757383,20024970.0,0.7196265462569982,494.1344604492188,0.0064832479888488,0.0039324949986485,neutral,0.0,0
2025-09-10,MSFT,498.8754294126598,499.1233892811019,492.66650462093776,496.2867126464844,21611800,0.0039324949986485,0.0108484723978643,-0.0098545583047818,-0.0033264285038812,0.0099951742893854,0.0130103919682481,19102580.0,1.1313550316240004,494.34271240234375,0.0091691793903232,0.0012790915541402,neutral,0.0,0
2025-09-11,MSFT,498.15138006137016,499.0638857033828,493.8170463660224,496.9215087890625,18881600,0.0012790915541402,0.0056402630517005,-0.0137015873692738,-0.0113076087445572,0.0094395111175286,0.0105586883331863,19262950.0,0.9802029284195828,496.2867126464844,0.0037572382402549,0.0177441380413243,spike,0.0,0
2025-09-12,MSFT,502.5154742767582,508.367321245748,499.73833579713096,505.7389526367188,23624900,0.0177441380413243,0.0230533189798491,0.0301010175726381,0.0005101546740673,0.0110350029126318,0.0170621333469153,19823880.0,1.1917394576641909,496.9215087890625,0.0112572416141283,0.0107079665562275,neutral,0.0,0
2025-09-15,MSFT,504.6380259393042,511.2634762434591,502.862624765238,511.1543884277344,17143800,0.0107079665562275,0.029957835667143,0.0344439203107647,0.0171110439224551,0.0112860790350766,0.0164350569385921,19442100.0,0.8817874612310399,505.7389526367188,-0.0021768675156912,-0.0122632266131773,neutral,0.0,0
2025-09-16,MSFT,512.6620043570016,513.0091239663263,504.4495745277025,504.885986328125,19711900,-0.0122632266131773,0.0160276369571341,0.0213278635676541,0.0077606339885605,0.0120690115234314,0.0169534304187658,19600490.0,1.0056840415724302,511.1543884277344,0.0029494336024474,0.001925096699102,neutral,0.0,0
2025-09-17,MSFT,506.4530503919847,507.1175961354426,501.8013209933917,505.8579406738281,15816600,0.001925096699102,0.0002352756031327,0.0192856826174219,0.0092410724288389,0.0120727643647438,0.0105094231296821,19547640.0,0.8091309232214221,504.885986328125,0.0031037978995147,-0.0030781940561728,neutral,0.0,0
2025-09-18,MSFT,507.3159820894167,508.88310546808697,503.51725007824297,504.3008117675781,18913700,-0.0030781940561728,-0.0134080364275795,0.0148500373761202,0.0009449809223003,0.0120362077327057,0.0106401878891224,19888060.0,0.9510077906040106,505.8579406738281,0.0028823139825509,0.0186448607434259,spike,0.0,0
2025-09-19,MSFT,506.3935778296786,515.0622454615835,506.1456179521661,513.7034301757812,52474100,0.0186448607434259,0.0174642277393808,0.0157481987447059,0.0463232531244959,0.0093702748617092,0.0173575393615072,21935990.0,2.3921464223862245,504.3008117675781,0.0041498367903975,-0.0067189313584229,neutral,0.0,0
2025-09-22,MSFT,511.3826037577857,513.5150225661836,508.3574445613838,510.25189208984375,20009300,-0.0067189313584229,0.0086861370806252,-0.0017656042055447,0.0326175017746637,0.0099827313662288,0.0101079056927664,22259820.0,0.8988976550574084,513.7034301757812,-0.0045178332120565,-0.0101468701969756,neutral,0.0,0
2025-09-23,MSFT,509.6071158201621,510.3907077578639,503.170087241692,505.0744323730469,19799600,-0.0101468701969756,0.0015340459254016,0.0003732447523299,0.0217090688331389,0.0108392346865543,0.014296151326145,22798730.0,0.8684518830654163,510.25189208984375,-0.0012636430744839,0.001806555647793,neutral,0.0,0
2025-09-24,MSFT,506.2150114062045,508.29784998729696,502.7832554652563,505.9868774414063,13533700,0.001806555647793,-0.0150214156283411,0.0002548873057255,0.0195454855988288,0.0108223719479018,0.0108986907919944,21990920.0,0.6154221833374866,505.0744323730469,0.0022582394990748,-0.0061157968267893,neutral,0.0,0
2025-09-25,MSFT,504.1519897302721,505.84805701475193,500.9186136455738,502.8923645019531,15786500,-0.0061157968267893,-0.0144233224844069,-0.0027928713037133,0.01201569182916,0.0111247693881636,0.0098021837616485,21681410.0,0.728112239932735,505.9868774414063,-0.0036263543442323,0.0087371168382217,neutral,0.0,0
2025-09-26,MSFT,505.8976246789574,509.7459665668784,502.4856945681329,507.28619384765625,16213100,0.0087371168382217,0.0043790802559884,-0.0124921033249264,0.003059367293879,0.0099428490025816,0.0143119842148234,20940230.0,0.7742560611798438,502.8923645019531,0.0059759510963754,0.0061392354118938,neutral,0.0,0
2025-09-29,MSFT,507.3258652143003,512.6321819161793,504.7272507672145,510.4005432128906,17617800,0.0061392354118938,0.0087228858459782,0.0002913289011787,-0.001474789675899,0.0095095353419356,0.0154877012849643,20987630.0,0.8394373257009009,507.28619384765625,7.820312700239365e-05,0.0065100310586581,neutral,0.0,0
2025-09-30,MSFT,509.0516808953517,513.9315141469417,505.5009089039439,513.7232666015625,19728200,0.0065100310586581,0.0215372172340215,0.0171238805098088,0.0175035166606787,0.008658006398103,0.0164107911614921,20989260.0,0.9399187965654816,510.4005432128906,-0.0026427525116804,0.0033979490169828,neutral,0.0,0
2025-10-01,MSFT,510.5989067561486,516.2623314762835,507.5143007767599,515.4688720703125,22632300,0.0033979490169828,0.0161302994678258,0.0187396058112281,0.0189992696045893,0.008673446017664,0.0169710164347816,21670830.0,1.0443670131693157,513.7232666015625,-0.0060817954890042,-0.0076389133925731,neutral,0.0,0
2025-10-02,MSFT,513.4157691025699,517.3434144406598,506.51254498360566,511.53125,21222900,-0.0076389133925731,0.0022153322564897,0.0171783986153826,0.0143375502551326,0.00907589558725,0.021173426759468,21901750.0,0.9690047598936158,515.4688720703125,-0.0039829814737339,0.0031217306723074,neutral,0.0,0
2025-10-03,MSFT,512.8801529316524,516.2425031799986,510.7973143114264,513.1281127929688,15112300,0.0031217306723074,-0.0011585105197412,0.0115160219540035,-0.0011199407070644,0.0068697354367546,0.0106117531525097,18165570.0,0.8319199452590808,511.53125,0.0026369902750857,0.0216875254472683,spike,0.0,0
2025-10-06,MSFT,514.377848960065,526.6965386672223,513.9712214168786,524.256591796875,21388600,0.0216875254472683,0.0170480124071659,0.027147401718585,0.0274466394424761,0.0092760709638082,0.0242730705716603,18303500.0,1.168552462643757,513.1281127929688,0.0024355246495731,-0.0086839390785408,neutral,0.0,0
2025-10-07,MSFT,523.9788048028778,525.4764919541412,517.1847292577561,519.7039794921875,14615200,-0.0086839390785408,0.0159769896603334,0.0116418960935704,0.0289651310409932,0.0090590748743226,0.015954780074009,17785060.0,0.821768383126062,524.256591796875,-0.0005298683857175,0.0016605146550194,neutral,0.0,0
2025-10-08,MSFT,519.0098207695767,522.6498549115006,518.8213688365025,520.5669555664062,13363400,0.0016605146550194,0.0144970477897765,0.0098901869197609,0.0288151309352648,0.0090611440540332,0.0073544546653608,17768030.0,0.7521036378259154,519.7039794921875,-0.001335680983796,-0.0046680905980547,neutral,0.0,0
2025-10-09,MSFT,518.0773939158137,520.0511445409561,513.1777050939771,518.1369018554688,18343600,-0.0046680905980547,-0.0116730815351909,0.0129134864301423,0.0303137180629362,0.0089117540073855,0.0132656821437826,18023740.0,1.0177465942140755,520.5669555664062,-0.0047824043074032,-0.0218988226743415,crash,0.0,0
2025-10-10,MSFT,515.3995037763443,519.3073539147757,505.4711804745103,506.7903137207031,24133800,-0.0218988226743415,-0.0248481179307161,-0.0123512996350342,-0.0009775155187883,0.0115929454043013,0.027301574370442,18815810.0,1.282634125238297,518.1369018554688,-0.005283155994722,0.0060474494783822,neutral,0.0,0
2025-10-13,MSFT,512.1958293204747,512.1958293204747,507.50444767633473,509.8551025390625,14284200,0.0060474494783822,-0.020577281966906,-0.0274703064933371,-0.0010686522204593,0.0115875469383042,0.0092014017723408,18482450.0,0.7728520840040146,506.7903137207031,0.0106661778124484,-0.0009338638596242,neutral,0.0,0
2025-10-14,MSFT,506.0662273255252,511.0750344503804,501.8707357721012,509.37896728515625,14684300,-0.0009338638596242,-0.0169027423813088,-0.0198671024553631,-0.0084564971042583,0.0113563491853118,0.018069648080162,17978060.0,0.8167900207252617,509.8551025390625,-0.0074312784057055,-0.0002724767888478,neutral,0.0,0
2025-10-15,MSFT,510.7577169104775,512.9694997370561,505.8381709448021,509.24017333984375,14694700,-0.0002724767888478,0.0048340695408215,-0.0217585501834981,-0.0120835593921549,0.0112648691934466,0.0140038613715083,17184300.0,0.8551235720977869,509.37896728515625,0.002706726649256,-0.0035449015873761,neutral,0.0,0
2025-10-16,MSFT,508.3970827878481,512.6321960787722,503.9833851231019,507.4349670410156,15559600,-0.0035449015873761,-0.0047467123227651,-0.0206546470172825,-0.0080078840911173,0.0110759677630687,0.0170441761357197,16617970.0,0.936311715570554,509.24017333984375,-0.0016555853134411,0.0038506391981683,neutral,0.0,0
2025-10-17,MSFT,504.88595648751925,511.27337462741934,503.1700633614309,509.388916015625,19867800,0.0038506391981683,1.953109788144225e-05,0.0051275689857679,-0.0072870627902088,0.0111066236684859,0.0159079065350921,17093520.0,1.1623000996868988,507.4349670410156,-0.0050233246012987,0.0062501887170451,neutral,0.0,0
2025-10-20,MSFT,510.4104901121901,514.4671401409408,509.2401268135401,512.5726928710938,14665600,0.0062501887170451,0.0065441017926644,0.0053301228496052,-0.0222866037520577,0.0083947069463631,0.0101976039693462,16421220.0,0.8930883332663468,509.388916015625,0.0020054894491142,0.0016834978746702,neutral,0.0,0
2025-10-21,MSFT,513.2769402267872,514.4572316509175,508.8533142722573,513.4356079101562,15586200,0.0016834978746702,0.0118254382509976,0.0079638950281373,-0.0120614269456935,0.0081440671499346,0.0109145475933581,16518320.0,0.9435705325965352,512.5726928710938,0.0013739463016431,0.0055635143017898,neutral,0.0,0
2025-10-22,MSFT,516.8971823641815,520.943843958813,513.4852520447155,516.2921142578125,18962700,0.0055635143017898,0.0135519207920411,0.0138479666121364,-0.0082118952478312,0.0083854091490078,0.0144464571666361,17078250.0,1.110342101796144,513.4356079101562,0.0067419836113723,3.8420935035476944e-05,neutral,0.0,0
2025-10-23,MSFT,518.1964698863214,519.6743010066873,514.3778516149157,516.3119506835938,14023500,3.8420935035476944e-05,0.0072950780728391,0.0174938351102251,-0.0035221408962375,0.0082750553714462,0.0102582351323829,16646240.0,0.8424424975249666,516.2921142578125,0.0036885235623761,0.0058590265927673,neutral,0.0,0
2025-10-24,MSFT,518.5237205252405,521.0628270774097,516.4607380708425,519.3370361328125,15532400,0.0058590265927673,0.0114939987249362,0.0195295182215593,0.024757226159267,0.0035255358498426,0.0088614689236033,15786100.0,0.9839288994748544,516.3119506835938,0.0042837858754157,0.0151066810924853,spike,0.0,0
2025-10-27,MSFT,527.440383046071,530.2175212473691,524.6929685473742,527.1824951171875,18734700,0.0151066810924853,0.0210934479892845,0.0285028883693732,0.0339849351155556,0.0052792298546826,0.0104793932863168,16231150.0,1.154243537888566,519.3370361328125,0.0156032525113156,0.0198486620561519,spike,0.0,0
2025-10-28,MSFT,545.5116410650497,549.2012543795508,536.356983260493,537.6463623046875,29986700,0.0198486620561519,0.0413207782482027,0.0471544123966716,0.0554938402152493,0.0071575660228136,0.0238898131180488,17761390.0,1.68830817858287,527.1824951171875,0.0347681232165871,-0.0009592682225202,neutral,0.0,0
2025-10-29,MSFT,540.4929653309738,541.8121286840217,532.3499420595073,537.130615234375,36023000,-0.0009592682225202,0.0342621031499321,0.0403618424552514,0.0547687385141124,0.0072214613509467,0.0176161744576514,19894220.0,1.810726934757935,537.6463623046875,0.0052945639101582,-0.029156915158355,crash,0.0,0
2025-10-30,MSFT,526.1509968235328,530.6043464776645,517.8592331602406,521.4695434570312,41023100,-0.029156915158355,-0.0108367628156665,0.0099892957476752,0.0276578819505775,0.0129801655704017,0.0244407626051014,22440570.0,1.8280774507955904,537.130615234375,-0.0204412448284135,-0.0151210995350171,crash,0.0,0
2025-10-31,MSFT,524.5640198650095,525.0004316167937,510.896444053691,513.5843505859375,34006400,-0.0151210995350171,-0.0447543467337995,-0.011076979199696,0.0082362109547429,0.0141450893938186,0.0274618717392998,23854430.0,1.4255800704523227,521.4695434570312,0.0059341460048917,-0.0015063165468069,neutral,0.0,0
2025-11-03,MSFT,515.5680119038287,520.676008789008,510.3906395365282,512.8107299804688,22374700,-0.0015063165468069,-0.0452774140295361,-0.0272614612014461,0.0004643967825161,0.0140320123420635,0.0200568526576492,24625340.0,0.9086047136811106,513.5843505859375,0.0038623866082136,-0.0052220982157469,neutral,0.0,0
2025-11-04,MSFT,507.5837474278435,511.34279700787874,503.6957236126803,510.1327819824219,20958700,-0.0052220982157469,-0.0217400260798615,-0.0511741215997915,-0.0064327948370739,0.0141170378968139,0.0149903587169623,25162590.0,0.8329309502718122,512.8107299804688,-0.0101928104211554,-0.0139404503377624,neutral,0.0,0
2025-11-05,MSFT,509.1111797792272,510.6287232020861,502.4460174356622,503.0213012695313,23024300,-0.0139404503377624,-0.0205673114929515,-0.0635028296608269,-0.0257040784118084,0.0145193847420491,0.0162671158175057,25568750.0,0.9004859447567832,510.1327819824219,-0.0020026201790534,-0.0198359497863315,crash,0.0,0
2025-11-06,MSFT,501.5335392553728,501.5732213085109,491.7639146320967,493.04339599609375,27406500,-0.0198359497863315,-0.0385470366135433,-0.0545116159085516,-0.0450668528138706,0.0154621157955405,0.0198954225045372,26907050.0,1.018562049723028,503.0213012695313,-0.0029576521121544,-0.0005632566285092,neutral,0.0,0
2025-11-07,MSFT,492.89463000746537,495.304792622274,489.2248119110569,492.76568603515625,24019800,-0.0005632566285092,-0.0340442656513378,-0.0405360181380715,-0.0511639807080137,0.0151138273639674,0.0123384823325204,27755790.0,0.8653978142938825,493.04339599609375,-0.0003017300096431,0.0184775498722793,spike,0.0,0
2025-11-10,MSFT,495.9594336108676,502.7138582055711,494.729532044403,501.8707885742188,26101500,0.0184775498722793,-0.002287204721567,-0.0213332927075582,-0.0480131771775581,0.0156437441819922,0.0159091270959424,28492470.0,0.9160841443370829,492.76568603515625,0.0064812702390229,0.0052964670396444,neutral,0.0,0
2025-11-11,MSFT,500.6805884003941,505.441436360325,498.2505996850444,504.5289306640625,17980000,0.0052964670396444,0.0232951800211511,-0.0109850837199332,-0.061597053309657,0.0136455396062141,0.0142525754981304,27291800.0,0.6588059417114298,501.8707885742188,-0.0023715270960599,0.0048360177987423,neutral,0.0,0
2025-11-12,MSFT,505.203338237195,507.494515261433,495.0469117437556,506.9688415527344,26574900,0.0048360177987423,0.0288233452939026,0.0078476602745056,-0.0561535180199692,0.0140134558199772,0.0245529951693937,26346990.0,1.0086503240028557,504.5289306640625,0.0013367074356763,-0.0153578466147635,crash,0.0,0
2025-11-13,MSFT,506.1455939798088,509.3095642884979,497.1992129195551,499.1828918457031,25273100,-0.0153578466147635,-0.0053557544884248,0.0124522423370174,-0.04273816542301,0.011975297494298,0.0242603493965214,24771990.0,1.020228895619609,506.9688415527344,-0.0016238622681507,0.0136899137842758,neutral,0.0,0
2025-11-14,MSFT,494.1641988801248,507.4250879884235,493.38063720960855,506.01666259765625,28505700,0.0136899137842758,0.0029487544582142,0.0268910294243878,-0.0147350439701822,0.0125336878836118,0.0277549176082803,24221920.0,1.1768555093898418,499.1828918457031,-0.0100538160412949,-0.0052726125093585,neutral,0.0,0
2025-11-17,MSFT,504.3008205535495,507.94085467406336,500.7897001462128,503.3486328125,19092800,-0.0052726125093585,-0.0071408900183026,0.002944670763723,-0.0184514414671649,0.0125932628628715,0.0142071599318606,23893730.0,0.7990715555921993,506.01666259765625,-0.0033908805202153,-0.0269956555607077,crash,0.0,0
2025-11-18,MSFT,491.32749949419616,498.8754133867433,482.8076023204449,489.7604064941406,33815100,-0.0269956555607077,-0.0188758178725303,-0.02927190746125,-0.0399354368270793,0.014920094954377,0.0328074929153967,25179370.0,1.342968469822716,503.3486328125,-0.0238823203931931,-0.0135077682487967,neutral,0.0,0
2025-11-19,MSFT,486.1005289347495,491.1489881906385,478.8898366362472,483.1448364257813,23245300,-0.0135077682487967,-0.04519974906451,-0.0469930362070879,-0.0395141613160029,0.0148885510276239,0.0253736574007129,25201470.0,0.9223787342563748,489.7604064941406,-0.0074727918199629,-0.0160013239268833,crash,0.0,0
2025-11-20,MSFT,489.6038543571072,490.45844852333465,472.50235794747454,475.4138793945313,26802500,-0.0160013239268833,-0.0554978231725415,-0.0476158394837754,-0.0357565211190905,0.014476864595129,0.0377693865369019,25141070.0,1.0660842995146984,483.1448364257813,0.0133686990822639,-0.0131889347545012,neutral,0.0,0
2025-11-21,MSFT,475.48346109105705,475.9008266883901,465.3179416954901,469.1436767578125,31769200,-0.0131889347545012,-0.0420955419485808,-0.0728691139350131,-0.047937609997581,0.0147366526893376,0.0225578762268243,25916010.0,1.2258522820449598,475.4138793945313,0.0001463602548044,0.0039820072985579,neutral,0.0,0
2025-11-24,MSFT,472.0055061050608,473.8935220644432,465.0694984877541,471.0118103027344,34421000,0.0039820072985579,-0.0251126064242037,-0.0642433899722366,-0.0614878948407272,0.0127746167699852,0.0187341875164819,26747960.0,1.286864493591287,469.1436767578125,0.0061001127991877,0.0063079742505482,neutral,0.0,0
2025-11-25,MSFT,471.08136597664605,476.1293271988992,461.9592459889855,473.9829406738281,28019800,0.0063079742505482,-0.0030098799860988,-0.0322146617225606,-0.0605435845869724,0.0128797903564515,0.029895762049514,27751940.0,1.0096519378465072,471.0118103027344,0.0001476728871553,0.0178410637548673,spike,0.0,0
2025-11-26,MSFT,483.244191691805,485.2315832491155,478.16642081896737,482.4393005371094,25709100,0.0178410637548673,0.028340196059299,-0.0014602989320787,-0.0483847112585783,0.0146476688701976,0.0146446660176364,27665360.0,0.9292884675999156,473.9829406738281,0.0195392074761399,0.0134089286122065,neutral,0.0,0
2025-11-28,MSFT,484.5260924315005,489.5243812398697,483.5820692635899,488.9082946777344,14386700,0.0134089286122065,0.0379958293689013,0.0283845631524031,-0.020582831134254,0.0151702451385576,0.0121542465958706,26576720.0,0.5413271464650266,482.4393005371094,0.0043255014507894,-0.010711182333537,neutral,0.0,0
2025-12-01,MSFT,485.3608038657598,486.77183499200703,481.5946880995925,483.6715087890625,23964000,-0.010711182333537,0.0204407527862939,0.0309667011429204,-0.0441589288658678,0.0143088293726992,0.0107038491999999,26122550.0,0.9173683273646716,488.9082946777344,-0.0072559431913768,0.0066976054183534,neutral,0.0,0
2025-12-02,MSFT,483.6516286444489,490.38888506208144,483.2541563831954,486.9109497070313,19562700,0.0066976054183534,0.0092688327110654,0.0337552882040856,-0.0326566559118713,0.0147236746358236,0.0146530462771045,26169540.0,0.7475370220492985,483.6715087890625,-4.110257530643678e-05,-0.0250408364774695,crash,0.0,0
2025-12-03,MSFT,473.3171775583083,481.1872310931236,472.2042431453193,474.7182922363281,34615100,-0.0250408364774695,-0.0290238529308642,0.0015514304406285,-0.0307132100887629,0.0143819004242403,0.0189227760857639,26249540.0,1.318693584725675,486.9109497070313,-0.0279183948459204,0.0065099515163991,neutral,0.0,0
2025-12-04,MSFT,476.7355071807625,478.2856702042714,473.4861025034468,477.8086853027344,22318200,0.0065099515163991,-0.0121214985373161,-0.0095983375094435,-0.0110446199995074,0.0141513926708705,0.010044957005718,26156830.0,0.8532455958921628,474.7182922363281,0.0042492884252081,0.0048248576420457,neutral,0.0,0
2025-12-05,MSFT,479.47806435073966,480.3525214663768,475.8610275749173,480.1140441894531,22608700,0.0048248576420457,-0.0139592373547314,-0.0179875256444115,0.0098864694503824,0.013202207978744,0.0093550562534412,25737450.0,0.8784358978842115,477.8086853027344,0.003493823154235,0.0162679803566874,spike,0.0,0
2025-12-08,MSFT,481.8331998835391,489.1964595164875,481.32640529111774,487.9245300292969,21965900,0.0162679803566874,0.027819104527774,0.0087932019210359,0.0400321995199344,0.0129528161010676,0.0161296547744734,24757120.0,0.887255868210842,480.1140441894531,0.0035807236111752,0.0020365503272985,neutral,0.0,0
2025-12-09,MSFT,486.01663804004494,489.0175885389743,485.4204144751398,488.918212890625,14696100,0.0020365503272985,0.0232509954917452,0.0041224441241287,0.0380168866177297,0.0129678650318977,0.0073574147352109,22784630.0,0.6450005990880695,487.9245300292969,-0.0039102194536876,-0.0273566257816678,crash,0.0,0
2025-12-10,MSFT,480.97857754952304,481.19719183884354,472.084987996716,475.5430603027344,35756200,-0.0273566257816678,-0.0095206210733445,0.0017373842126893,0.0032915100840724,0.0162123638165666,0.0191616797779083,23558270.0,1.5177769844729685,488.918212890625,-0.0162391891563223,0.0102599727452328,neutral,0.0,0
2025-12-11,MSFT,473.6252433732215,482.96597801292137,472.8600781839672,480.422119140625,24669200,0.0102599727452328,-0.0153761707537463,0.0054696239693399,-0.004181212837011,0.0154688681078338,0.0210354590813419,23454280.0,1.0517995009866004,475.5430603027344,-0.0040328985734582,-0.0102177726598465,neutral,0.0,0
2025-12-12,MSFT,476.7951512874317,479.4085762318817,473.3370788032073,475.5132751464844,21248100,-0.0102177726598465,-0.0274175463108374,-0.0095826587425409,-0.0273978160670793,0.0149357608107716,0.0127683026868261,24140420.0,0.8801876686486814,480.422119140625,-0.0075495438463183,-0.00775291707492,neutral,0.0,0
2025-12-15,MSFT,477.0733729131614,477.6894594742654,469.5411415575728,471.82666015625,23727700,-0.00775291707492,-0.0078150654624599,-0.0329925406129515,-0.0244894487634131,0.0147874207488201,0.0172697276453055,24116790.0,0.983866426667894,475.5132751464844,0.003280871109637,0.0033064878335011,neutral,0.0,0
2025-12-16,MSFT,468.93498123657525,474.8772929441189,467.9114757916915,473.3867492675781,20705600,0.0033064878335011,-0.0146441422922651,-0.0317669974518241,-0.0277755109996818,0.014593807961337,0.0147148545311098,24231080.0,0.8545058660200041,471.82666015625,-0.0061286891222236,-0.0005667893055522,neutral,0.0,0
2025-12-17,MSFT,473.903466892556,476.9739832708393,472.0055042784347,473.1184387207031,24527200,-0.0005667893055522,-0.0050363187548096,-0.0050986372937241,-0.0033701113729751,0.0123069423595786,0.0105015543377239,23222290.0,1.0561921326449717,473.3867492675781,0.0010915337739752,0.0165085213355096,spike,0.0,0
2025-12-18,MSFT,475.1754171439269,486.5134903409317,474.8773205213831,480.9289245605469,28573500,0.0165085213355096,0.0192915432147953,0.0010549169152087,0.0065303108833938,0.0132860744981085,0.0241951964735355,23847820.0,1.1981598318001394,473.1184387207031,0.0043477029320306,0.0040084195275624,neutral,0.0,0
2025-12-19,MSFT,484.2875835443981,484.7745151206103,479.44828972039977,482.856689453125,70836100,0.0040084195275624,0.0200046583479549,0.0154431320647745,0.0057124870577409,0.0132606065501878,0.0110306546777739,28670560.0,2.470691189847704,480.9289245605469,0.0069836909620693,-0.0020579882201314,neutral,0.0,0
2025-12-22,MSFT,483.05539282771,485.6489546100234,479.6470235443271,481.8629760742188,16963000,-0.0020579882201314,0.0184827659162061,0.0212711929305673,-0.0124231383790318,0.0120756795434887,0.0124556800661353,28170270.0,0.6021596527118839,482.856689453125,0.0004115162509399,0.0039800664813727,neutral,0.0,0
2025-12-23,MSFT,481.9226163967179,484.7546252629152,481.6841087754749,483.7808227539063,14683600,0.0039800664813727,0.0059299785222222,0.0219568323414414,-0.0105076677474234,0.0121486770469965,0.006346916502315,28169020.0,0.521267690533785,481.8629760742188,0.0001237702945866,0.0024031495288132,neutral,0.0,0
2025-12-24,MSFT,482.61817584356095,486.0762481946253,481.77352833631136,484.94342041015625,5855900,0.0024031495288132,0.0043216362175588,0.024993702890607,0.0197676317712165,0.0078598527630429,0.0088726224075269,25178990.0,0.2325708854882582,483.7808227539063,-0.0024032513395777,-0.0006351543356442,neutral,0.0,0
2025-12-26,MSFT,483.64171061957336,485.04282544173617,482.8964387136479,484.6354064941406,8842200,-0.0006351543356442,0.0057535659670495,0.0077069224667254,0.0087699695448084,0.0073224260651231,0.0044288689999256,23596290.0,0.3747284001001852,484.94342041015625,-0.0026842508544232,-0.0012507766584408,neutral,0.0,0
2025-12-29,MSFT,481.8033366009864,485.2713556042012,481.1276307272214,484.02923583984375,10893400,-0.0012507766584408,0.000513482705915,0.0024283527852679,0.0179089862228052,0.006285650156741,0.00856089791723,22560820.0,0.4828459249264876,484.6354064941406,-0.0058437123148748,0.0007801688074968,neutral,0.0,0
2025-12-30,MSFT,482.8666136001516,486.5929730105466,482.43933166580535,484.4068603515625,13944500,0.0007801688074968,-0.001106438475111,0.0052792690114291,0.0266627582916709,0.0053560173963678,0.0085746955394617,21582500.0,0.6461021661067995,484.02923583984375,-0.0024019669755585,-0.0079183299687193,neutral,0.0,0
2025-12-31,MSFT,484.7645645601486,485.0626915008753,480.25317705215497,480.5711669921875,15601600,-0.0079183299687193,-0.0083861794815073,-0.0066345245837732,0.0151766346137172,0.0062962742626801,0.0100079130398568,21072100.0,0.7403913231239412,484.4068603515625,0.0007384375364264,-0.0220834532476436,crash,0.0,0
2026-01-02,MSFT,481.3363251826272,481.6046121327098,467.1960229709088,469.95849609375,25571600,-0.0220834532476436,-0.0290700203711444,-0.0309003559708723,-0.0066789673966153,0.0097950098693293,0.0306592800886967,21176540.0,1.2075438197174797,480.5711669921875,0.001592184972787,-0.0001902646821995,neutral,0.0,0
2026-01-05,MSFT,471.071443053882,473.0687813775576,466.5401924921144,469.86907958984375,25250300,-0.0001902646821995,-0.0300115088196063,-0.0304689395500767,-0.0229968388381072,0.0077615512943039,0.0138944850151496,20844220.0,1.211381380545782,469.95849609375,0.0023681813806595,0.0119699259645105,neutral,0.0,0
2026-01-06,MSFT,470.81304872472026,475.7219083069673,466.7885929433101,475.4933776855469,23037700,0.0119699259645105,-0.0105661547246407,-0.0176350053307962,-0.0152494765598415,0.0088167398509749,0.0187874653631137,16064380.0,1.4340858470728406,469.86907958984375,0.0020090045842142,0.0103655312279398,neutral,0.0,0
2026-01-07,MSFT,476.7355161407656,486.6128550141313,474.936929133209,480.422119140625,25564200,0.0103655312279398,0.0222649938959453,-0.00822602142349,-0.0029901797920491,0.0095723317228621,0.0243034727497728,16924500.0,1.5104848001418063,475.4933776855469,0.0026123149417238,-0.0110865053468095,neutral,0.0,0
2026-01-08,MSFT,478.206189665966,479.6172511411785,472.86010104573086,475.0959167480469,18162600,-0.0110865053468095,0.0111240287672593,-0.0113932142005299,-0.0179521502246015,0.0100070173946803,0.014222707157113,17272400.0,1.051538871262824,480.422119140625,-0.004612463469881,0.0024471441088909,neutral,0.0,0
2026-01-09,MSFT,471.07145138115897,476.7951491709672,469.2231916595613,476.258544921875,18491000,0.0024471441088909,0.0016092069253468,0.0134055430011168,-0.0179090490204728,0.0100090627290439,0.0158988381250944,18535910.0,0.997577135409052,475.0959167480469,-0.0084708481488005,-0.0043816368534234,neutral,0.0,0
2026-01-12,MSFT,473.6649886945649,477.95773148860775,472.68120923483104,474.1717529296875,23519900,-0.0043816368534234,-0.0130101549489812,0.0091571748956105,-0.02159077406281,0.0100323633801941,0.0111278713275844,20003680.0,1.1757786567271622,476.258544921875,-0.0054456896468609,-0.0136425948308817,neutral,0.0,0
2026-01-13,MSFT,471.68751939768345,472.7805908527595,463.0125743921385,467.7028198242188,28545800,-0.0136425948308817,-0.0155612722888308,-0.016384156387726,-0.0337302270332841,0.0106569042638692,0.0208850920853805,21768920.0,1.3113098858372396,474.1717529296875,-0.0052391006352764,-0.0239870502370987,crash,0.0,0
2026-01-14,MSFT,463.5193621312373,465.24841354789686,454.2879494306214,456.4840087890625,28184300,-0.0239870502370987,-0.0415205907456344,-0.0498272444124404,-0.0576433858559202,0.0123307457225378,0.0240106201011309,23192900.0,1.2152124141439835,467.7028198242188,-0.0089446920473,-0.0059210855305644,neutral,0.0,0
2026-01-15,MSFT,461.1940901109254,461.32327541703046,453.0259094171898,453.7811279296875,23225800,-0.0059210855305644,-0.043002614293272,-0.0448641801938766,-0.0557462471795264,0.0123096920531165,0.0182849516851796,23955320.0,0.9695466393268802,456.4840087890625,0.0103181737611303,0.0070074313191432,neutral,0.0,0
2026-01-16,MSFT,454.9437666153887,460.2699922453042,453.6023014516422,456.9609680175781,34246700,0.0070074313191432,-0.0229672590186176,-0.0405191195203907,-0.0276567573183719,0.0113985331010751,0.014591379265035,24822830.0,1.3796452701001458,453.7811279296875,0.0025621133496793,-0.0116122958812374,neutral,0.0,0
2026-01-20,MSFT,448.37541805572727,453.9202272514996,446.4476457864541,451.6546020507813,26130000,-0.0116122958812374,-0.0105795748488373,-0.0474873307821125,-0.0387650056797994,0.0116831577389868,0.016544902744521,24910800.0,1.0489426272941855,456.9609680175781,-0.0187883661029022,-0.0229033221895027,crash,0.0,0
2026-01-21,MSFT,449.74670883889326,449.8361378186282,435.9144504613163,441.3102111816406,37980500,-0.0229033221895027,-0.0274822287232253,-0.0564302961707555,-0.0718898897610141,0.0116296123635983,0.0315462615742236,26405080.0,1.4383785241324776,451.6546020507813,-0.004224230647103,0.0158294949820734,spike,0.0,0
2026-01-22,MSFT,444.79810039972057,449.9851935867555,441.8965257028684,448.2959289550781,25349400,0.0158294949820734,-0.0189623177228709,-0.0179372763915768,-0.0668707557491605,0.0126400100299173,0.0180431437393168,26383600.0,0.9608014069346108,441.3102111816406,0.0079034863225595,0.0328279677252747,spike,0.0,0
2026-01-23,MSFT,449.0213193023424,468.1301005814363,447.6897705604439,463.0125732421875,38000200,0.0328279677252747,0.0251474714080941,0.0203433874709977,-0.0254334821241316,0.0176360795024143,0.0441463821983527,28367360.0,1.3395747789008212,448.2959289550781,0.0016181060331176,0.0092928445275097,neutral,0.0,0
2026-01-26,MSFT,462.3766075757791,471.2602507862521,459.0874767807031,467.3152770996094,29291200,0.0092928445275097,0.0589269526493354,0.022659066762203,-0.018778178192546,0.0179761666494627,0.0260483117117403,29447380.0,0.994696302353554,463.0125732421875,-0.0013735386535081,0.0219018013925043,spike,0.0,0
2026-01-27,MSFT,470.7137217228436,479.82589540353166,470.1771174893794,477.5503234863281,29213900,0.0219018013925043,0.0652568819873924,0.0573352320954216,0.0071252041813245,0.0194125735944047,0.020204735374718,30016780.0,0.973252294216768,467.3152770996094,0.0072722737513027,0.0021848283357837,neutral,0.0,0
2026-01-28,MSFT,480.1637149068934,480.6903724414303,474.9865685400099,478.59368896484375,36875400,0.0021848283357837,0.0336516039155296,0.084483605496854,0.0232858744463377,0.0187302481412203,0.011917841862389,30849740.0,1.1953228779237686,477.5503234863281,0.0054724942943947,-0.099931401497128,crash,0.0,0
2026-01-29,MSFT,437.2162272399066,439.7104135269112,418.365815756604,430.7671508789063,128855300,-0.099931401497128,-0.0782087126437185,-0.0391009084490889,-0.0563368210386526,0.0370667731630221,0.0495501983536982,40916840.0,3.1491996938179976,478.59368896484375,-0.08645634633092,-0.0074049026529789,neutral,0.0,0
2026-01-30,MSFT,436.4013853645445,436.8286672682951,423.7615739365565,427.5773620605469,58566800,-0.0074049026529789,-0.1046443881787296,-0.0765318551362654,-0.0577453848481791,0.037073250621334,0.0305607697955913,44450940.0,1.317560438541907,430.7671508789063,0.0130795360652327,-0.0160821734291017,crash,0.0,0
2026-02-02,MSFT,427.5276741085398,428.02452201181774,419.58805431821895,420.7009887695313,42219900,-0.0160821734291017,-0.1209641947442501,-0.0997491214483495,-0.0793502766885158,0.0369416827488134,0.0200533583680747,45248260.0,0.9330723435553102,427.5773620605469,-0.000116208098033,-0.0287219279926126,crash,0.0,0
2026-02-03,MSFT,419.3495781995532,419.3893041977899,405.9843574339844,408.6176452636719,61424100,-0.0287219279926126,-0.0514187434442068,-0.1443464171889096,-0.0952873204251566,0.0375400624622409,0.0328055993645491,48777670.0,1.2592667915462137,420.7009887695313,-0.0032122828470898,0.0072469769969685,neutral,0.0,0
2026-02-04,MSFT,408.4089957411405,417.15350712085007,406.6600813351222,411.5788879394531,45012400,0.0072469769969685,-0.0374165602313348,-0.140024414384439,-0.0673705762723678,0.0375369382149597,0.0254955394778936,49480860.0,0.9096931621641176,408.6176452636719,-0.0005106228890256,-0.0495424464118763,crash,0.0,0
2026-02-05,MSFT,404.8714440282319,405.7260079125925,389.8467674620769,391.1882629394531,66289200,-0.0495424464118763,-0.0701513108309946,-0.0918800049137898,-0.1273883217024429,0.0389243103281999,0.0405923233258491,53574840.0,1.2373196074873951,411.5788879394531,-0.0162968609609731,0.0189752167519072,spike,0.0,0
2026-02-06,MSFT,396.6535630940219,399.25704122003975,390.4429643868461,398.6111450195313,53515300,0.0189752167519072,-0.0244886640607103,-0.0677449734509419,-0.1390921800928498,0.0373331065700923,0.0221119678747612,55126350.0,0.9707753188810796,391.1882629394531,0.0139710228356586,0.031061524197864,spike,0.0,0
2026-02-09,MSFT,402.2977759502542,412.2744908996196,398.3428555009064,410.99261474609375,45480500,0.031061524197864,-0.001424449140952,-0.0230766608175385,-0.1205239056233771,0.0394313825333643,0.0338975322155605,56745280.0,0.8014851631712805,398.6111450195313,0.0092486900499038,-0.0007980007434245,neutral,0.0,0
2026-02-10,MSFT,416.9746165751398,421.009018998737,410.0982587889407,410.6646423339844,44857900,-0.0007980007434245,0.049787739663206,0.0050095660185982,-0.1400599640767673,0.0378839032765814,0.0265685405682499,58309680.0,0.7693045134186982,410.99261474609375,0.0145550105145847,-0.021535508925358,crash,0.0,0
2026-02-11,MSFT,413.5563153661985,413.8345489802859,398.4819668946231,401.8207702636719,42491000,-0.021535508925358,0.0080520208334449,-0.0237089849886001,-0.160413562634361,0.037477386290923,0.0382075373445442,58871240.0,0.7217615936066575,410.6646423339844,0.0070414463143928,-0.0062566155659096,neutral,0.0,0
2026-02-12,MSFT,402.4468146669985,403.6392618034954,395.50089045865866,399.3067321777344,40802400,-0.0062566155659096,-0.0284333152204663,0.0207533558836292,-0.073033467470726,0.0234285746031096,0.0203812525284805,50065950.0,0.8149730505463294,401.8207702636719,0.0015580190215548,-0.0012940518933762,neutral,0.0,0
2026-02-13,MSFT,401.90028127287496,402.98340606348665,395.5406038478973,398.7900085449219,34091600,-0.0012940518933762,-0.0289156468927391,0.0004487168199518,-0.0673266549400447,0.023505270902593,0.0186634621131712,47618430.0,0.7159328856495268,399.3067321777344,0.0064951298992529,-0.0111133294983888,neutral,0.0,0
2026-02-17,MSFT,396.7032617740463,397.9950542597942,392.04282577248057,394.3581237792969,32078800,-0.0111133294983888,-0.0185720774948444,-0.0404739413068856,-0.0626165987089362,0.0233366915132728,0.0150934597980915,46604320.0,0.6883224559439983,398.7900085449219,-0.0052326957199593,0.0069041744571236,neutral,0.0,0
2026-02-18,MSFT,395.6201070500213,400.02217209191446,393.8215201082963,397.0808410644531,23223400,0.0069041744571236,-0.0055743891447602,-0.0330776012084426,-0.0282337396168349,0.0222081445879496,0.015615590938601,42784250.0,0.5428025500037982,394.3581237792969,0.0032000945197485,-0.0005768723083999,neutral,0.0,0
2026-02-19,MSFT,399.0727866126233,402.7976819572589,395.0690225854118,396.8517761230469,28234000,-0.0005768723083999,-0.0048602833078669,-0.012366195349644,-0.0357819903983334,0.0219577197469383,0.0194749270051162,41106410.0,0.6868515153719335,397.0808410644531,0.0050164735796126,-0.0030868870817751,neutral,0.0,0
2026-02-20,MSFT,394.5112344348997,398.5050592846536,393.5650869938953,395.6267395019531,34015200,-0.0030868870817751,0.0032169128671639,-0.009215954501221,0.0113461393988372,0.0148924600119008,0.0124864469398027,37879010.0,0.897996014151373,396.8517761230469,-0.0058977729947754,-0.0321224397262643,crash,0.0,0
2026-02-23,MSFT,393.405742102137,393.7642745182822,381.55377772275136,382.9182434082031,43238300,-0.0321224397262643,-0.0356667866882833,-0.0397998064059592,-0.0393689484285725,0.0167738413460671,0.0318879996075665,36851310.0,1.1733178549147911,395.6267395019531,-0.0056138707980458,0.0117823799468657,neutral,0.0,0
2026-02-24,MSFT,382.5895619940176,387.7884640317496,380.1693467763097,387.429931640625,33884700,0.0117823799468657,-0.0237414698617868,-0.0175682754352215,-0.0573311593932788,0.0129932368788245,0.0196657940783658,35691730.0,0.9493711848655136,382.9182434082031,-0.0008583592446786,0.0298200815041529,spike,0.0,0
2026-02-25,MSFT,388.9537605304631,399.84960746436826,388.5852587696308,398.9831237792969,43625500,0.0298200815041529,0.0084837144263025,0.0047906685946981,-0.0284453964390418,0.0172241312394623,0.02823264449894,35568490.0,1.226521002156684,387.429931640625,0.0039331728536957,0.0027958037549529,neutral,0.0,0
2026-02-26,MSFT,403.0765245044552,405.8453028142193,397.1306190557743,400.0986022949219,34405900,0.0027958037549529,0.0448669113641679,0.0081814580839076,-0.0042859107746469,0.0159464162930468,0.0217813401707942,34759980.0,0.989813572965232,398.9831237792969,0.0102595836294636,-0.0223538798991427,crash,0.0,0
2026-02-27,MSFT,389.3023679559341,395.2183958601928,388.30640407164015,391.1548461914063,51367200,-0.0223538798991427,0.0096144212064557,-0.0113033141192033,-0.0204150977917888,0.017362469730311,0.0176707302896877,35816460.0,1.4341785871635555,400.0986022949219,-0.0269839341528857,0.0147934496973711,neutral,0.0,0
2026-03-02,MSFT,391.2743390590049,399.5707348557469,389.0533591512552,396.9413757324219,35474900,0.0147934496973711,-0.0051173794709282,0.036621739929141,-0.0046356046362474,0.018154613339295,0.0264960428604485,35954790.0,0.9866529605651988,391.1548461914063,0.0003054873760661,0.0134989880429539,neutral,0.0,0
2026-03-03,MSFT,391.5532542396072,405.05852201627056,391.0851500003899,402.2996826171875,38199200,0.0134989880429539,0.0055013446926344,0.0383804909279841,0.0201379364568006,0.0181964361909811,0.0347337386024666,36566830.0,1.0446407304105934,396.9413757324219,-0.0135740989028233,0.0031441550485353,neutral,0.0,0
2026-03-04,MSFT,399.6504140582061,409.3710312257941,398.6942972465369,403.5645751953125,35808000,0.0031441550485353,0.0317258730774707,0.0114828200566947,0.0163284990368168,0.0181258900580869,0.0264560732915916,37825290.0,0.9466682211821772,402.2996826171875,-0.0065853110838826,0.0135241187162375,neutral,0.0,0
2026-03-05,MSFT,402.78771732924594,409.9486695143622,402.7677785996419,409.0224304199219,39001300,0.0135241187162375,0.0304353625650852,0.0223040722307299,0.0306680101466936,0.0184683315743759,0.0175562276801008,38902020.0,1.002552052566936,403.5645751953125,-0.0019249902340674,-0.0041881400272641,neutral,0.0,0
2026-03-06,MSFT,407.5484392107424,411.3828759024364,406.8612216895844,407.3093872070313,31123900,-0.0041881400272641,0.0124526685113268,0.0412996059563581,0.0295294694180308,0.0185130790000875,0.0111012767072655,38612890.0,0.8060494824396723,409.0224304199219,-0.0036036928528985,0.0011003457480245,neutral,0.0,0
2026-03-09,MSFT,403.2857003455267,408.5543272911556,401.8714182880504,407.757568359375,30131900,0.0011003457480245,0.0103898940139461,0.0272488414869713,0.0648684814024187,0.0139029958993991,0.0163894174423152,37302250.0,0.8077770107701278,407.3093872070313,-0.0098786990623896,-0.0089152334336222,neutral,0.0,0
2026-03-10,MSFT,408.3750692869274,408.5443965203919,401.30371964643086,404.122314453125,31706400,-0.0089152334336222,-0.0119800666231585,0.0045305326220499,0.0430849076162336,0.0145374786444336,0.0179170429719017,37084420.0,0.854978991177427,407.757568359375,0.001514382504381,-0.0021688108090147,neutral,0.0,0
2026-03-11,MSFT,403.9330670994013,407.35918518479474,399.96912002302975,403.245849609375,25512100,-0.0021688108090147,-0.0099765380452447,-0.0007897759256576,0.0106839752761975,0.0115069646578089,0.0183264506477221,35273080.0,0.7232739528274821,404.122314453125,-0.0004682922643848,-0.0074590799148753,neutral,0.0,0
2026-03-12,MSFT,402.9968458288957,404.4808221962511,400.0886180975,400.2380065917969,27263900,-0.0074590799148753,-0.018441256155792,-0.02147663104712,0.0003484248534622,0.0117946848404856,0.0109739805476063,34558880.0,0.7889115619487669,403.245849609375,-0.0006174986815624,-0.0157019455357945,crash,0.0,0
2026-03-13,MSFT,399.3815063856616,403.1661568819284,392.6587503554791,393.9534912109375,26848000,-0.0157019455357945,-0.0251627363263727,-0.0327905430505217,0.0071548263987548,0.0105048311441006,0.0266716928796632,32106960.0,0.8362049848381784,400.2380065917969,-0.0021399771936421,0.0111238084732376,neutral,0.0,0
2026-03-16,MSFT,396.4633374914087,399.013002518604,393.1965772756644,398.3357543945313,27733700,0.0111238084732376,-0.0121764308785821,-0.0231064110048346,0.003512807551333,0.0100128135871281,0.0146018156260678,31332840.0,0.8851320212275683,393.9534912109375,0.006370920264614,-0.0013501456330838,neutral,0.0,0
2026-03-17,MSFT,398.6544574759768,402.7677932271478,396.1446394015159,397.7979431152344,26228300,-0.0013501456330838,-0.0060965311549013,-0.015649646435508,-0.0111900150471577,0.0088920291912804,0.0166495426642095,30135750.0,0.870338385472404,398.3357543945313,0.0008000865549464,-0.0190781879277266,crash,0.0,0
2026-03-18,MSFT,395.5271224277118,396.3936061005556,389.42185925959103,390.2086791992188,25908500,-0.0190781879277266,-0.0095057210946598,-0.0323305755602576,-0.0330948175756751,0.0103704577981541,0.0178667139215659,29145800.0,0.8889273926260387,397.7979431152344,-0.0057084777003604,-0.0070701133192111,neutral,0.0,0
2026-03-19,MSFT,388.5255176358589,390.9058555160312,385.4977789148814,387.4498596191406,25138800,-0.0070701133192111,-0.0273284400290333,-0.0319513558483687,-0.0527417794144781,0.0085388104550756,0.0139581328186978,27759550.0,0.905591048846253,390.2086791992188,-0.0043134908398605,-0.0183795518526094,crash,0.0,0
2026-03-20,MSFT,385.2288602760525,385.43800417098345,378.58576812261686,380.3287048339844,50853200,-0.0183795518526094,-0.0439148532152905,-0.0345847585588673,-0.0662412485949726,0.009450998133468,0.0180166155256612,29732480.0,1.710358503562434,387.4498596191406,-0.0057323529430913,0.0029592514762757,neutral,0.0,0
2026-03-23,MSFT,382.3505545919761,385.64719283721575,380.1395134056624,381.4541931152344,29680100,0.0029592514762757,-0.0224353955989659,-0.0423802309811651,-0.0645073869504693,0.0096398287390548,0.0144386391104358,29687300.0,0.999757472050338,380.3287048339844,0.0053160587993858,-0.026788610832233,crash,0.0,0
2026-03-24,MSFT,380.8167328036651,380.9263046350485,370.3491731415433,371.2355651855469,42733600,-0.026788610832233,-0.0418487554738882,-0.0667735426726248,-0.08137820677406,0.0115780808487656,0.0284916976858578,30790020.0,1.387904262485052,381.4541931152344,-0.0016711320076555,-0.0045607570856762,neutral,0.0,0
2026-03-25,MSFT,375.3987224826456,375.5381416220395,368.13813722010167,369.5424499511719,31181200,-0.0045607570856762,-0.0283603492077222,-0.0529619927738611,-0.0835802766249216,0.0114593434330729,0.0200247749694673,31356930.0,0.9943958161720552,371.2355651855469,0.0112143277409801,-0.0136643585805695,neutral,0.0,0
2026-03-26,MSFT,369.32332012922615,373.2075730440749,363.7160388213271,364.4928894042969,36836600,-0.0136643585805695,-0.0444648506087167,-0.0592514609178339,-0.0893096522538812,0.011556458097804,0.0260403824015884,32314200.0,1.1399508575177475,369.5424499511719,-0.0005929760490971,-0.0251386023245889,crash,0.0,0
2026-03-27,MSFT,360.4393475355788,360.9871459448897,355.07111764854045,355.3300476074219,37883400,-0.0251386023245889,-0.0428448108687411,-0.0657290835764672,-0.0980406176495468,0.0124893755793804,0.0166493893105415,33417740.0,1.1336314185220189,364.4928894042969,-0.0111210451192694,0.0061383841823583,neutral,0.0,0
2026-03-30,MSFT,360.43933630538186,363.8853629556265,354.8420239421825,357.5111999511719,44797000,0.0061383841823583,-0.0325571527752487,-0.0627676758997626,-0.102487798278145,0.0116125681162353,0.0252952607210042,35124070.0,1.2753931990227785,355.3300476074219,0.0143789942121778,0.0312291318588671,spike,0.0,0
2026-03-31,MSFT,363.07862179545566,371.3949263066763,361.6046146993887,368.6759643554688,45244400,0.0312291318588671,0.0114764240202558,-0.0068948157722947,-0.0732079671697284,0.0175680216554625,0.0265553292154625,37025680.0,1.2219735059558663,357.5111999511719,0.0155727200855362,-0.0021612025851986,neutral,0.0,0
2026-04-01,MSFT,371.98254731341393,372.4805292634522,366.7139201659809,367.8791809082031,29417200,-0.0021612025851986,0.0353168367980123,-0.0045008876333112,-0.0572245044288609,0.0171313899384646,0.0156752798112547,37376550.0,0.7870496340619988,368.6759643554688,0.0089688053402824,0.0110728916979443,neutral,0.0,0
2026-04-02,MSFT,365.7278929006101,372.1319638369453,362.680245817395,371.9526672363281,24099100,0.0110728916979443,0.0403944471869095,0.020466182054259,-0.0399979300497,0.0179179616283841,0.0254110774087955,37272580.0,0.6465637742275957,367.8791809082031,-0.0058478112359662,-0.0015529844779497,neutral,0.0,0
2026-04-06,MSFT,371.9825539180967,372.22160592655575,368.0086676124431,371.3750305175781,16146600,-0.0015529844779497,0.0073209713218704,0.0451551536893473,-0.0235419367578751,0.0171852822276217,0.0113441614753721,33801920.0,0.4776829245202639,371.9526672363281,8.035076610859281e-05,-0.0015822710696997,neutral,0.0,0
2026-04-07,MSFT,368.8452727581139,370.9467724245638,365.080530373921,370.7874145507813,21443300,-0.0015822710696997,0.0079054042563606,0.037135101225983,-0.0279634586720369,0.0170921764094317,0.0158210387419699,32978240.0,0.6502257245990083,371.3750305175781,-0.006811868196789,0.0054794410056588,neutral,0.0,0
2026-04-08,MSFT,383.4261612830284,383.44606961738685,369.9109249891301,372.8191223144531,33064800,0.0054794410056588,0.0023294767169246,0.0112379388936501,0.0042656396030233,0.0149512388646755,0.0363048562107836,32011360.0,1.0329083175472706,370.7874145507813,0.0340862344196857,-0.0033659293136836,neutral,0.0,0
2026-04-09,MSFT,370.9965328148009,371.9924966612836,365.5685176937085,371.5642395019531,30435300,-0.0033659293136836,0.0005094822452422,0.0100170348989374,0.0054710617171271,0.0149107911159189,0.0172890130013207,31936770.0,0.9529861661025834,372.8191223144531,-0.0048886695734318,-0.0058970464830896,neutral,0.0,0
2026-04-10,MSFT,371.4746074371751,374.1238749235223,368.5365019241105,369.37310791015625,28111100,-0.0058970464830896,-0.0038143329172554,-0.0069351816867948,0.0133890636764828,0.0142711276110159,0.0151266372125033,31064220.0,0.9049350023918192,371.5642395019531,-0.0002412289861321,0.0364009340017175,spike,0.0,0
2026-04-13,MSFT,372.1020528926679,382.9879612673769,369.5225100750242,382.8186340332031,35745800,0.0364009340017175,0.026821348799582,0.0308141435886959,0.0773607146675965,0.014803573954993,0.0351744925540505,30850460.0,1.1586796436746811,369.37310791015625,0.0073880445654301,0.0227384749335568,spike,0.0,0
2026-04-14,MSFT,386.3543213772784,393.0969858972055,384.95994763093,391.5233459472656,37504500,0.0227384749335568,0.0537164353385186,0.0559240432192296,0.0951358894511249,0.0155370000824149,0.0207830218823566,30121210.0,1.2451193029762084,382.8186340332031,0.0092359332324679,0.0460685843034265,spike,0.0,0
2026-04-15,MSFT,396.3936283702306,412.69755239260473,395.1287651714373,409.5602722167969,45063400,0.0460685843034265,0.1087982948569592,0.0985495316717004,0.110894964180275,0.0183287920259967,0.0428967075494753,30103110.0,1.4969682534462383,391.5233459472656,0.0124393154926218,0.0219833566198981,spike,0.0,0
2026-04-16,MSFT,418.16537187855886,419.1215190686066,410.4765600541581,418.5637817382813,41642400,0.0219833566198981,0.0933735835387206,0.1264910269603087,0.1377751268907101,0.0180312663483455,0.0206538630230887,31325630.0,1.329339585508735,409.5602722167969,0.0210105819472816,0.0060201240961135,neutral,0.0,0
2026-04-17,MSFT,423.10539315661504,429.8380884820792,418.99205736838906,421.0835876464844,48568200,0.0060201240961135,0.0755005850997203,0.1399952477019681,0.1320891735370724,0.0181657511107866,0.0257574301917361,33772540.0,1.43809734180491,418.5637817382813,0.0108504644130282,-0.0111639550670393,neutral,0.0,0
2026-04-20,MSFT,419.4501847919345,421.6213787702164,414.6197538627068,416.3826293945313,27582200,-0.0111639550670393,0.0166577611173259,0.0876759707533387,0.1211917742941064,0.0192229455793651,0.0168153626333807,34916100.0,0.7899564957140116,421.0835876464844,-0.003879046589489,0.0145668881017961,neutral,0.0,0
2026-04-21,MSFT,418.5438369146158,425.4558284373716,415.516128706763,422.4480285644531,32048500,0.0145668881017961,0.0092799401086274,0.0789855392719103,0.1393267732030765,0.0186560789394294,0.0235288107850456,35976620.0,0.8908146457338126,416.3826293945313,0.005190436313895,0.0206526479477346,spike,0.0,0
2026-04-22,MSFT,424.4698510786937,431.9495495900464,421.9600330275293,431.1726989746094,29378200,0.0206526479477346,0.0239598778582537,0.0527698319976996,0.1565198058991677,0.0185676972866064,0.0231682492566751,35607960.0,0.825045860532308,422.4480285644531,0.0047859674505075,-0.0396609248416711,crash,0.0,0
2026-04-23,MSFT,418.195296097549,421.9500690544079,409.7495112929088,414.0719909667969,38308000,-0.0396609248416711,-0.005549315136163,-0.0107314368023677,0.1144021596960498,0.0249602411178768,0.0294648226097413,36395230.0,1.0525555134560216,431.1726989746094,-0.0300979234258628,0.0213349325498213,spike,0.0,0
2026-04-24,MSFT,415.2870711617039,423.2348740747397,414.12178001797366,422.90618896484375,27457400,0.0213349325498213,0.0010845367226532,0.0043283599072245,0.1449295574265479,0.024369737533114,0.0215487365627643,36329860.0,0.7557805067236703,414.0719909667969,0.0029344660383089,0.0004709986224353,neutral,0.0,0
2026-04-27,MSFT,420.6752229306716,425.38611256831246,415.3866572294081,423.1053771972656,30867300,0.0004709986224353,-0.0187101868845801,0.0161456010124869,0.1052371530079914,0.0233082805153497,0.0236334867808646,35842010.0,0.8612044916007779,422.90618896484375,-0.0052753213180277,0.0104279208272575,neutral,0.0,0
2026-04-28,MSFT,422.8563830057505,428.1847957314844,420.197146128082,427.5174865722656,30438100,0.0104279208272575,0.0324713960344806,0.0120001933138127,0.0919335743259817,0.0228999189533432,0.0186837962288876,35135370.0,0.8663093629012587,423.1053771972656,-0.0005884921462461,-0.011158983083103,neutral,0.0,0
2026-04-29,MSFT,422.8663369761165,425.0973167681131,418.59367375245296,422.746826171875,38288300,-0.011158983083103,-0.0003768277625797,-0.0195417586103486,0.0321968580685432,0.0195291241823187,0.0153842503669465,34457860.0,1.1111630263748242,427.5174865722656,-0.0108794370809038,-0.0392969736730403,crash,0.0,0
2026-04-30,MSFT,409.15192465494977,412.7473701155562,396.4035989759817,406.1341552734375,70909400,-0.0392969736730403,-0.0401110995947365,-0.0191701826410081,-0.029695895839874,0.0224305938777897,0.0402422966090372,37384560.0,1.896756307951732,422.746826171875,-0.0321584945770781,0.0163323315452634,spike,0.0,0
2026-05-01,MSFT,411.1338775963461,415.4264794885345,408.7834174283456,412.7672729492188,31372400,0.0163323315452634,-0.0345020124002658,-0.023974385526119,-0.019749795388006,0.0231070067596822,0.0160939650392441,35664980.0,0.8796415980045411,406.1341552734375,0.0123105192163472,-0.0019786244678409,neutral,0.0,0
2026-05-04,MSFT,409.87897009526375,419.0816663151199,409.1419361803058,411.9505615234375,28066500,-0.0019786244678409,-0.0255383694922125,-0.0263641548299854,-0.0106442189424149,0.022872563796404,0.0241284539048955,35713410.0,0.7858812698087357,412.7672729492188,-0.0069974124482257,-0.0054155941018739,neutral,0.0,0
2026-05-05,MSFT,413.6437044066962,415.09780308537887,407.1500007946646,409.7196044921875,25700900,-0.0054155941018739,0.0088282385812541,-0.0416307698259955,-0.0301301537978976,0.0222420572852751,0.019398149865357,35078650.0,0.73266502559249,411.9505615234375,0.0041100632973949,0.0062715575480205,neutral,0.0,0
2026-05-06,MSFT,406.3532485673598,416.73120520087787,403.4748984673602,412.2891845703125,30285900,0.0062715575480205,-0.0011582516595619,-0.0247373627763458,-0.0437957098146626,0.020984455269355,0.0321529334982031,35169420.0,0.8611430043486643,409.7196044921875,-0.0082162432256567,0.0164509087119275,spike,0.0,0
2026-05-07,MSFT,418.41437649189606,426.25263786097554,417.06984955189336,419.07171630859375,34942400,0.0164509087119275,0.0172864305824016,0.0318553878494798,0.012074531605297,0.0177163201676862,0.0219122120432489,34832860.0,1.003144731727455,412.2891845703125,0.0148565428122186,-0.0134277667679229,neutral,0.0,0
2026-05-08,MSFT,415.7053764922729,416.9403619714099,412.32904436576047,413.4445190429688,33383800,-0.0134277667679229,0.0090913749548255,0.0016407456165579,-0.0223729757775228,0.0167415802359077,0.0111534133196967,35425500.0,0.9423663745042412,419.07171630859375,-0.0080328489977166,-0.0059260024727353,neutral,0.0,0
2026-05-11,MSFT,406.22377045102496,411.02432350049145,403.8633409907068,410.9944458007813,35657900,-0.0059260024727353,-0.0031403655928557,-0.0023209477348941,-0.0286239127394445,0.0167532612564168,0.0174235505685051,35904560.0,0.9931301205195108,413.4445190429688,-0.0174648550394579,-0.0118499649451502,neutral,0.0,0
2026-05-12,MSFT,412.8071154720842,413.8229876767416,404.9987623844293,406.1241760253906,38594200,-0.0118499649451502,-0.0308957626566925,-0.0087753391035635,-0.0500407848071935,0.0162773923673935,0.0217278995273618,36720170.0,1.0510354391060823,410.9944458007813,0.0044104480968619,-0.0062780111358106,neutral,0.0,0
2026-05-13,MSFT,401.5726571524119,404.6700902960666,399.41140211310335,403.5745239257813,29667100,-0.0062780111358106,-0.0238725987710136,-0.0211372526146025,-0.0453517355049257,0.0161448254679732,0.0130302778575049,35858050.0,0.8273483917837139,406.1241760253906,-0.0112072098674917,0.0104142894195773,neutral,0.0,0
2026-05-14,MSFT,402.8474630718804,410.17774231087935,399.2619871856725,407.7774658203125,27077500,0.0104142894195773,-0.0078273076761434,-0.0269506388733818,0.0040462259219951,0.0111133491507288,0.0267689022571366,31474860.0,0.860289767770214,403.5745239257813,-0.0018015528998917,0.0305058684100316,spike,0.0,0
2026-05-15,MSFT,412.5979239362014,426.4418454559798,411.2434277199191,420.2170715332031,50771200,0.0305058684100316,0.0347009519249388,0.0163808012400581,0.0180484235844464,0.0139136729017654,0.0361680159271201,33414740.0,1.5194252596309294,407.7774658203125,0.0118212959762054,0.003839669976186,neutral,0.0,0
2026-05-18,MSFT,414.9384827190712,423.40417602339767,413.9325494355234,421.83056640625,32564100,0.003839669976186,0.0452358645012638,0.0263656132489955,0.0239834723037521,0.0138560757123628,0.0224536279306807,33864500.0,0.9615999055057656,420.2170715332031,-0.0125615763178598,-0.0144496555771499,neutral,0.0,0
2026-05-19,MSFT,428.16486989475214,430.9535870211983,414.808990493047,415.7352600097656,33018700,-0.0144496555771499,0.0195150415520011,0.0236653825399799,0.0146823716796125,0.0146955789488981,0.038833839900354,34596280.0,0.9544002996853996,421.83056640625,0.0150162268762709,0.0087201519979758,neutral,0.0,0
2026-05-20,MSFT,412.4983595724376,420.3963455784958,409.63991780241736,419.3605346679688,27864000,0.0087201519979758,-0.0020383200094873,0.0391154788182086,0.0171514324466843,0.0148029045759465,0.0256495947683654,34354090.0,0.8110824649990729,415.7352600097656,-0.0077859656100663,-0.0025229219932518,neutral,0.0,0
2026-05-21,MSFT,423.9518891931334,425.5388979071037,414.92886694253497,418.3025207519531,31393500,-0.0025229219932518,-0.00836365577856,0.0258107811584626,-0.0018354747569606,0.0139051142226276,0.025364492055883,33999200.0,0.9233599614108569,419.3605346679688,0.0109484659275337,-0.0012406856469829,neutral,0.0,0
2026-05-22,MSFT,418.7517174636334,423.602571187628,415.5477269340821,417.7835388183594,22390300,-0.0012406856469829,0.0049268825755737,-0.0057911324401095,0.0104948054104923,0.0131188015180342,0.0192799464438638,32899850.0,0.6805593338571453,418.3025207519531,0.0010738560955185,-0.0060683286131975,neutral,0.0,0
2026-05-26,MSFT,415.6475333356961,418.9812539216563,412.2439369671585,415.248291015625,30398000,-0.0060683286131975,-0.0098059862871924,-0.0156040740402055,0.0103501282275373,0.013127371039802,0.0162247915289897,32373860.0,0.9389674261889068,417.7835388183594,-0.0051127085779987,-0.0080762962435995,neutral,0.0,0
2026-05-27,MSFT,410.2377382218162,415.15846763645,408.8104019854481,411.8946228027344,28901500,-0.0080762962435995,-0.0153188126566862,-0.0092381801027437,0.0142085773711313,0.0127626906543238,0.0154118682293216,31404590.0,0.920295409046894,415.248291015625,-0.0120664019629168,0.0347007693508534,spike,0.0,0
2026-05-28,MSFT,412.2040283766931,428.6829856468207,411.89461329838434,426.1876831054688,47250500,0.0347007693508534,0.0201160254204351,0.0162799020725816,0.0560321770554728,0.0161283804908141,0.0393919698150492,33162930.0,1.4247987135033002,411.8946228027344,0.0007511765311558,0.0544509620189097,spike,0.0,0
2026-05-29,MSFT,431.7372486144539,449.4838396905727,431.5476031778621,449.3940124511719,79654400,0.0544509620189097,0.08222964952374,0.0743277655686314,0.1020570044181836,0.0223904699251582,0.0399120504852286,38420620.0,2.0732200573546185,426.1876831054688,0.0130214122298127,0.0228322604842416,spike,0.0,0
2026-06-01,MSFT,463.9665838370572,465.4438139523178,457.4089212477424,459.6546936035156,53628900,0.0228322604842416,0.115952159015328,0.1002221267587104,0.0938505947091117,0.0217308550697367,0.0174802799066075,38706390.0,1.3855309162130591,449.3940124511719,0.0324271596463887,-0.0417137471770779,crash,0.0,0
2026-06-02,MSFT,446.0403151791343,452.647871293284,439.6024225764256,440.4807739257813,37036800,-0.0417137471770779,0.0335370809314903,0.0607648085641534,0.0442125559520738,0.0270959808447603,0.0296163862058971,39153660.0,0.9459345563096784,459.6546936035156,-0.0296187085954672,-0.0316556962558529,crash,0.0,0
2026-06-03,MSFT,437.62618910935214,439.5625463944663,423.4528579325816,426.53704833984375,39037000,-0.0316556962558529,-0.0508617459913567,0.0355489601623713,0.0259823723631822,0.0289288159780063,0.0377685561537653,39755490.0,0.9819272759561006,440.4807739257813,-0.0064806116076025,0.0016614000692292,neutral,0.0,0
2026-06-04,MSFT,434.9911260035114,435.33048350032107,425.60879436274143,427.2456970214844,26899500,0.0016614000692292,-0.0705072678100101,0.0024825070220382,0.0188028240658331,0.0288582107974825,0.0227543289618918,39659040.0,0.6782690655144451,426.53704833984375,0.0198202657813017,-0.0265856675438341,crash,0.0,0
2026-06-05,MSFT,427.5351398188391,428.6630214075295,413.6213308264138,415.8870849609375,34782200,-0.0265856675438341,-0.0558337399057233,-0.0745602446002214,-0.0057743754129752,0.0302679583362601,0.0361677270707469,39997910.0,0.8696004366228135,427.2456970214844,0.0006774621707663,-0.0118319275292512,neutral,0.0,0
2026-06-08,MSFT,413.3618539280056,416.3761684433353,407.7923215775376,410.9663391113281,32086700,-0.0118319275292512,-0.0365049396977813,-0.1059237622713902,-0.0163175402418025,0.0304940631575764,0.0208869828228739,40967550.0,0.7832223308447783,415.8870849609375,-0.0060719150082987,-0.020231172880646,crash,0.0,0
2026-06-09,MSFT,408.2614433672717,411.2059125875929,397.7312786929967,402.6520080566406,35317300,-0.020231172880646,-0.0575633391659577,-0.0858806288682979,-0.0303343402766957,0.0310673218977996,0.033464713015167,41459480.0,0.8518510121207502,410.9663391113281,-0.0065817939004578,-0.0149972324753312,neutral,0.0,0
2026-06-10,MSFT,397.8011087010324,404.2789346443135,396.4137363631365,396.61334228515625,32576000,-0.0149972324753312,-0.0463436912872433,-0.0701549986599189,-0.0370999757501002,0.0312781364277688,0.0198308968524869,41826930.0,0.778828376837602,402.6520080566406,-0.0120473740563734,-0.0176665133401034,crash,0.0,0
2026-06-11,MSFT,394.46741202742857,396.1043451719433,383.278483574852,389.6065673828125,47224100,-0.0176665133401034,-0.0519745042251,-0.0880971532330708,-0.0858333480125552,0.0284587921335408,0.0329200343907168,41824290.0,1.1291070332574684,396.61334228515625,-0.0054106355710666,0.0010247028424419,neutral,0.0,0
2026-06-12,MSFT,390.6945042817559,391.003919361718,381.55171206616,390.00579833984375,34865800,0.0010247028424419,-0.0314072933047883,-0.0622315228267419,-0.1321517698631573,0.0186300440426116,0.0242360686322963,37345430.0,0.933602853146958,389.6065673828125,0.0027923987684592,0.0230844831377237,spike,0.0,0
2026-06-15,MSFT,396.05442037645633,400.9951317570601,392.1118605058895,399.0088806152344,32266400,0.0230844831377237,0.0060399842231122,-0.029095955941186,-0.1319377650924033,0.0186854125894308,0.0222633422029941,35209180.0,0.9164200927144568,390.00579833984375,0.0155090566918749,-0.0148339662721725,neutral,0.0,0
2026-06-16,MSFT,395.0463355104342,396.094350419825,389.9559121071713,393.0899963378906,31506800,-0.0148339662721725,0.0089408886982529,-0.0237475823475961,-0.1075887539097808,0.0159751224191221,0.0156158599044511,34656180.0,0.9091250103156204,399.0088806152344,-0.009930969703457,-0.0378843723121274,crash,0.0,0
2026-06-17,MSFT,389.51671695343225,389.6364865987809,376.6110198431126,378.1980285644531,41987800,-0.0378843723121274,-0.0302758826295745,-0.0464314024702248,-0.1133290061520669,0.0169526859540459,0.0344408637060054,34951260.0,1.2013243585495916,393.0899963378906,-0.0090902323074812,0.0012931709583141,neutral,0.0,0
2026-06-18,MSFT,377.1100854858111,380.6534028700893,372.5786075934489,378.6871032714844,59714200,0.0012931709583141,-0.0509306392188958,-0.0280268995070586,-0.1136549626796081,0.0169205041842224,0.0213231324935073,38232730.0,1.5618607407841396,378.1980285644531,-0.0028766492590444,-0.0317869895596026,crash,0.0,0
2026-06-22,MSFT,375.0339909424311,380.9129385065033,366.3802985575179,366.6497802734375,45171100,-0.0317869895596026,-0.0672625004726036,-0.0598863354489264,-0.1183910404241685,0.0174936044411618,0.039636297990271,39271620.0,1.1502224761799995,378.6871032714844,-0.0096467830498952,0.0179669695814514,spike,0.0,0
2026-06-23,MSFT,371.6802994138851,376.5112013539488,369.9735210485466,373.23736572265625,40647600,0.0179669695814514,-0.013116575093282,-0.0645888253234886,-0.0918055076487696,0.0199617807735117,0.0175161463074417,40127710.0,1.0129558850978535,366.6497802734375,0.0137202295244687,-0.0226773926468503,crash,0.0,0
2026-06-24,MSFT,370.87185096853153,378.1681135077346,364.0946004167936,364.7733154296875,44509900,-0.0226773926468503,-0.0367421750611399,-0.0720361270243641,-0.0940730255134472,0.020123550458996,0.038581531311749,41046970.0,1.084365057883688,373.23736572265625,-0.0063378294119739,-0.0345592514347155,crash,0.0,0
2026-06-25,MSFT,362.0883479855026,363.5456265920902,348.54386902384044,352.1670227050781,66179000,-0.0345592514347155,-0.0395002488684392,-0.0688290363600844,-0.1120646101414364,0.0215981368492,0.0425984166632573,44407270.0,1.4902740024324843,364.7733154296875,-0.0073606465457105,0.0570813607053635,spike,0.0,0
2026-06-26,MSFT,356.4789138154501,375.9023402058053,354.762144454129,372.2691955566406,186201600,0.0570813607053635,-0.002593979743001,-0.0169477852807748,-0.0444996909129019,0.0304055976317521,0.056787389351585,58305020.0,3.193577499844782,352.1670227050781,0.0122438809779839,-0.011797171738171,neutral,0.0,0
2026-06-29,MSFT,376.790685328561,379.7850483907747,359.2237492715265,367.8774719238281,51229900,-0.011797171738171,0.0085098233967144,0.0033484041623454,-0.0567384549414657,0.0304344471663929,0.0558917049519834,59941430.0,0.8546659630909706,372.2691955566406,0.01214575319658,0.0120736392196545,neutral,0.0,0
2026-06-30,MSFT,370.3328407149792,373.44697342275583,366.7595808670141,372.319091796875,44945700,0.0120736392196545,0.0572230441595698,-0.0024602947349692,-0.0668902125115766,0.0294729431324466,0.0179614548463449,61209360.0,0.7342945588713883,367.8774719238281,0.006674420095122,0.0301860993207296,spike,0.0,0
2026-07-01,MSFT,380.1144231011508,388.0993914388061,374.18561213385976,383.5579528808594,48065800,0.0301860993207296,0.0303241779308092,0.0514967423783299,-0.0242490105213406,0.0314337755007291,0.0362755594048866,62865260.0,0.7645844461631114,372.319091796875,0.0209372322720659,0.0161600174787186,spike,0.0,0
2026-07-02,MSFT,383.7575696594082,391.4630649298244,382.9790365046874,389.7562561035156,42128900,0.0161600174787186,0.059473019821713,0.1067369485924767,0.0305613109167561,0.0291430992098917,0.0217675234002754,62879370.0,0.6699955804264578,383.5579528808594,0.0005204344664203,-0.0096033107380296,neutral,0.0,0
2026-07-06,MSFT,386.31276024010407,388.418780928489,380.5036887115837,386.0133056640625,34224500,-0.0096033107380296,0.0367808532221565,0.0369198157448156,0.0193463213541917,0.0294326469176888,0.0205047134406128,60330400.0,0.5672844867595772,389.7562561035156,-0.0088349983085248,0.0054300442631936,neutral,0.0,0
2026-07-07,MSFT,391.75251064257776,394.8267404517197,387.4905448392632,388.109375,29297500,0.0054300442631936,0.0118663218555512,0.0549963088806946,0.0585288629126097,0.0268856893210858,0.0189023921734858,58743040.0,0.4987399358289935,386.0133056640625,0.0148678941743783,-0.0141446068933934,neutral,0.0,0
2026-07-08,MSFT,383.3084264217563,384.58602015004215,380.6134873969759,382.6197204589844,25908300,-0.0141446068933934,-0.0183102529664997,0.0276661307170598,0.0251377691463505,0.0272166622862613,0.0103824568903579,57269110.0,0.4523957155960691,388.109375,-0.0123700917511815,0.0026607787100694,neutral,0.0,0
2026-07-09,MSFT,373.7464342011832,383.927250494608,372.6484949692805,383.6377868652344,31083200,0.0026607787100694,-0.0061539816477089,0.0002081406050256,0.051715601546471,0.0257178767562545,0.0293994906432133,55926440.0,0.5557872090553234,382.6197204589844,-0.0231908753870734,0.0019252976861188,neutral,0.0,0
2026-07-10,MSFT,387.07131223677504,391.1736053926777,380.783162110783,384.37640380859375,24644600,0.0019252976861188,-0.0096183484137847,-0.0138031197977565,0.0914605259064513,0.0217016158046912,0.0270319488369759,51773000.0,0.4760125934367334,383.6377868652344,0.0089499144482,0.015294738983264,spike,0.0,0
2026-07-13,MSFT,387.02143811329415,392.9103462310944,383.4281962321871,390.2553405761719,28914900,0.015294738983264,0.0199561593637356,0.0109893489417722,0.0483148894246734,0.0141091093695798,0.0242972972129168,36044330.0,0.8022038417692879,384.37640380859375,0.0068813649289916,-0.0154991203785268,crash,0.0,0
2026-07-14,MSFT,382.1007052927433,387.4606104242381,377.93852713765,384.2067260742188,27863900,-0.0154991203785268,0.0014830113937245,-0.0100555389206488,0.0443877524356037,0.0146323758329408,0.0247837495815955,33707730.0,0.8266323481290493,390.2553405761719,-0.0208956404578322,0.0277972778669777,spike,0.0,0
2026-07-15,MSFT,387.0713224899768,398.2103568181361,385.6739591427675,394.8866271972656,36253700,0.0277972778669777,0.0273435707408971,0.0320603097079421,0.0606134251442114,0.0162933581358134,0.031746827600485,32838530.0,1.103998869620534,384.2067260742188,0.0074558726366613,0.0138260361856914,neutral,0.0,0
2026-07-16,MSFT,397.56157784187184,405.2271399033625,391.31333055964967,400.3463439941406,37047400,0.0138260361856914,0.0258574383711711,0.0435529494251192,0.0437701551673888,0.0142962853134553,0.0347544308882622,31736690.0,1.1673366063064547,394.8866271972656,0.0067739712119193,-0.0181501018138515,crash,0.0,0
2026-07-17,MSFT,394.1180409920291,397.6414373419786,388.6583483977542,393.08001708984375,33049800,-0.0181501018138515,0.0230950954614752,0.0226434640498487,0.0085277938051759,0.0152421046132341,0.0228530796623303,30828780.0,1.0720437201861377,400.3463439941406,-0.0155572870729217,0.0215073297927728,spike,0.0,0
2026-07-20,MSFT,390.6745569462133,402.4224305318551,388.9178541819168,401.53411865234375,27915800,0.0215073297927728,0.0168339239600467,0.0289010217246992,0.040207974078978,0.0160038522901549,0.0336324504509437,30197910.0,0.9244282137406198,393.08001708984375,-0.0061195177547798,-0.0112854522943999,neutral,0.0,0
2026-07-21,MSFT,398.0606303262699,400.7156358198418,395.5753188038176,397.0026245117188,24126600,-0.0112854522943999,-0.0083520669854568,0.0333047226118268,0.0229142867567133,0.0167030738212639,0.0129478162073774,29680820.0,0.8128683776256855,401.53411865234375,-0.0086505434151692,-0.0186297436648003,crash,0.0,0
2026-07-22,MSFT,398.8291961465565,400.246541441447,386.2329133568751,389.6065673828125,28142500,-0.0186297436648003,-0.0088364952580057,-0.0133710778000478,0.0182605510124957,0.0172478265733631,0.0359686649501538,29904240.0,0.9410872839436816,397.0026245117188,0.0046009056919566,-0.0224420261951707,crash,0.0,0
2026-07-23,MSFT,389.23725659651495,391.0438532115061,376.6809075284274,380.8630065917969,30351800,-0.0224420261951707,-0.0514803377853037,-0.0486662053859767,-0.0072328127427453,0.0188814208038323,0.0377115798449616,29831100.0,1.0174549379674234,389.6065673828125,-0.0009479069841619,0.0003145803337292,neutral,0.0,0
2026-07-24,MSFT,386.3227418757343,388.299032528898,379.9347732203772,380.9828186035156,27659400,0.0003145803337292,-0.0403518891793379,-0.0307754094850442,-0.0088288073134895,0.0188646737620016,0.0219544265517794,30132580.0,0.9179233905626402,380.8630065917969,0.0143351682611409,0.0193869054461113,spike,0.0,0
2026-07-27,MSFT,389.3470355932277,393.4593197982184,387.2609663085435,388.368896484375,27856200,0.0193869054461113,-0.0031767198041644,-0.0327873063742497,-0.0048338713033669,0.0192904088287308,0.0159599636989062,30026710.0,0.9277140252794928,380.9828186035156,0.0219543154737815,0.0109226161851041,neutral,0.0,0
2026-07-28,MSFT,392.4212554523594,399.567805457337,390.5647345556998,392.6109008789063,32367500,0.0109226161851041,0.0308454590857669,-0.0110622030224962,0.0218740959861905,0.0187827433566012,0.0229312810252664,30477070.0,1.0620279442872953,388.368896484375,0.0104343035826696,-0.0071437599192979,neutral,0.0,0
2026-07-29,MSFT,392.6607942930367,400.4960502148319,388.00954678983055,389.8061828613281,47209000,-0.0071437599192979,0.0231594807612436,0.000512351421221,-0.0128655770695409,0.0166461135865137,0.0320325945918701,31572600.0,1.4952522123613512,392.6109008789063,0.000127081071918,0.155067391655117,spike,0.0,0
2026-07-30,MSFT,437.07720086969465,457.8281459885008,431.6274684759506,450.2524108886719,110160700,0.155067391655117,0.1593420970744155,0.1821899294389741,0.1246572315276637,0.0523704612880438,0.0581910876631119,38883930.0,2.833064970541815,389.8061828613281,0.1212680046821704,0.0301928219380527,spike,0.0,0
2026-07-31,MSFT,449.1544591210436,465.962813447145,448.4857046349594,463.8468017578125,60846000,0.0301928219380527,0.1814414748022434,0.2175005777374241,0.1800314989092768,0.0514024643960916,0.0376786230840735,41663550.0,1.4604132389102704,450.2524108886719,-0.0024385250163596,0.0493415105348051,spike,0.0,0
2026-08-03,MSFT,475.2353605631651,490.7261876465455,474.1074789501303,486.7337036132813,66762100,0.0493415105348051,0.2486556781641269,0.2532767377082261,0.2121851693372662,0.0523706631239823,0.034143328421775,45548180.0,1.4657468201803014,463.8468017578125,0.0245524142070055,0.0105814114609488,neutral,0.0,0
2026-08-04,MSFT,479.99640781848416,498.5015806515744,478.2696778930625,491.884033203125,50455500,0.0105814114609488,0.0924628526303368,0.2528537340710204,0.238994411707234,0.0513390198574644,0.0411314484569923,48181070.0,1.047205883970613,486.7337036132813,-0.0138418518068147,-0.0108561479126266,neutral,0.0,0
2026-08-05,MSFT,495.4273384327132,497.3038108374591,484.7674131728324,486.5440673828125,33388900,-0.0108561479126266,0.0489326767781637,0.2481691896505871,0.2488086909088289,0.0506975335496507,0.0257662121584622,48705710.0,0.6855233195450801,491.884033203125,0.0072035378064914,0.0254379393286465,spike,0.0,0
2026-08-06,MSFT,487.6319998350186,500.61756372489685,487.60205742358346,498.9207458496094,36441500,0.0254379393286465,0.0250384186380709,0.1080912256857877,0.3099742879054279,0.0480653464406943,0.0260873223043659,49314680.0,0.7389584602394257,486.5440673828125,0.0022360409367608,0.0002600828754204,neutral,0.0,0
2026-08-07,MSFT,498.2719734340298,504.23075699317457,497.7928948509335,499.0505065917969,28846200,0.0002600828754204,0.0145694369097613,0.0758951117062249,0.3099029200871992,0.0480688780939998,0.0129002216352962,49433360.0,0.5835371093528743,498.9207458496094,-0.0013003516509917,0.0121403028101398,neutral,0.0,0
2026-08-10,MSFT,502.4940586092805,512.7647021753171,501.326243590453,505.109130859375,31206100,0.0121403028101398,0.0381570030776996,0.0377525269149909,0.3005911014804883,0.0482726873476688,0.0226455193264931,49768350.0,0.6270270161658966,499.0505065917969,0.0069002074379223,-0.0044461452724045,neutral,0.0,0
2026-08-11,MSFT,503.3823542433026,504.3804752506704,498.61133704649393,502.86334228515625,23049800,-0.0044461452724045,0.0079022499431908,0.0223209300178632,0.2808185945918382,0.0491000111972498,0.0114725765810643,48836580.0,0.4719781770140333,505.109130859375,-0.0034186208693842,-0.0225878705115589,crash,0.0,0
2026-08-12,MSFT,499.0505227551261,500.557695253814,490.596436434424,491.5047302246094,29001500,-0.0225878705115589,-0.0151202659200176,0.0101957112918484,0.2608951623516451,0.0504837680311441,0.0202668625688259,47015830.0,0.6168454326978807,502.86334228515625,-0.0075822180887228,0.0090368415957975,neutral,0.0,0
2026-08-13,MSFT,492.3431478695615,500.3979918654044,492.0836571155829,495.9463806152344,23039000,0.0090368415957975,-0.0181401397922691,-0.0059615986288763,0.1014852305540694,0.0210821291689008,0.0167645839848801,38303660.0,0.6014829914425932,491.5047302246094,0.0017058180591039,-0.0029786161255702,neutral,0.0,0
2026-08-14,MSFT,495.42733437790497,499.07050046550256,492.991947114923,494.4691467285156,16217600,-0.0029786161255702,-0.0166927967318019,-0.0091801527155419,0.0660182302748568,0.0201240586170106,0.012293089246915,33840820.0,0.4792318862249792,495.9463806152344,-0.001046577326939,-0.0303794444960473,crash,0.0,0
2026-08-17,MSFT,489.2190622628328,491.73431632358415,477.5110914717105,479.4474487304688,29635800,-0.0303794444960473,-0.0245313641002612,-0.0508042333054765,-0.014969694575746,0.016828454831252,0.0296658682605057,30128190.0,0.983656834346836,494.4691467285156,-0.0106176179048141,0.0026647089144136,neutral,0.0,0
2026-08-18,MSFT,480.6352093836093,483.36006030134655,476.2534434403709,480.72503662109375,24087600,0.0026647089144136,-0.0306915113993939,-0.0440244969208923,-0.022686234617872,0.016383603399082,0.0147831219919944,27491400.0,0.8761867347606888,479.4474487304688,0.0024773531620318,0.0055644226358424,neutral,0.0,0
2026-08-19,MSFT,479.1679704739861,488.3806080919379,478.4592826108848,483.3999938964844,19961900,0.0055644226358424,-0.0223859322776082,-0.0164896405461271,-0.0064620528685932,0.0162386308114436,0.0205240496614024,26148700.0,0.7633993276912427,480.72503662109375,-0.0032389953268336,-0.0046545304683678,neutral,0.0,0
2026-08-20,MSFT,483.2999877929688,484.1600036621094,479.5,481.1499938964844,20020800,-0.0046545304683678,0.0035510568896002,-0.0298346500692165,-0.0356183864891472,0.0134388902360516,0.0096851371115509,24506630.0,0.8169544323311692,483.3999938964844,-0.0002068806470382,0.0043437521862264,neutral,0.0,0
2026-08-21,MSFT,479.8800048828125,486.3599853515625,478.5299987792969,483.239990234375,22510800,0.0043437521862264,0.0052315844228922,-0.0227095190234506,-0.0316811948862607,0.0136278435893696,0.0162031014206171,23873090.0,0.9429361678777234,481.1499938964844,-0.0026394867084734,0.0084223313601277,neutral,0.0,0
2026-08-24,MSFT,483.2099914550781,490.6099853515625,481.8599853515625,487.30999755859375,17230800,0.0084223313601277,0.0080885471896523,0.016399187958856,-0.0352381935177026,0.0132092455536647,0.0179557161639145,22475560.0,0.7666460813434682,483.239990234375,-6.207842873750032e-05,0.0090291476032262,neutral,0.0,0
2026-08-25,MSFT,485.4400024414063,492.4400024414063,484.2999877929688,491.7099914550781,19519000,0.0090291476032262,0.0219474128495273,0.0228508065883048,-0.0221796855968742,0.0137772869585463,0.0165545032435672,22122480.0,0.8823151834694845,487.30999755859375,-0.0038373830345284,0.0094771384415424,neutral,0.0,0
2026-08-26,MSFT,487.8500061035156,497.3999938964844,487.30999755859375,496.3699951171875,20758900,0.0094771384415424,0.0271707746630083,0.0268307848251245,0.0098987142816606,0.0121254635558195,0.0203275710400434,21298220.0,0.9746776960703758,491.7099914550781,-0.0078501259251209,0.0175071066480452,spike,0.0,0
2026-08-27,MSFT,494.8800048828125,506.4800109863281,490.0799865722656,505.05999755859375,28688800,0.0175071066480452,0.0364244527896551,0.0496934510348416,0.018376214243269,0.0130088446616538,0.0324714380337751,21863200.0,1.3121958359252075,496.3699951171875,-0.0030017733727503,0.0167703476403289,spike,0.0,0
2026-08-28,MSFT,505.3299865722656,517.780029296875,504.8699951171875,513.530029296875,29207300,0.0167703476403289,0.0443758276646495,0.0626811515491694,0.038548173722201,0.0136683343484612,0.0251397843225719,23162170.0,1.260991521951527,505.05999755859375,0.0005345681997722,-0.0121512285474267,neutral,0.0,0
2026-08-31,MSFT,510.3800048828125,512.1900024414062,506.3900146484375,507.2900085449219,27208900,-0.0121512285474267,0.0219997452206115,0.0410006178539887,0.0580721826514616,0.0090164961304815,0.0114332781944692,22919480.0,1.1871517154839464,513.530029296875,-0.0061340607838951,-0.0123598324935169,neutral,0.0,0
2026-09-01,MSFT,497.5199890136719,505.9700012207031,496.7799987792969,501.0199890136719,21046900,-0.0123598324935169,-0.007999066575161,0.0189339198315727,0.0422173817599071,0.0106768969336653,0.0183425864095723,22615410.0,0.9306441934946128,507.2900085449219,-0.0192592390283295,-0.0083828625235518,neutral,0.0,0
2026-09-02,MSFT,499.8500061035156,500.2699890136719,493.80999755859375,496.8200073242188,15336100,-0.0083828625235518,-0.0325395225582728,0.0009066063852731,0.0277617161712422,0.0113667939013416,0.0130026797629798,22152830.0,0.6922862677138767,501.0199890136719,-0.0023352020594218,0.0267702338812803,spike,0.0,0
2026-09-03,MSFT,501.6600036621094,515.6500244140625,500.7999877929688,510.1199951171875,24125900,0.0267702338812803,0.0055786365286061,0.0100186068646364,0.0602099170491432,0.013262637283047,0.0291108695272418,22563340.0,1.069252158589996,496.8200073242188,0.0097419513436222,-0.0204265329920315,crash,0.0,0
2026-09-04,MSFT,510.0,511.0,499.3599853515625,499.7000122070313,18101800,-0.0204265329920315,-0.0026345791297451,-0.0269312723713153,0.0340617960129356,0.0156861465835645,0.0232940051312524,22122440.0,0.8182551291810487,510.1199951171875,-0.0002352291977104,-0.0115069038613865,neutral,0.0,0
2026-09-08,MSFT,493.010009765625,495.1900024414063,490.1499938964844,493.9500122070313,18882300,-0.0115069038613865,-0.0057767301535314,-0.0262965879737197,0.0136258535258948,0.0162425551986472,0.0102034789358593,22287590.0,0.8472113853494254,499.7000122070313,-0.0133880373783832,-0.0046563786895563,neutral,0.0,0
2026-09-09,MSFT,493.0700073242188,494.3900146484375,489.7999877929688,491.6499938964844,12889600,-0.0046563786895563,-0.0362071696806554,-0.0187018388939603,-0.0001220181807088,0.0161111441057346,0.0093359644308977,21624650.0,0.5960605142742195,493.9500122070313,-0.0017815666789449,0.0016068515300098,neutral,0.0,0
2026-09-10,MSFT,488.3200073242188,494.5199890136719,486.0,492.4400024414063,16038800,0.0016068515300098,-0.0145287364183955,-0.0088160799046769,-0.0079174662337383,0.0157914572131227,0.017301577799187,21152640.0,0.7582410517079665,491.6499938964844,-0.0067730837254249,0.0064779514775219,neutral,0.0,0
2026-09-11,MSFT,495.6499938964844,498.9700012207031,492.5799865722656,495.6300048828125,14510500,0.0064779514775219,0.0034011390510444,-0.028405062285485,-0.0186710345728523,0.0147292900712027,0.0128927114692105,19734810.0,0.735274370515855,492.4400024414063,0.0065185432523021,0.0197324590580614,spike,0.0,0
2026-09-14,MSFT,497.05999755859375,509.9500122070313,495.3399963378906,505.4100036621094,23091900,0.0197324590580614,0.0279874096134375,0.0114268387344211,-0.0158121729431939,0.0151671997390196,0.0289072550271643,19123270.0,1.2075288379027227,495.6300048828125,0.0028852019887685,-0.0164025414709918,crash,0.0,0
2026-09-15,MSFT,500.05999755859375,505.8999938964844,495.5400085449219,497.1199951171875,17794600,-0.0164025414709918,0.0095036809612925,0.0064176188517381,-0.0200477306006979,0.0155538971837928,0.0208400093605575,18181840.0,0.9787018255578094,505.4100036621094,-0.0105854772654883,-0.0137190364322621,neutral,0.0,0
2026-09-16,MSFT,493.0299987792969,495.9700012207031,487.2300109863281,490.2999877929688,16670300,-0.0137190364322621,-0.0107540242465827,-0.0027458682401607,-0.0213963543486696,0.0156608859176606,0.0178258014521213,17744180.0,0.9394798745278734,497.1199951171875,-0.008227382479207,0.0151948039822855,spike,0.0,0
2026-09-17,MSFT,497.7999877929688,501.4700012207031,493.1700134277344,497.75,17841600,0.0151948039822855,-0.0151560190866947,0.0107830345468846,0.0018718905480274,0.0163608254597043,0.0166750131450904,17994730.0,0.991490286322718,490.2999877929688,0.0152967574683418,-0.0079758939642453,neutral,0.0,0
2026-09-18,MSFT,497.9700012207031,498.6499938964844,491.1000061035156,493.7799987792969,39622300,-0.0079758939642453,-0.0067186924096731,-0.0037326354040108,-0.0320316719483558,0.0135674038776046,0.0152901855312761,19544370.0,2.027299933433516,497.75,0.0004419914027184,0.0158572372141896,spike,0.0,0
2026-09-21,MSFT,494.9500122070313,501.8699951171875,491.3299865722656,501.6099853515625,27959900,0.0158572372141896,0.0230675052828461,-0.0075186844008084,0.0038222395394695,0.0132877840573271,0.0210123579129604,20530180.0,1.3618925893489486,493.7799987792969,0.0023695034846022,-0.007196797226898,neutral,0.0,0
2026-09-22,MSFT,507.3200073242188,508.5,493.6499938964844,498.0,21652800,-0.007196797226898,0.0005022601707684,0.001770206170454,0.0081991855306833,0.012921306826444,0.0298192893644892,20807230.0,1.0406382781369743,501.6099853515625,0.011383389763771,0.0052007958592181,neutral,-0.2857142857142857,7
2026-09-23,MSFT,500.760009765625,509.4400024414063,495.8800048828125,500.5899963378906,19445600,0.0052007958592181,0.0137915621844326,0.0209871686745111,0.0181836724344361,0.0128266606385578,0.0270880314384888,21462830.0,0.9060128603730264,498.0,0.0055421882843875,-0.0053137371532967,neutral,0.14285714285714285,21
2024-09-25,NVDA,121.69346336275538,124.60565503965536,121.28456450552947,123.17948150634766,284692900,,,,,,0.0269613940042014,,,,,0.0042911344117553,neutral,0.0,0
2024-09-26,NVDA,126.46067739619816,127.32834434574868,121.47405774507013,123.70806121826172,302582900,0.0042911344117553,,,,,0.0473234043361948,,,123.17948150634766,0.0266375198996224,-0.0212834518978285,crash,0.0,0
2024-09-27,NVDA,123.63824884420144,123.6980858451405,118.94085404604166,121.07512664794922,271009200,-0.0212834518978285,,,,,0.0392915698773659,,,123.70806121826172,-0.0005643316480168,0.0003295617729515,neutral,0.0,0
2024-09-30,NVDA,117.9933994074146,121.1748653861715,117.83383152489164,121.11502838134766,226553700,0.0003295617729515,-0.0167597159831657,,,,0.0275856258792274,,,121.07512664794922,-0.0254530168652672,-0.036561430832246,crash,0.0,0
2024-10-01,NVDA,121.4441210323085,122.11233379004094,115.4801287113044,116.6868896484375,302094500,-0.036561430832246,-0.0567559745151656,,,,0.0568376198793069,,,121.11502838134766,0.0027171908834026,0.0158120784727255,spike,0.0,0
2024-10-02,NVDA,116.128405101547,119.06053238913914,114.831880901423,118.53195190429688,221845900,0.0158120784727255,-0.0210049315170005,-0.0377297383071976,,,0.0356752033504886,,,116.6868896484375,-0.0047861807660923,0.0336558699606466,spike,0.0,0
2024-10-03,NVDA,120.59641230247804,124.0272091849403,120.01796257527629,122.52124786376952,277118000,0.0336558699606466,0.0116106110134754,-0.0095936622302913,,,0.0327228679071394,,,118.53195190429688,0.0174169105039966,0.0168497559484168,spike,0.0,0
2024-10-04,NVDA,124.6056517279934,124.70538259718006,121.50397375972976,124.58570098876952,243678100,0.0168497559484168,0.0676923634191477,0.0289950086199621,,,0.0256964387730088,,,122.52124786376952,0.017012590881718,0.0224143779275269,spike,0.0,0
2024-10-07,NVDA,124.65551433206126,130.29039598837593,124.61562046227938,127.37821197509766,346250200,0.0224143779275269,0.0746318602594453,0.0517126873308362,,,0.0445505980819228,,,124.58570098876952,0.000560364012384,0.0404791839727518,spike,0.0,0
2024-10-08,NVDA,129.9114112143918,133.1227955252644,129.07366275536995,132.5343780517578,285722500,0.0404791839727518,0.0817256627937859,0.1358120732420475,,,0.030551565785544,276154790.0,1.0346461852064923,127.37821197509766,0.0198872256095836,-0.0018060568702406,neutral,0.0,0
2024-10-09,NVDA,133.75111306364067,134.16001952786942,131.02842299164354,132.29501342773438,246191600,-0.0018060568702406,0.0618795927444337,0.1161126709070803,0.0740020319124088,0.0237319470046696,0.0236713119798465,272304660.0,0.9041035140566452,132.5343780517578,0.0091805237989474,0.0162834601640629,spike,0.0,0
2024-10-10,NVDA,131.55700075403345,134.63872798675436,130.64943234270237,134.44923400878906,242311300,0.0162834601640629,0.055512021436396,0.0973544291540531,0.086826781413835,0.0238590370304912,0.0296713899001552,266277500.0,0.909995399536198,132.29501342773438,-0.0055785373505711,-7.422316772909276e-05,neutral,0.0,0
2024-10-11,NVDA,133.65136041631004,135.4166278489941,133.30230620805418,134.4392547607422,170209500,-7.422316772909276e-05,0.014372698895078,0.0790905673265096,0.1103788076278615,0.0217556782524094,0.0157269663886691,256197530.0,0.6643682318092606,134.44923400878906,-0.0059343855572049,0.0242583630125083,spike,0.0,0
2024-10-14,NVDA,136.104806530019,139.22643549757692,135.93526327737888,137.70053100585938,232347700,0.0242583630125083,0.0408595716351603,0.0810367712869115,0.1369400878336084,0.0217995396694899,0.0239009406583769,256776930.0,0.9048620528331732,134.4392547607422,0.0123888798122315,-0.0468603694319209,crash,0.0,0
2024-10-15,NVDA,137.50104323972985,138.1991821543322,128.3954862474048,131.24783325195312,377831000,-0.0468603694319209,-0.0238112234735875,-0.0097072534591912,0.1247864575650774,0.0244858283695469,0.0746960590816573,264350580.0,1.4292800114151445,137.70053100585938,-0.001448707311964,0.0313070179497476,spike,0.0,0
2024-10-16,NVDA,133.62146232310147,136.25439701653357,131.22789086287457,135.3568115234375,264879700,0.0313070179497476,0.0068250658212012,0.0231437150681088,0.1419436645464598,0.0252258339012173,0.037135228712067,268653960.0,0.9859512214150872,131.24783325195312,0.0180850914817903,0.00891537395285,neutral,0.0,0
2024-10-17,NVDA,138.96712260930138,140.512977854023,136.50373111006368,136.56356811523438,306435900,0.00891537395285,-0.0082567792754307,0.0157258917987372,0.1146113061717948,0.0242397593843205,0.0293580989373114,271585750.0,1.128320981494795,135.3568115234375,0.026672548246593,0.0078142266389418,neutral,0.0,0
2024-10-18,NVDA,138.2989120156457,138.52829226592988,136.9126323168706,137.63070678710938,176090200,0.0078142266389418,0.0486322202584723,0.0237389892710051,0.1047070867267165,0.0241731067023843,0.0117390950520832,264826960.0,0.6649255045634327,136.56356811523438,0.0127072243670948,0.0413769048997501,spike,0.0,0
2024-10-21,NVDA,137.76036967912168,143.325439453125,137.63071268872676,143.325439453125,264554500,0.0413769048997501,0.0588712739314762,0.0408488508081807,0.1251958810753679,0.0259125211096117,0.0397328400744985,256657390.0,1.0307690731211754,137.63070678710938,0.0009421072886944,-0.0008350920943479,neutral,0.0,0
2024-10-22,NVDA,142.5275764963188,144.0335302578968,141.400595506541,143.20574951171875,226311600,-0.0008350920943479,0.0486380188227038,0.091109437493039,0.0805177616315784,0.0241295433842132,0.0183856776723922,250716300.0,0.9026600982863898,143.325439453125,-0.005566792328358,-0.0280659877772629,crash,0.0,0
2024-10-23,NVDA,141.64993025905358,142.04885378245024,137.09216737152124,139.18653869628906,285930000,-0.0280659877772629,0.0113043952581475,0.0282935681606864,0.0520921015085662,0.0266202633381974,0.0356118232219618,254690140.0,1.122658301573826,143.20574951171875,-0.0108642233846753,0.0060905120070986,neutral,0.0,0
2024-10-24,NVDA,140.44316244306268,140.9717429059513,138.08947737101022,140.0342559814453,172354900,0.0060905120070986,-0.0229630098064766,0.0254144492130017,0.0415400058901871,0.026351527956343,0.0205825747045992,247694500.0,0.6958366051729046,139.18653869628906,0.0090283425289827,0.0080478049880765,neutral,0.0,0
2024-10-25,NVDA,140.55285615055817,143.74430494634163,140.4232143860229,141.16122436523438,205122100,0.0080478049880765,-0.0142768370226439,0.0256521067176243,0.050000051074778,0.0263237056905841,0.023526932238317,251185760.0,0.8166151616238118,140.0342559814453,0.0037033807583593,-0.0072063535507291,neutral,0.0,0
2024-10-28,NVDA,142.6173258267159,142.7569505719539,139.67522319765803,140.1439666748047,173586700,-0.0072063535507291,0.0068787397652352,-0.0221975442075014,0.0177445624290391,0.0256654495544812,0.0219897256187048,245309660.0,0.7076227654467419,141.16122436523438,0.0103151659956849,0.0051948532714172,neutral,0.0,0
2024-10-29,NVDA,139.91455642525435,141.87928563006452,138.5282768804448,140.8719940185547,157593600,0.0051948532714172,0.0059823793202455,-0.0162965209226678,0.0733281497160132,0.0190736992611802,0.023787614940542,223285920.0,0.7057928238377055,140.1439666748047,-0.0016369612976823,-0.0135220397940379,neutral,0.0,0
2024-10-30,NVDA,139.16657905851807,139.9544735111022,136.4438889013892,138.9671173095703,179418100,-0.0135220397940379,-0.0155432702254488,-0.0015764555162732,0.026672509092811,0.0180347679521188,0.025261980515093,214739760.0,0.8355141125239219,140.8719940185547,-0.0121061320379407,-0.0472226330625958,crash,0.0,0
2024-10-31,NVDA,137.2317836775648,137.24175143875112,131.756469630996,132.40472412109375,270039600,-0.0472226330625958,-0.0552235157698181,-0.0544833248613287,-0.0304535393409707,0.0237460246084307,0.041428142720485,211100130.0,1.2792014860436136,138.9671173095703,-0.0124873687070862,0.0198855032385738,spike,0.0,0
2024-11-01,NVDA,134.3395349599235,136.94255111570317,134.2098931927627,135.03765869140625,207127800,0.0198855032385738,-0.0414158638684419,-0.0433799416331518,-0.0188406218077054,0.0246374900511898,0.0202362655678535,214203890.0,0.9669656326035908,132.40472412109375,0.0146128535191857,0.0048007712692268,neutral,0.0,0
2024-11-04,NVDA,136.84284318415706,138.5881603174159,135.2072323079928,135.68594360351562,187528200,0.0048007712692268,-0.0236111518291436,-0.0318103103334703,-0.0533017437710902,0.0197803236901529,0.0249173047674152,206501260.0,0.9081213354339824,135.03765869140625,0.0133680079338171,0.0283718051341865,spike,0.0,0
2024-11-05,NVDA,137.08217511986183,139.99435925396384,136.9625011145287,139.5355987548828,160537400,0.0283718051341865,0.0538566481001641,-0.0094865929383796,-0.0256285154007424,0.022481904164496,0.0217282053217193,199923840.0,0.8029927796504909,135.68594360351562,0.0102901706637063,0.0407403053494381,spike,0.0,0
2024-11-06,NVDA,142.577419626437,146.09797148430005,141.58009580907174,145.22032165527344,242043900,0.0407403053494381,0.075406098288012,0.0449977265612637,0.0433503341307333,0.0242044224582719,0.0311104921386479,195535230.0,1.2378531479979338,139.5355987548828,0.021799604536027,0.0224573320672691,spike,0.0,0
2024-11-07,NVDA,145.9982407267333,148.53143666074,145.77882825788768,148.48158264160156,207323300,0.0224573320672691,0.0943033500616374,0.1214220914489754,0.0603232873338901,0.02486685529161,0.0185383826996002,199032070.0,1.0416577589732148,145.22032165527344,0.0053568196419953,-0.008395944091028,neutral,0.0,0
2024-11-08,NVDA,148.37188826922187,149.369212218998,145.8685954157921,147.2349395751953,175665800,-0.008395944091028,0.055178326455872,0.0903250323057125,0.0430267960431263,0.0252682129802017,0.0237757207175548,196086440.0,0.8958589895354314,148.48158264160156,-0.0007387742670043,-0.0160536807808407,crash,0.0,0
2024-11-11,NVDA,148.28212306443757,148.45168153400843,143.18581210072784,144.87127685546875,182325600,-0.0160536807808407,-0.0024035534133662,0.0676955402159662,0.0337318137400342,0.0258717223614087,0.0363486092452549,196960330.0,0.9256970680339538,147.2349395751953,0.00711233007779,0.0208588662399398,spike,0.0,0
2024-11-12,NVDA,146.3871741057391,149.24948830655927,145.619230581878,147.89312744140625,198634700,0.0208588662399398,-0.0039631528013525,0.0598953153252654,0.0498405199114793,0.0264451215554533,0.0245464937247981,201064440.0,0.9879156155111268,144.87127685546875,0.0104637529479544,-0.0136218104140967,neutral,0.0,0
2024-11-13,NVDA,148.67106495867824,148.9303636661012,145.5095351466514,145.87855529785156,191903300,-0.0136218104140967,-0.0092123804394338,0.0045326551757725,0.0497343409152322,0.0264529840238817,0.0234498382059325,202312960.0,0.9485467465850927,147.89312744140625,0.0052601329806904,0.0033500005282263,neutral,0.0,0
2024-11-14,NVDA,147.24489842760545,148.60125952595652,145.16049515099348,146.36724853515625,194463300,0.0033500005282263,0.0103262131193884,-0.0142397061563439,0.1054533703895093,0.0191461907851768,0.0235077478698152,194755330.0,0.998500528843036,145.87855529785156,0.0093663056023835,-0.0325700007631101,crash,0.0,0
2024-11-15,NVDA,144.48233309105467,144.85135334501234,139.70515749364313,141.60006713867188,250132900,-0.0325700007631101,-0.0425514045960494,-0.0382712992770687,0.048596876685061,0.0230063280123305,0.0363431738088756,199055840.0,1.2565966414248384,146.36724853515625,-0.0128779864550698,-0.0128893602540198,neutral,0.0,0
2024-11-18,NVDA,139.1266784396513,141.1711953957962,136.7829612819808,139.77493286132812,221205300,-0.0128893602540198,-0.0418404365471072,-0.035178429463454,0.0301356879660343,0.0236926969177282,0.0313950006913543,202423550.0,1.0927844116951808,141.60006713867188,-0.0174674260330564,0.0489476861540409,spike,0.0,0
2024-11-19,NVDA,140.9418317601378,146.7362816326987,140.61271302151263,146.61659240722656,227834900,0.0489476861540409,0.0017035496298916,-0.008631469604194,0.050746861127408,0.0268078984053525,0.0417658636764514,209153300.0,1.0893201302585234,139.77493286132812,0.0083484132306281,-0.0076185401405918,neutral,0.0,0
2024-11-20,NVDA,147.0155246522584,147.16511715506326,142.34804073132528,145.4995880126953,309871700,-0.0076185401405918,0.0275389761659121,-0.002597827243233,0.0019230528774396,0.0239055509650612,0.0331071482024929,215936080.0,1.4350158621014144,146.61659240722656,0.0027209215442942,0.0053464641090765,neutral,0.0,0
2024-11-21,NVDA,148.95033233522298,152.48085228758558,140.3234713661803,146.27749633789062,400946600,0.0053464641090765,0.0465216712571325,-0.0006131986367432,-0.0148441730246845,0.0227389325882627,0.0831117651434406,235298410.0,1.7039919649265798,145.4995880126953,0.0237165229789281,-0.0321810740627231,crash,0.0,0
2024-11-22,NVDA,145.539474391015,146.7661937868221,140.72241318136372,141.57012939453125,236406200,-0.0321810740627231,-0.0344194536910174,-0.0002114246465102,-0.0384746324276579,0.0247249964318124,0.0426910721301625,241372450.0,0.9794249509419986,146.27749633789062,-0.0050453553373024,-0.0417751138722604,crash,0.0,0
2024-11-25,NVDA,141.610046895497,141.66988390343687,135.45655935237875,135.65602111816406,344941900,-0.0417751138722604,-0.0676535722814031,-0.0294681718591878,-0.0636099573174765,0.0273572973807853,0.0458020550790441,257634080.0,1.3388830390761968,141.57012939453125,0.000281962735617,0.0066167226430715,neutral,0.0,0
2024-11-26,NVDA,137.33153099631315,138.92725570705397,135.30696421011146,136.55361938476562,190287700,0.0066167226430715,-0.0664755495313068,-0.0686346126126782,-0.0766736646443102,0.026134613652072,0.0265118677428948,256799380.0,0.7409975055235726,135.65602111816406,0.0123511648383791,-0.0115399425511483,neutral,0.0,0
2024-11-27,NVDA,134.64867978414378,136.8527720620769,131.44727893138864,134.97779846191406,226370900,-0.0115399425511483,-0.0465658325016113,-0.0723149095780476,-0.0747248751790869,0.0260899177724691,0.040047275865249,260246140.0,0.8698338426844678,136.55361938476562,-0.0139501216386972,0.0215015874576993,spike,0.0,0
2024-11-29,NVDA,136.41396798376013,138.97709782710584,135.68592576491588,137.88003540039062,141863200,0.0215015874576993,0.0163945121189226,-0.0574077431439109,-0.0579857394308198,0.0275158184473998,0.0238698231591883,254986130.0,0.5563565359417785,134.97779846191406,0.0106400425715293,0.0027486397348592,neutral,0.0,0
2024-12-02,NVDA,138.45847968192444,140.07413953973298,137.45118801543163,138.25901794433594,171682800,0.0027486397348592,0.0124888565184422,-0.0233884892551579,-0.023594968998595,0.0258903711974176,0.0189712871051736,247141120.0,0.6946751718208609,137.88003540039062,0.0041952722151112,0.0117580476998917,neutral,0.0,0
2024-12-03,NVDA,137.89002585394636,140.16392360539365,137.58085781498016,139.88467407226562,164414000,0.0117580476998917,0.0363532052401647,0.031171878102028,0.0007851279817561,0.0259206338578164,0.0184656811587454,241461990.0,0.6809104820183085,138.25901794433594,-0.0026688464584504,0.034792432643991,spike,0.0,0
2024-12-04,NVDA,141.6200054773523,145.39985667412174,139.9145747718299,144.75160217285156,231224300,0.034792432643991,0.0498372861053202,0.0600348992946615,-0.012720185374347,0.0232194465273924,0.0378944469004337,241800930.0,0.9562589358113718,139.88467407226562,0.0124054433882455,-0.0004822672696747,neutral,0.0,0
2024-12-05,NVDA,144.73166589534063,146.15793025557377,143.57468662612678,144.68179321289062,172621200,-0.0004822672696747,0.0464546570925343,0.0718932658670876,-0.0056205987314089,0.0231040045952058,0.0178546558767481,228075880.0,0.7568586384496248,144.75160217285156,-0.0001377275084467,-0.0180616347035488,crash,0.0,0
2024-12-06,NVDA,144.22297517109268,145.32009789302302,140.9415450143936,142.068603515625,188505600,-0.0180616347035488,0.0156123568063728,0.0303783510286399,-0.0287733446882586,0.0236454135387145,0.0308199895703758,206831780.0,0.911395724583524,144.68179321289062,-0.0031712216970024,-0.0254843722343374,crash,0.0,0
2024-12-09,NVDA,138.60766082087318,139.58510137793925,136.77246195727844,138.4480743408203,189308600,-0.0254843722343374,-0.0435472059542667,0.0013674073438052,-0.0220530635033208,0.02279608659747,0.0203154824222176,202122020.0,0.9366055217536416,142.068603515625,-0.0243610664785001,-0.0269432412543438,crash,0.0,0
2024-12-10,NVDA,138.6475487860502,141.4502349567079,133.44115786086326,134.71783447265625,210020900,-0.0269432412543438,-0.0688680898886358,-0.0369364237639081,-0.0069159233609733,0.0202617357669487,0.0594507559240068,188629920.0,1.1134018399626104,138.4480743408203,0.0014407888746711,0.0313910005223772,spike,0.0,0
2024-12-11,NVDA,137.00184953896903,139.8045203384501,134.85746151474785,138.94676208496094,184905200,0.0313910005223772,-0.0219741825668098,-0.0401020783242103,0.0175252967367505,0.0226085505202442,0.0356039878113697,188091670.0,0.9830589520524752,134.71783447265625,0.0169540660689313,-0.0141410924537243,neutral,0.0,0
2024-12-12,NVDA,136.72258646567687,138.07904108019704,135.44592508954074,136.98190307617188,159211400,-0.0141410924537243,-0.0105900444742852,-0.0532194823255254,0.0148476611494245,0.0227954208105126,0.0192223639146851,181375720.0,0.8777988586344413,138.94676208496094,-0.0160073943855133,-0.0224987707811504,crash,0.0,0
2024-12-13,NVDA,138.57775313836598,139.2360360155149,132.19443031399229,133.8999786376953,231514900,-0.0224987707811504,-0.0060708802079723,-0.0574977488043745,-0.0288660845722703,0.0227968113395068,0.0525885498501512,190340890.0,1.216317208561965,136.98190307617188,0.0116500795094567,-0.0167599420598958,crash,0.0,0
2024-12-16,NVDA,133.8301313094174,134.04955889819416,130.07994062496547,131.65582275390625,237951100,-0.0167599420598958,-0.0524728984083597,-0.049059920979424,-0.0477595985318526,0.0231120327324221,0.0301514827843868,196967720.0,1.2080715560905106,133.8999786376953,-0.0005216380838036,-0.0121969876437669,neutral,0.0,0
2024-12-17,NVDA,128.75340490862754,131.24688636654815,126.52922370948323,130.05001831054688,259410300,-0.0121969876437669,-0.0506043835715318,-0.0346488360682253,-0.0703054557401912,0.0224553365895345,0.0362757554235755,206467350.0,1.256422867828739,131.65582275390625,-0.0220454954787982,-0.0113504020552488,neutral,0.0,0
2024-12-18,NVDA,133.51098920213212,136.3435808551527,127.94553603601128,128.5738983154297,277444500,-0.0113504020552488,-0.0397765584166137,-0.0746535119917988,-0.1117618293309367,0.0169772065416288,0.0653168716914731,211089370.0,1.3143461463739268,130.05001831054688,0.026612613643166,0.013730357589804,neutral,0.0,0
2024-12-19,NVDA,131.41644980197495,133.68053537391728,129.212220572867,130.33926391601562,209719200,0.013730357589804,-0.0100000046359632,-0.0484928228545814,-0.0991315422512826,0.0185393068020422,0.0342821853277415,214799170.0,0.9763501413902111,128.5738983154297,0.0221083091030781,0.0307621921737915,spike,0.0,0
2024-12-20,NVDA,129.4715360054975,134.92727495716574,127.88568536239204,134.34878540039062,306528600,0.0307621921737915,0.0330547211425893,0.0033518060813861,-0.0543386640270968,0.0222963601476346,0.0524127521792483,226601470.0,1.3527211451893937,130.33926391601562,-0.0066574559687342,0.0368968464732741,spike,0.0,0
2024-12-23,NVDA,135.92467137837366,139.42551415908295,134.76769223262775,139.3058319091797,176053500,0.0368968464732741,0.0834689912521855,0.0581061209087043,0.0061955182290784,0.0246403045267682,0.0334359435109067,225275960.0,0.7815014970971603,134.34878540039062,0.0117298118720353,0.0039379829032042,neutral,0.0,0
2024-12-24,NVDA,139.63498826590208,141.53002844762267,138.28850193430708,139.8544158935547,105157000,0.0039379829032042,0.0730029592899201,0.0753894363905114,0.0381284440995153,0.0226166098043919,0.0231778631558031,214789570.0,0.4895815006287316,139.3058319091797,0.0023628325692565,-0.0020682998274289,neutral,0.0,0
2024-12-26,NVDA,139.33575896662117,140.48276971800976,137.37089410442982,139.56515502929688,116205600,-0.0020682998274289,0.0388270695068828,0.0854859101098606,0.0044505747025456,0.0204848806749616,0.0222969380353334,207919610.0,0.5588967774612505,139.8544158935547,-0.0037085488049821,-0.0208676678027608,crash,0.0,0
2024-12-27,NVDA,138.1887488761999,138.65752461945982,134.35876491420703,136.6527557373047,170582600,-0.0208676678027608,-0.0190449756159861,0.0484389095933299,-0.0024028527234298,0.021124311643351,0.0314575412845427,209056730.0,0.8159632076900849,139.56515502929688,-0.009862104569067,0.0035034768456871,neutral,0.0,0
2024-12-30,NVDA,134.47844750631418,139.9042657427297,133.6705619268118,137.1315155029297,167734700,0.0035034768456871,-0.0194695346101723,0.0207127298862128,0.0241339610215938,0.0195980538619997,0.0454578496639214,202678710.0,0.8275891434280394,136.6527557373047,-0.0159111919789623,-0.0232743755432121,crash,0.0,0
2024-12-31,NVDA,137.67011945974758,137.71002369221526,133.48107297196478,133.9398651123047,155659200,-0.0232743755432121,-0.040305833614496,-0.0385193263148763,0.017348585961654,0.0204032901442799,0.0315735029052375,194449520.0,0.8005121329175819,137.1315155029297,0.0039276453326032,0.0299352360928026,spike,0.0,0
2025-01-02,NVDA,135.64541181631114,138.51790776015002,134.2789886408903,137.9493865966797,198247200,0.0299352360928026,0.0094885086830418,-0.0136215169517774,0.0607410009529554,0.021488418185366,0.0307280751573979,188333210.0,1.0526406893399205,133.9398651123047,0.0127336749411864,0.0445375006733474,spike,0.0,0
2025-01-03,NVDA,139.64492988439244,144.52217900012494,139.36566117903786,144.0933074951172,229322500,0.0445375006733474,0.050767265034993,0.032444720638685,0.1207041972206039,0.0236033258556018,0.0357859633506005,183521010.0,1.24957082570546,137.9493865966797,0.0122910534765187,0.0343323874421428,spike,0.0,0
2025-01-06,NVDA,148.2025685915748,151.7632676182901,147.4345872171492,149.04037475585938,265377400,0.0343323874421428,0.1127409649912172,0.090650341822364,0.143480255127832,0.024674158643489,0.0290436763073874,189086830.0,1.4034684488602405,144.0933074951172,0.0285180565835568,-0.0621695805788783,crash,0.0,0
2025-01-07,NVDA,152.63098706400407,152.73073241075815,139.6449312609891,139.77459716796875,351782200,-0.0621695805788783,0.013231016217748,0.0192740644289211,0.0403860128054596,0.033489124386606,0.093620739497061,193612190.0,1.8169424146279216,149.04037475585938,0.0240915410607791,-0.0002138583718293,neutral,0.0,0
2025-01-08,NVDA,142.2082666228464,143.57468988273558,137.20135052761552,139.7447052001953,227349900,-0.0002138583718293,-0.0301790719535619,0.0433391513648564,0.0031504301363474,0.0314940596529075,0.0456070184984093,198741830.0,1.1439458920147811,139.77459716796875,0.017411385932689,-0.0299766037594931,crash,0.0,0
2025-01-10,NVDA,137.09161147098868,139.55517244006612,133.870037595658,135.55563354492188,207602500,-0.0299766037594931,-0.090477102147835,-0.0173524008392758,-0.0307375517688671,0.0329087283385455,0.0419394952148861,208986380.0,0.9933781330630256,139.7447052001953,-0.0189852898212198,-0.0197189842965388,crash,0.0,0
2025-01-13,NVDA,129.6510717959939,133.1419459563911,129.17231238202828,132.8826141357422,204808900,-0.0197189842965388,-0.0493078368449482,-0.0778016241993396,-0.047881155523038,0.0333459271601083,0.0298732351119144,217846710.0,0.9401514486952776,135.55563354492188,-0.0435582173497147,-0.0110334675111197,neutral,0.0,0
2025-01-14,NVDA,135.6952813829554,136.02442280388445,129.71092511662002,131.4164581298828,195590500,-0.0110334675111197,-0.0595961547049788,-0.1182492774514691,-0.0383182730503284,0.0329486692083931,0.0480419102531633,220347500.0,0.8876456506200433,132.8826141357422,0.0211665556514413,0.0340013577924853,spike,0.0,0
2025-01-15,NVDA,133.30153730793728,136.09424010113997,130.94768976753863,135.88479614257812,185217300,0.0340013577924853,0.0024282472741876,-0.027829098449958,-0.0090914138575601,0.0350066694108218,0.0378743647538116,222095760.0,0.8339524356520809,131.4164581298828,0.0143443158100592,-0.0195978909747022,crash,0.0,0
2025-01-16,NVDA,138.2785134363621,138.38822723428095,133.14194748607855,133.22174072265625,209235600,-0.0195978909747022,0.0025520764256461,-0.046677721837077,-0.0053615433242844,0.0347576752471695,0.0393800570368181,227453400.0,0.9199053520413412,135.88479614257812,0.017615784559682,0.0309950268130598,spike,0.0,0
2025-01-17,NVDA,136.33360735729912,138.13888566634566,135.10681862678206,137.3509521484375,201188800,0.0309950268130598,0.0451579208799666,0.0132441460127192,-0.004338072556943,0.0348605229456937,0.022075325959785,227747560.0,0.8833850953222068,133.22174072265625,0.0233585495712836,0.0226562840223645,spike,0.0,0
2025-01-21,NVDA,138.79717036536638,141.4602070208564,136.7325601923546,140.4628143310547,197749000,0.0226562840223645,0.0336904371823396,0.0570443337874824,-0.0251954322318926,0.0323594438550275,0.0336576399313718,224590210.0,0.8804880675787248,137.3509521484375,0.0105293643349915,0.044308914871546,spike,0.0,0
2025-01-22,NVDA,144.28284886721386,147.40467804215123,143.29542449743752,146.6865692138672,237651400,0.044308914871546,0.1010708043459835,0.1161963372113747,-0.0157930731578467,0.0337312414084811,0.0280138363500919,221817610.0,1.0713820241774312,140.4628143310547,0.0271960557984819,0.0010197382758445,neutral,0.0,0
2025-01-23,NVDA,144.67181084027297,146.8461195709751,143.34527675360425,146.83615112304688,155915500,0.0010197382758445,0.069058123196398,0.0805929382193573,0.0505210109573213,0.0260612650689997,0.0238418318009247,202230940.0,0.7709774775313807,146.6865692138672,-0.0137351250655861,-0.0312459017688148,crash,0.0,0
2025-01-24,NVDA,147.98313043457708,148.58157206293976,141.5100624088345,142.2481231689453,234657600,-0.0312459017688148,0.0127101884323836,0.0677545751716333,0.0179142241215053,0.0285153661931714,0.0497124988124206,202961710.0,1.1561668454606535,146.83615112304688,0.0078112869532316,-0.1696816357809326,crash,0.0,0
2025-01-27,NVDA,124.47459855123267,128.06520275177593,116.39571246675482,118.1112289428711,818830900,-0.1696816357809326,-0.1948054305458164,-0.1400771010656971,-0.1286881566325303,0.061334982249108,0.0988008539870963,264084550.0,3.100639170296028,142.2481231689453,-0.1249473400545564,0.089258723958123,spike,0.0,0
2025-01-28,NVDA,121.49239920882492,128.66365497133788,115.94689837533356,128.6536865234375,579666400,0.089258723958123,-0.1238282566012827,-0.0840729830443552,-0.0318245365641645,0.0689821437184805,0.0988448674860758,301570300.0,1.9221601066152727,118.1112289428711,0.0286270009737114,-0.0410109271859353,crash,0.0,0
2025-01-29,NVDA,126.17018228394105,126.55916484585856,119.73700212037912,123.37747955322266,467120600,-0.0410109271859353,-0.1326600534005665,-0.1589040481726733,-0.061171779327023,0.0701120121350431,0.0552950404740315,328723310.0,1.42101453042682,128.6536865234375,-0.0193037938251697,0.0076798245388924,neutral,0.0,0
2025-01-30,NVDA,122.77903527699785,124.67408285834512,117.79207196266404,124.3249969482422,392925500,0.0076798245388924,0.0526094602603501,-0.1533079830997518,-0.0850705856908871,0.069015284496015,0.0553550055468421,349494130.0,1.1242692402301575,123.37747955322266,-0.0048505146838135,-0.0367428458584278,crash,0.0,0
2025-01-31,NVDA,123.45726880122108,127.5166568388694,118.87923990097872,119.75694274902344,388161100,-0.0367428458584278,-0.0691526532571866,-0.1581123175397508,-0.1010705752724256,0.0695857160450854,0.0721245611287209,367386680.0,1.0565464703293,124.3249969482422,-0.0069795147260881,-0.0284000886296311,crash,0.0,0
2025-02-03,NVDA,114.45081126895413,118.26085104341853,112.71535011762803,116.3558349609375,371235700,-0.0284000886296311,-0.0569118822795869,-0.0148622107960848,-0.1528574564580391,0.0683857531305374,0.0476598438544332,384391370.0,0.9657753242483044,119.75694274902344,-0.0443075061726438,0.0170580379295981,spike,0.0,0
2025-02-04,NVDA,116.6550412253588,120.88398385074508,116.39571701060105,118.34063720703124,256550000,0.0170580379295981,-0.0481348070629941,-0.0801613198587005,-0.1574949016177621,0.0680725670807151,0.0379266746070669,390271470.0,0.6573629376495289,116.3558349609375,0.0025714762351346,0.0520859712217232,spike,0.0,0
2025-02-05,NVDA,121.44252915135604,124.67407915232371,120.44513651813745,124.50452423095705,262230800,0.0520859712217232,0.039643475968514,0.0091349303115582,-0.151220695267397,0.0688624323456487,0.0339661764125257,392729410.0,0.6677136810304072,118.34063720703124,0.0262115535080159,0.0308420394634321,spike,0.0,0
2025-02-06,NVDA,127.08778823658054,128.4342745987464,124.8835510706209,128.34449768066406,251483600,0.0308420394634321,0.1030344780195282,0.032330591844657,-0.1259339290832203,0.0702174920119586,0.027665568780051,402286220.0,0.625136003912836,124.50452423095705,0.0207483545002068,0.0090144254347039,neutral,0.0,0
2025-02-07,NVDA,128.88307105233656,130.03006643749526,124.67407312607986,129.50144958496094,228186300,0.0090144254347039,0.0943109031803199,0.081369034748651,-0.0896087294511815,0.0700827443758904,0.0413585587542133,401639090.0,0.5681376780332811,128.34449768066406,0.0041963105657441,0.0287277953228977,spike,0.0,0
2025-02-10,NVDA,129.7508034170435,134.64800487659767,129.621152724233,133.22174072265625,216989100,0.0287277953228977,0.0700152588473708,0.1449510956402049,0.1279345911055918,0.0409264135920721,0.0377329715487628,341454910.0,0.6354839062059467,129.50144958496094,0.0019254906634768,-0.0057647506190713,neutral,0.0,0
2025-02-11,NVDA,132.23432300379022,134.12936300336048,130.67839286199495,132.45375061035156,178902400,-0.0057647506190713,0.032017367350736,0.1192583860996971,0.0295371566070263,0.0310559673381136,0.0260541519244516,301378510.0,0.5936136587840984,133.22174072265625,-0.0074118361876208,-0.0124998718390173,neutral,0.0,0
2025-02-12,NVDA,129.68102059860516,131.89523390864048,128.74346889916592,130.798095703125,160278600,-0.0124998718390173,0.0100125992590791,0.0505489379686583,0.0601456293058835,0.0276533230725731,0.0240964135795079,270694310.0,0.5921018435888069,132.45375061035156,-0.020933571144415,0.0316452993845999,spike,0.0,0
2025-02-13,NVDA,131.21697039655388,136.14409236479662,130.82798788427175,134.93724060058594,197430000,0.0316452993845999,0.0128770264419608,0.0513675540366784,0.0853588893049539,0.0288100925613235,0.0393968666979083,251144760.0,0.7861203235934526,130.798095703125,0.0032024525370736,0.0263140902883296,spike,0.0,0
2025-02-14,NVDA,136.12416013401827,138.88694235090182,135.14671948687393,138.4879913330078,195479600,0.0263140902883296,0.0455573412972472,0.0693933680035847,0.1564088741246454,0.0243374862742042,0.0270075609302048,231876610.0,0.8430328526883328,134.93724060058594,0.0087960857073223,0.0039610182913103,neutral,0.0,0
2025-02-18,NVDA,140.90167961185236,143.06602007700403,137.57037622357197,139.0365447998047,219176600,0.0039610182913103,0.062986001840414,0.0436475611683668,0.1949254186219493,0.0196375777541039,0.039526614109586,216670700.0,1.0115654770118894,138.4879913330078,0.0174288633665037,-0.0012196140453268,neutral,0.0,0
2025-02-19,NVDA,139.1462426003846,140.99142508356047,136.86222013681927,138.86697387695312,167536000,-0.0012196140453268,0.0291226740585217,0.0484185856349796,0.1734512941147346,0.0205774110520644,0.0297349674401344,207769300.0,0.8063558956977763,139.0365447998047,0.0007889853760236,0.0063206628526371,neutral,0.0,0
2025-02-20,NVDA,139.6649119502666,140.29327428157626,136.4333538136822,139.7447052001953,143903600,0.0063206628526371,0.0090745331424846,0.0684001510035483,0.1224066439623317,0.0164023968824218,0.0276212287425446,195936580.0,0.7344396845142444,138.86697387695312,0.0057460607877904,-0.0405397983405014,crash,0.0,0
2025-02-21,NVDA,139.6748562571626,141.09116717483585,133.68053207054632,134.07948303222656,228217600,-0.0405397983405014,-0.035652941280407,-0.0063567149034737,0.0446843102369047,0.0218053494490425,0.0552704629873039,193609980.0,1.1787491533236043,139.7447052001953,-0.000499832483332,-0.0308709435824355,crash,0.0,0
2025-02-24,NVDA,136.20394796569565,138.22865397806314,129.74084737496105,129.94032287597656,251381100,-0.0308709435824355,-0.0642820301455281,-0.0617213693025379,0.0033889450073505,0.0244007076168633,0.0653208058533408,195929460.0,1.2830183883526245,134.07948303222656,0.015844817457705,-0.0280166711896482,crash,0.0,0
2025-02-25,NVDA,129.64109140603463,129.86051900489684,124.11554286315072,126.2998275756836,271428700,-0.0280166711896482,-0.0962102829245006,-0.0916069745724793,-0.0519578344302138,0.0237232583622044,0.0454868090639594,201373420.0,1.3478874222824442,129.94032287597656,-0.0023028376666997,0.0367211173411541,spike,0.0,0
2025-02-26,NVDA,129.6510686159171,133.38130717279842,128.15497972672858,130.9376983642578,322553800,0.0367211173411541,-0.0234322552333648,-0.0570997933585076,-0.0114458989579965,0.027142416173039,0.0399146121503573,215738560.0,1.4951142716443455,126.2998275756836,0.0265340112061935,-0.084780587831467,crash,0.0,0
2025-02-27,NVDA,134.64800202891726,134.65797047615226,119.69708897132982,119.83672332763672,443175800,-0.084780587831467,-0.0777556906487247,-0.1424596505752317,-0.0838037611829419,0.0380367198844131,0.1248438799842599,244028280.0,1.8160837752083487,130.9376983642578,0.0283364051072418,0.0397004209333033,spike,0.0,0
2025-02-28,NVDA,117.7122806771052,124.76384661623275,116.09650940652436,124.59429168701172,389091100,0.0397004209333033,-0.0135038655349696,-0.0707430483076597,-0.076650069821639,0.0390426693156643,0.0695644807828055,263194390.0,1.478341160691153,119.83672332763672,-0.0177278099028395,-0.0869356063683991,crash,0.0,0
2025-03-03,NVDA,123.18797717385785,123.3774766164976,111.9872535622559,113.76261138916016,411381400,-0.0869356063683991,-0.1311699166065832,-0.1245010873357415,-0.1785380790482625,0.0442991097874808,0.1001227285059229,284784570.0,1.4445354254972451,124.59429168701172,-0.0112871504313104,0.0169208923852866,spike,0.0,0
2025-03-04,NVDA,110.3615029675652,118.9989197292815,109.82291000037466,115.68757629394533,398163300,0.0169208923852866,-0.0346233351386578,-0.0840242737099463,-0.1679340387772075,0.0452115487963848,0.0793171576660222,302683240.0,1.3154454802320736,113.76261138916016,-0.0298965396457049,0.0112940354677661,neutral,0.0,0
2025-03-05,NVDA,117.27342459632162,117.971596377653,114.2114295961939,116.99415588378906,284337900,0.0112940354677661,-0.060999069061002,-0.1064899005760661,-0.1575091426169124,0.045873482671328,0.0321397829921872,314363430.0,0.9044878407135334,115.68757629394533,0.0137080259884335,-0.0573742172795768,crash,0.0,0
2025-03-06,NVDA,113.2339891683523,115.04924353236196,109.93262184934352,110.28170776367188,321181900,-0.0573742172795768,-0.0305979581778478,-0.0797336183653919,-0.210834445529191,0.0468388754234199,0.0463959235559091,332091260.0,0.9671495118540608,116.99415588378906,-0.0321397824278655,0.0191735033598423,spike,0.0,0
2025-03-07,NVDA,110.95994642430615,113.18413566485783,107.2795646426972,112.3961944580078,341755500,0.0191735033598423,-0.028450607587928,-0.0979025368164239,-0.1617196612326369,0.0480581146120639,0.0525335492952711,343445050.0,0.9950805813040544,110.28170776367188,0.0061500558377977,-0.0506701265286965,crash,0.0,0
2025-03-10,NVDA,109.61344966651625,111.5583622176382,105.18502403072868,106.70106506347656,366487400,-0.0506701265286965,-0.08797952976845,-0.0620726461836164,-0.1788456215756909,0.0491159722186689,0.0597307832224356,354955680.0,1.0324877742483232,112.3961944580078,-0.0247583541854809,0.0166386352972738,spike,0.0,0
2025-03-11,NVDA,106.71103594468934,111.9473472812216,104.49682307629251,108.47642517089844,354865700,0.0166386352972738,-0.0163697373697011,-0.062332977784273,-0.1411197683077176,0.0501629920223318,0.068683349337805,363299380.0,0.9767858673472,106.70106506347656,9.34468761567509e-05,0.0642758989133802,spike,0.0,0
2025-03-12,NVDA,113.83292501602207,116.46628328215824,112.59603885298677,115.44884490966795,323857500,0.0642758989133802,0.0271597313982072,-0.0132084458616554,-0.1182917803511495,0.0538740279823212,0.0335234573563704,363429750.0,0.8911144450887689,108.47642517089844,0.0493793912980149,-0.0013823583503979,neutral,0.0,0
2025-03-13,NVDA,116.73560262668995,117.46376961532556,113.50375517662202,115.28925323486328,299033100,-0.0013823583503979,0.0804883078372047,0.0454068546156569,-0.0379472165668326,0.0472633333436472,0.0343485132186287,349015480.0,0.856790363567828,115.44884490966795,0.0111456958969906,0.0526906776983127,spike,0.0,0
2025-03-14,NVDA,118.31162236591584,121.57339292473428,117.85278046649132,121.36392211914062,277593500,0.0526906776983127,0.1188045875215622,0.0797867552756268,-0.0259271072866321,0.0487184558478981,0.0306566596833488,337865720.0,0.8216089516272914,115.28925323486328,0.0262155322048577,-0.0175885304284569,crash,0.0,0
2025-03-17,NVDA,122.4312330919386,122.58085727393843,117.73308248243704,119.22930908203124,255501500,-0.0175885304284569,0.0327457946878662,0.1174144232871678,0.0480535531499937,0.0392218772810843,0.0406592542456659,322277730.0,0.7927991177050925,121.36392211914062,0.008794301915772,-0.0343009916286697,crash,0.0,0
2025-03-18,NVDA,117.70316017412442,118.7205909220559,114.25186503478535,115.1396255493164,299686900,-0.0343009916286697,-0.0012978459079967,0.0614253315217612,-0.0047364700876493,0.0408602623872676,0.0388113637329532,312430090.0,0.9592126673842458,119.22930908203124,-0.0128001153378889,0.0181061215521423,spike,0.0,0
2025-03-19,NVDA,116.97498651717952,120.14698705841565,115.3889900516623,117.22435760498048,273426200,0.0181061215521423,-0.0341086909674558,0.0153792157617667,0.0019676343613272,0.0411203245107821,0.0405888085374433,311338920.0,0.878226853231199,115.1396255493164,0.0159403069022227,0.0085943672273387,neutral,0.0,0
2025-03-20,NVDA,116.25681189739694,119.89762393291264,116.17701131755275,118.23182678222656,248829700,0.0085943672273387,-0.0083660830334795,0.0255233984504068,0.072089190308799,0.0356504030683253,0.0314687907361268,304103700.0,0.8182396333882159,117.22435760498048,-0.0082537940693516,-0.0070025054072168,neutral,0.0,0
2025-03-21,NVDA,116.64582513098318,117.6931791575635,115.1296446207881,117.4039077758789,266498500,-0.0070025054072168,0.0196655340484208,-0.0326292548404479,0.044554118064398,0.0356634065870923,0.0218351721449436,296578000.0,0.8985781143577743,118.23182678222656,-0.0134143376991431,0.03152095755462,spike,0.0,0
2025-03-24,NVDA,119.5784337604655,121.91255134314883,119.03979124138472,121.1045913696289,228452500,0.03152095755462,0.0331009172831122,0.0157283666410199,0.1349895270265921,0.0305251605158576,0.0237213145205703,282774510.0,0.8078963694429177,117.4039077758789,0.0185217513265206,-0.0059304796363682,neutral,0.0,0
2025-03-25,NVDA,120.24673586292964,120.98487211685924,118.62083157726416,120.38638305664062,167447200,-0.0059304796363682,0.0182231496632676,0.0455686518198457,0.1097930528866408,0.031068494941171,0.0196371091112756,264032660.0,0.6341912398261639,121.1045913696289,-0.0070835919348504,-0.0574197156220778,crash,0.0,0
2025-03-26,NVDA,118.43133002412056,118.54104631031402,112.42646947850852,113.4738311767578,293463300,-0.0574197156220778,-0.0334748363455118,-0.0319944293562358,-0.0171072628267133,0.0316657318590672,0.0538853475589524,260993240.0,1.1244095824091076,120.38638305664062,-0.0162398186811562,-0.0204818155987778,crash,0.0,0
2025-03-27,NVDA,111.0698805170997,114.1620804707786,110.38162149260252,111.1496810913086,236902100,-0.0204818155987778,-0.0822009319856129,-0.0599005012750306,-0.0359059671860454,0.0322439001819187,0.0340123241115776,254780140.0,0.9298295385189757,113.4738311767578,-0.0211850665014867,-0.015794642330693,crash,0.0,0
2025-03-28,NVDA,111.209532925471,112.58606625933989,108.79562251910656,109.39411163330078,229872500,-0.015794642330693,-0.0913082621492837,-0.0682242720392972,-0.0986274197210709,0.0256589411932062,0.0346494311589571,250008040.0,0.9194604301525664,111.1496810913086,0.0005384795851391,-0.011762523359304,neutral,0.0,0
2025-03-31,NVDA,104.86553641067388,110.68087252083328,103.38926370156524,108.10736083984376,299212700,-0.011762523359304,-0.0472925808643466,-0.1073223598114103,-0.0932819985942838,0.0255340821581818,0.0674478477933637,254379160.0,1.1762469063896586,109.39411163330078,-0.0413968828396093,0.0163314384176878,spike,0.0,0
2025-04-01,NVDA,108.2470050831867,109.92277920039626,106.20216660392524,109.87290954589844,222614000,0.0163314384176878,-0.0114869564435483,-0.087331085491585,-0.0457419934995544,0.0250740221539777,0.0338628749511432,246671870.0,0.9024701519472,108.10736083984376,0.0012917181795772,0.002451035193999,neutral,0.0,0
2025-04-02,NVDA,107.02008887029169,111.69829255934154,106.52134673236148,110.1422119140625,220601200,0.002451035193999,0.0068385790568821,-0.029360243045867,-0.0604153081800901,0.0239786178235892,0.0470023775355022,241389370.0,0.9138811704923048,109.87290954589844,-0.0259647322292399,-0.0780653424361482,crash,0.0,0
2025-04-03,NVDA,103.24961996040646,105.36428217323731,101.3444209635382,101.5439224243164,338769400,-0.0780653424361482,-0.0607122250005788,-0.0864218284090363,-0.1411456188412611,0.0323401478954225,0.0395874131481894,250383340.0,1.3530029593822015,110.1422119140625,-0.0625790224644655,-0.0735756578069983,crash,0.0,0
2025-04-04,NVDA,98.66119636165205,99.87812106911886,91.87829866162578,94.07276153564452,532273800,-0.0735756578069983,-0.1438038555232175,-0.1400564424254831,-0.198725465635888,0.0371006578014326,0.0850386687592021,276960870.0,1.9218375505536216,101.5439224243164,-0.0283889571511573,0.0353089400464954,spike,0.0,0
2025-04-07,NVDA,87.23998007579976,101.49403230771996,86.40209687721266,97.39437103271484,611041300,0.0353089400464954,-0.1157398299871991,-0.0990958406893286,-0.1957830010304647,0.037713843497518,0.1549569576812392,315219750.0,1.938461343237535,94.07276153564452,-0.0726329422917577,-0.0137238336398191,neutral,0.0,0
2025-04-08,NVDA,103.548848949522,105.5837179566193,94.2223717079774,96.05774688720705,476243400,-0.0137238336398191,-0.0540276109700053,-0.1257376610466498,-0.2020879401118579,0.0374498754742994,0.1182762100591701,346099370.0,1.37603082028147,97.39437103271484,0.0631913102528262,0.1872274776475972,spike,0.0,0
2025-04-09,NVDA,98.6412345329499,114.8104562069238,97.28465510127192,114.04239654541016,612918300,0.1872274776475972,0.2122786094910063,0.0354104440393001,0.0050105417500772,0.0737856498497721,0.1536779446639683,378044870.0,1.62128453164832,96.05774688720705,0.0268951514007135,-0.0591271671718145,crash,0.0,0
2025-04-10,NVDA,109.09486759895934,110.58111717003516,98.9005761841806,107.29939270019533,437812400,-0.0591271671718145,0.1017001451157109,0.0566796134960083,-0.0346405707448704,0.0761152835490549,0.1088593391995339,398135900.0,1.0996556703376912,114.04239654541016,-0.0433832425161354,0.0312355437087143,spike,0.0,0
2025-04-11,NVDA,108.22706011361764,111.26939065397995,107.20962934859612,110.65094757080078,313417300,0.0312355437087143,0.1519211219968481,0.1762272709393646,0.0114890638877622,0.0765562694307205,0.0366898015291388,406490380.0,0.7710325149638227,107.29939270019533,0.0086455979859485,-0.0019832808404687,neutral,0.0,0
2025-04-14,NVDA,113.82294410726054,114.00249160148302,108.7956218792334,110.4314956665039,264705000,-0.0019832808404687,-0.0316627937353845,0.1338591182996591,0.0214983957484933,0.0764000999600835,0.0471502236823273,403039610.0,0.6567716756176893,110.65094757080078,0.0286666911228223,0.0134585864484084,neutral,0.0,0
2025-04-15,NVDA,110.69084593782598,113.33418114021704,110.22202704858428,111.9177474975586,228966900,0.0134585864484084,0.0430417608258733,0.1651090216489741,0.0186109384024817,0.0763565070521955,0.0278075118667005,403674900.0,0.5672061849770694,110.4314956665039,0.0023485172391878,-0.0687166509774199,crash,0.0,0
2025-04-16,NVDA,104.28698893886386,106.52135168992342,100.19729712933866,104.22713470458984,397016900,-0.0687166509774199,-0.0580547479008313,-0.0860667798831463,-0.053703998736541,0.079789522155072,0.0606757019514061,421316470.0,0.9423246615542944,111.9177474975586,-0.0681818454116153,-0.0287107505977303,crash,0.0,0
2025-04-17,NVDA,104.18724851478048,104.20720246563867,99.7983229910804,101.23469543457033,292517500,-0.0287107505977303,-0.0832805910707514,-0.0565212636624173,-0.0030452535451006,0.0760554162709044,0.0435510716521867,416691280.0,0.7020005314246077,104.22713470458984,-0.0003826852759832,-0.0451276257186471,crash,0.0,0
2025-04-21,NVDA,98.52152791683338,99.18984822876097,94.80091547691984,96.6662139892578,288501100,-0.0451276257186471,-0.1362744859445415,-0.1263860264060978,0.0275685800148495,0.0733941522789902,0.0454029652214252,392314010.0,0.7353831182322548,101.23469543457033,-0.0268007673267562,0.0204312722243329,spike,0.0,0
2025-04-22,NVDA,98.53150383378456,99.55891150664588,97.03527729423074,98.64122772216795,241004800,0.0204312722243329,-0.0535935963149517,-0.1067654465166514,0.0128021432474192,0.072859987278139,0.0255839700163018,355310360.0,0.6782937598554684,96.6662139892578,0.0192961922014866,0.0386288205763387,spike,0.0,0
2025-04-23,NVDA,104.25706634151078,104.53636836662164,101.76335533667915,102.45162200927734,247526000,0.0386288205763387,0.0120208449236016,-0.0845810937044434,0.0665628263129898,0.0733642924764398,0.0270665605439744,332438620.0,0.7445765476947294,98.64122772216795,0.0569319619090746,0.0362184598041528,spike,0.0,0
2025-04-24,NVDA,103.21968611105362,106.2719858525715,102.85061415392688,106.16226196289062,220815000,0.0362184598041528,0.0982354390613466,0.0185664439858728,-0.0690982899450185,0.0408999569101456,0.0322277581071188,293228290.0,0.7530480773188699,102.45162200927734,0.0074968466746844,0.0430329359176135,spike,0.0,0
2025-04-25,NVDA,106.5811973815152,111.63844254684066,105.46401982086034,110.7307357788086,251064700,0.0430329359176135,0.1225603972680859,0.0938022315716424,0.0319791472464412,0.0389711770091974,0.055760694468012,274553520.0,0.9144472086899488,106.16226196289062,0.0039461802233548,-0.0205385959843867,crash,0.0,0
2025-04-28,NVDA,109.4140660423662,110.09235573735528,105.75329251827114,108.45648193359376,207708500,-0.0205385959843867,0.0586116628175263,0.1219688602436233,-0.0198323257539468,0.0383626188125782,0.0400074125743897,263982640.0,0.7868263610061631,110.7307357788086,-0.0118907341054115,0.0026669981333193,neutral,0.0,0
2025-04-29,NVDA,107.39913288387578,109.9227669482824,107.16971575631224,108.74573516845705,170444300,0.0026669981333193,0.0243351371551359,0.102436959470429,-0.0152652147638908,0.0383820093268374,0.0253164060889875,254556570.0,0.6695733683086632,108.45648193359376,-0.0097490627657034,-0.0009171768856272,neutral,0.0,0
2025-04-30,NVDA,104.20719367744805,108.64599609375,103.81817538074748,108.64599609375,235044600,-0.0009171768856272,-0.0188271094777423,0.0604614545186188,-0.0292335351359708,0.0380537051247274,0.0444362506358414,255164340.0,0.9211498754097064,108.74573516845705,-0.0417353515885325,0.0246971162704994,spike,0.0,0
2025-05-01,NVDA,112.79554223516972,114.65086390129244,111.02002115064856,111.32923889160156,236121500,0.0246971162704994,0.026487646536117,0.0486705617719136,0.0681406450166854,0.0306927851411787,0.0326135594457727,239074800.0,0.9876469623732824,108.64599609375,0.0381932725605378,0.0258937239251855,spike,0.0,0
2025-05-02,NVDA,113.8927727544179,115.10970497913569,113.08481279973248,114.21196746826172,190194800,0.0258937239251855,0.0502661763363592,0.0314387117991079,0.1281899646952444,0.0283975897901652,0.0177292469807588,228842530.0,0.8311164887051371,111.32923889160156,0.0230266000948087,-0.0059388813259807,neutral,0.0,0
2025-05-05,NVDA,112.62596928442515,114.38153638068395,112.3765981799359,113.53367614746094,133163200,-0.0059388813259807,0.044987208267605,0.0468131929355395,0.1744918049658752,0.0214045466967361,0.0176594140944047,213308740.0,0.6242744671409151,114.21196746826172,-0.0138864448182918,-0.0024601027102457,neutral,0.0,0
2025-05-06,NVDA,111.19955636031544,114.45134979394626,110.54121305019044,113.2543716430664,158525600,-0.0024601027102457,0.0172922474871071,0.0414603521473746,0.148144384030354,0.0221390607221689,0.0345252610299146,205060820.0,0.7730662541971695,113.53367614746094,-0.020558832113512,0.0310023047629095,spike,0.0,0
2025-05-07,NVDA,112.76561133481998,117.3839612389874,111.9975441064208,116.76551818847656,206758800,0.0310023047629095,0.0223579960736115,0.0747337443316389,0.1397137097341714,0.0213173968989737,0.0461302036434431,200984100.0,1.0287321235858955,113.2543716430664,-0.0043155977217975,0.0026482731763923,neutral,0.0,0
2025-05-08,NVDA,117.95252869863282,118.38144728921776,115.55856464909375,117.07474517822266,198428100,0.0026482731763923,0.0311895919424161,0.0516082418583256,0.1027906057535448,0.0199159346997562,0.0241117982860158,198745410.0,0.9984034348264949,116.76551818847656,0.0101657623635108,-0.0061344180054495,neutral,0.0,0
2025-05-09,NVDA,117.05479580716788,117.9325869721132,114.92017974547274,116.35655975341795,132972200,-0.0061344180054495,0.027391332143261,0.018777299198109,0.0508063450950717,0.0166601765586724,0.0258894490609239,186936160.0,0.7113241226309559,117.07474517822266,-0.0001703985861716,0.0544362510029614,spike,0.0,0
2025-05-12,NVDA,121.66316698651148,122.6905746459961,119.97741600529793,122.6905746459961,225023300,0.0544362510029614,0.0507432035539432,0.0806535893952899,0.131242434372135,0.0203138420540727,0.0221138310626268,188667640.0,1.1926968503978743,116.35655975341795,0.0456064294470312,0.0563414062508258,spike,0.0,0
2025-05-13,NVDA,124.66559728217727,130.88989748886456,124.1568781333485,129.60313415527344,330430100,0.0563414062508258,0.1070118833739832,0.1443543615581741,0.1917996963697599,0.0241328693466222,0.0519510534941959,204666220.0,1.6144828394250892,122.6905746459961,0.0160975905596643,0.0416379442999381,spike,0.0,0
2025-05-14,NVDA,132.8649261154048,135.099296769805,131.34874548490453,134.99954223632812,281180800,0.0416379442999381,0.1602228746055938,0.1561593210969971,0.2425634362065014,0.0241868421040085,0.0277819555738552,209279840.0,1.3435637183208855,129.60313415527344,0.0251675392064479,-0.0037683685360442,neutral,0.0,0
2025-05-15,NVDA,133.9521641466833,135.9571173935552,132.32627503661865,134.49081420898438,226632600,-0.0037683685360442,0.0961788596804276,0.1487602557173988,0.2080457528316945,0.0255012547363569,0.0269969542402695,208330950.0,1.0878489249917018,134.99954223632812,-0.0077583825270408,0.0042274838069931,neutral,0.0,0
2025-05-16,NVDA,135.87731640314823,136.00699423634137,133.12426513669956,135.0593719482422,226542500,0.0042274838069931,0.0420995821476957,0.1607370674627981,0.1825325746688826,0.0258036146134788,0.0213441618901243,211965720.0,1.068769516127419,134.49081420898438,0.0103092705796945,0.0012557546950142,neutral,0.0,0
2025-05-19,NVDA,132.05696494191162,135.5282065455698,132.05696494191162,135.22897338867188,193154600,0.0012557546950142,0.0016994957800828,0.1021952890745951,0.1910912953530408,0.025179544741386,0.025669362982452,217964860.0,0.8861731198322519,135.0593719482422,-0.0222302751969049,-0.0087777913934044,neutral,0.0,0
2025-05-20,NVDA,133.95217650431997,134.24145551049554,132.286379343903,134.04196166992188,161514200,-0.0087777913934044,-0.0033374215309979,0.0342493840413644,0.1835477935665905,0.0258188139816809,0.0145855532270327,218263720.0,0.7399956346386839,135.22897338867188,-0.0094417405705075,-0.0191992235480058,crash,0.0,0
2025-05-21,NVDA,132.72528507307794,137.05436414816955,130.26149714159004,131.4684600830078,270608700,-0.0191992235480058,-0.0265876541067471,-0.0261562527903899,0.1259185256284185,0.0276698880297606,0.0516691760311984,224648710.0,1.2045860401335045,134.04196166992188,-0.0098228687527436,0.0078148385134164,neutral,0.0,0
2025-05-22,NVDA,131.8973680939745,133.91229099864714,131.21908595560456,132.49586486816406,187344000,0.0078148385134164,-0.0202109684930638,-0.0148333501626392,0.1317202925914198,0.0275181548284791,0.0203267101635388,223540300.0,0.8380770715615932,131.4684600830078,0.0032624403655134,-0.0115940473433389,neutral,0.0,0
2025-05-23,NVDA,129.67295354222074,132.3462040479136,128.83507041838283,130.95970153808594,198821300,-0.0115940473433389,-0.0229947405531559,-0.0303545792566497,0.1255033821523674,0.02798538272802,0.026810794376388,230125210.0,0.8639700969745991,132.49586486816406,-0.0213056560576601,0.0320664835436916,spike,0.0,0
2025-05-27,NVDA,133.81250879901197,135.31871978851976,132.974625664691,135.15911865234375,192953600,0.0320664835436916,0.0280725777650829,-0.0005165663435701,0.1016259320842178,0.0249689691971474,0.0173432184761299,226918240.0,0.8503221248322744,130.95970153808594,0.0217838558535227,-0.0050921290958871,neutral,0.0,0
2025-05-28,NVDA,135.68780317037033,136.904735369061,134.45091702175245,134.4708709716797,304021100,-0.0050921290958871,0.0149061716415135,0.0031998136733779,0.0375587893621027,0.0191889388095668,0.0182479545910381,224277340.0,1.355558702452954,135.15911865234375,0.0039115712154535,0.0324901054536965,spike,0.0,0
2025-05-29,NVDA,141.89214330786072,143.12902933343943,137.56306504893934,138.83984375,369241900,0.0324901054536965,0.0601722676469473,0.0560695976992351,0.0284467743375684,0.0173141777574321,0.0400890993115951,233083450.0,1.5841618098582289,134.4708709716797,0.055188698359394,-0.029168564309428,crash,0.0,0
2025-05-30,NVDA,138.37105052724368,139.26878048564038,132.5856374053386,134.7900848388672,333170900,-0.029168564309428,-0.0027303656398188,0.0173154080920632,0.0022252124179855,0.0200543285482249,0.0495818597361301,243737280.0,1.366926306882558,138.83984375,-0.0033765035316551,0.0166506237602028,spike,0.0,0
2025-06-02,NVDA,135.14917875467413,137.77255260816483,135.05939358324852,137.034423828125,197663100,0.0166506237602028,0.0190640012808811,0.0463861952852144,0.0146235825873652,0.020692262691712,0.0197991055759776,240849340.0,0.8206918897930133,134.7900848388672,0.0026640974092138,0.0279515333346398,spike,0.0,0
2025-06-03,NVDA,138.43088175862894,141.6427826965636,137.60296789247522,140.86474609375,225578800,0.0279515333346398,0.0145844470078495,0.0422141509821638,0.041675778228974,0.0222963983897214,0.0286786787760206,244091760.0,0.9241557355315886,137.034423828125,0.0101905630095941,0.0049568270760613,neutral,0.0,0
2025-06-04,NVDA,141.83231333868676,142.03180718032695,139.18897047063936,141.56298828125,167120800,0.0049568270760613,0.0502477867751132,0.0527409189687182,0.0561094937557586,0.0218182229055289,0.0200817794552315,244652420.0,0.6830948167199817,140.86474609375,0.0068687678909584,-0.0135991787417951,neutral,0.0,0
2025-06-05,NVDA,141.8123566062966,143.63775490128222,138.48076233301106,139.63784790039062,231397900,-0.0135991787417951,0.0189983217321434,0.0057476595250822,0.0621395261816009,0.0211707422676388,0.0369311948430332,240731340.0,0.9612288121687852,141.56298828125,0.0017615361760459,0.0123580175332351,neutral,0.0,0
2025-06-06,NVDA,142.1515008770834,142.9095987862069,141.15401644541944,141.36349487304688,153986200,0.0123580175332351,0.0035406217178353,0.0487677564862265,0.066927598183583,0.0212566837189687,0.0124189228793762,237395560.0,0.648648188702434,139.63784790039062,0.0180012297130637,0.0064211403698328,neutral,0.0,0
2025-06-09,NVDA,142.8297985646697,144.63524295526028,141.58294302195193,142.27120971679688,185114500,0.0064211403698328,0.0050028714718837,0.0382151122497518,0.0863739611946299,0.0202745035398905,0.0214540941866187,236024880.0,0.7843007906624081,141.36349487304688,0.0103725766891915,0.0093247600839392,neutral,0.0,0
2025-06-10,NVDA,142.3310452201821,143.92701105784593,141.17395971410352,143.5978546142578,155881900,0.0093247600839392,0.0283591216379388,0.0194023600389614,0.0624355651772203,0.0185389694022959,0.0191719531683662,232317710.0,0.6709858667253564,142.27120971679688,0.0004205735194374,-0.0077805047780593,neutral,0.0,0
2025-06-11,NVDA,144.25623511410478,144.6353103750697,141.52293261104455,142.4805908203125,167694000,-0.0077805047780593,0.0079022943530706,0.0064819381831602,0.0595647205283567,0.0187397903702687,0.0218442227541735,218685000.0,0.7668290006173263,143.5978546142578,0.0045848909206586,0.0151928630972728,spike,0.0,0
2025-06-12,NVDA,141.62269259555393,144.64527893066406,141.50299102868564,144.64527893066406,162365000,0.0151928630972728,0.0166869264596327,0.0358601275052981,0.041813898833807,0.0167069977374462,0.0217240958378232,197997310.0,0.8200363934237288,142.4805908203125,-0.0060211585298695,-0.0208964148112452,crash,0.0,0
2025-06-13,NVDA,142.13145812905782,143.2287733742275,140.50545582034982,141.62271118164062,180820600,-0.0208964148112452,-0.013754686223711,0.0018336863334238,0.0506908675882309,0.0149856646356177,0.0192293844056186,182762280.0,0.9893759259295736,144.64527893066406,-0.0173792108542391,0.019158884244228,spike,0.0,0
2025-06-16,NVDA,142.9993260342438,145.82238955213242,142.84968384945327,144.33604431152344,183133700,0.019158884244228,0.0130224999807231,0.0145133692110779,0.0532831114943532,0.0152204115216194,0.0205957265689164,181309340.0,1.0100621402074488,141.62271118164062,0.0097202972681237,-0.0039395479980509,neutral,0.0,0
2025-06-17,NVDA,144.13653073401778,144.8647406282524,143.42826095310537,143.76742553710938,139108000,-0.0039395479980509,-0.0060690082665988,0.0011808736509821,0.0206061454256805,0.0131490698443858,0.0099916908839426,172662260.0,0.8056653492199164,144.33604431152344,-0.0013822851974177,0.0094365896117807,neutral,0.0,0
2025-06-18,NVDA,143.6576946584193,145.2936820241915,142.7698725249477,145.1240997314453,161494100,0.0094365896117807,0.0247233548954866,0.0185534667979208,0.0251556674059485,0.013331513351494,0.0173906987462052,172099590.0,0.9383758555148214,143.76742553710938,-0.0007632527207058,-0.011204252657464,neutral,0.0,0
2025-06-20,NVDA,145.09416929186932,145.84233449814036,142.30101614416546,143.4980926513672,242956200,-0.011204252657464,-0.005805560656406,-0.0079310316090356,0.0276446880915139,0.013026846494373,0.0246785047002585,173255420.0,1.40230071878848,145.1240997314453,-0.000206240311784,0.0022245164468006,neutral,0.0,0
2025-06-23,NVDA,142.1513937655616,144.42581484809375,141.68254233682853,143.8173065185547,154308900,0.0022245164468006,0.000346956073387,0.0154960692293155,0.0173581704931069,0.0125880906830489,0.0190747037173255,173287690.0,0.8904781407150156,143.4980926513672,-0.0093847859642108,0.0258723120363035,spike,0.0,0
2025-06-24,NVDA,145.20392063963206,147.59805875973225,145.14406985038545,147.53819274902344,187566100,0.0258723120363035,0.0166346804014319,0.0221853692386686,0.0370207229045915,0.0147070193661214,0.016632906121612,173532850.0,1.0808679739887863,143.8173065185547,0.0096414969425009,0.0433399803062612,spike,0.0,0
2025-06-25,NVDA,148.90483162044157,154.0721520137232,148.8948463426075,153.9324951171875,269146500,0.0433399803062612,0.0727145725286466,0.0707049565790152,0.0719693238502154,0.0193448430655856,0.0336336110655145,184859310.0,1.4559531786632764,147.53819274902344,0.0092629497891635,0.0046011546254405,neutral,0.0,0
2025-06-26,NVDA,155.59840525486092,156.33660039378947,153.6232534017049,154.64076232910156,198145700,0.0046011546254405,0.0752583682211465,0.0655760319289973,0.0853461614580521,0.0186681229912064,0.017546130471797,187904480.0,1.054502266257835,153.9324951171875,0.0108223421988007,0.0176106713113781,spike,0.0,0
2025-06-27,NVDA,155.65826650868465,158.32174817747665,154.880175871103,157.3640899658203,263234500,0.0176106713113781,0.0665990075770526,0.096628443335069,0.087931048487611,0.0187814970488444,0.021870124925713,197991430.0,1.329524717307209,154.64076232910156,0.0065797928324852,0.0015214758286448,neutral,0.0,0
2025-06-30,NVDA,158.01250107649778,158.2718747820143,155.57848281781088,157.603515625,194580300,0.0015214758286448,0.0238482492278044,0.0958591802347978,0.1128406899572973,0.0159986053124853,0.0170896693104996,199367400.0,0.9759885517893097,157.3640899658203,0.0041204515643836,-0.0296854281040487,crash,0.0,0
2025-07-01,NVDA,155.9076636637482,156.81544119896878,151.1194180014287,152.92498779296875,213143600,-0.0296854281040487,-0.0110952281293166,0.0365111903811155,0.0595065738597326,0.0201116183269932,0.0372471711768348,202368390.0,1.0532455192236296,157.603515625,-0.0107602419560671,0.025766476699675,spike,0.0,0
2025-07-02,NVDA,152.60576718743292,157.2144758260153,152.5957971297394,156.86532592773438,171224100,0.025766476699675,-0.003169490817087,0.0190527075411475,0.091104784979572,0.0206701368321293,0.029443592259539,205580000.0,0.8328830625547232,152.92498779296875,-0.0020874326043301,0.0132908236567594,neutral,0.0,0
2025-07-03,NVDA,157.98256705200242,160.58618269349765,157.3840439934681,158.9501953125,143716100,0.0132908236567594,0.0085447312654134,0.0278673806213347,0.0952708447917343,0.0207161348831371,0.0201455474385171,203802200.0,0.7051744289315817,156.86532592773438,0.00712229498559,-0.0069034535987466,neutral,0.0,0
2025-07-07,NVDA,157.81297934590498,158.92026447090194,156.95508262544374,157.85289001464844,140139000,-0.0069034535987466,0.0322243100542281,0.0031061727547516,0.1000347607278422,0.0202824816112499,0.0124494511647891,193520480.0,0.7241559136273329,158.9501953125,-0.0071545427444063,0.0111224240933849,neutral,0.0,0
2025-07-08,NVDA,158.9402376292259,159.8280598400772,158.00253468758166,159.6085968017578,138133000,0.0111224240933849,0.0174880640944654,0.0127223124992255,0.10980104318089,0.0201094184343485,0.0114375114440918,191902890.0,0.7198067731027917,157.85289001464844,0.0068883605138718,0.0180000036328493,spike,0.0,0
2025-07-09,NVDA,160.8256093227867,164.01777813022636,160.7657585360006,162.48155212402344,183656400,0.0180000036328493,0.0222167503763093,0.0624918430203993,0.1012846849792994,0.0195949602422377,0.0200147004488452,191511920.0,0.958981561043302,159.6085968017578,0.0076249810186633,0.0074901456943119,neutral,0.0,0
2025-07-10,NVDA,163.91802564623063,164.0975779997467,161.214648514871,163.6985626220703,167704100,0.0074901456943119,0.0370324078759622,0.0435611672236853,0.0634438329440967,0.0156783930046799,0.0176112083007809,181367680.0,0.9246636445920244,162.48155212402344,0.0088408407196327,0.0049969477493274,neutral,0.0,0
2025-07-11,NVDA,163.319494380175,167.4792915182188,163.07010595303956,164.5165557861328,193633300,0.0049969477493274,0.0307499663722432,0.035019525850152,0.0638628089275317,0.0156741789417028,0.0268008623454958,180916440.0,1.0702913455515706,163.6985626220703,-0.0023156479557518,-0.0051539837152702,neutral,0.0,0
2025-07-14,NVDA,164.96544774793,165.08516454052796,161.62365204151925,163.66864013671875,136975800,-0.0051539837152702,0.0073059864161637,0.0368428485631819,0.0400634615703481,0.0155045333388736,0.0211495158517671,168290570.0,0.8139243927927751,164.5165557861328,0.0027285519056254,0.0404096031134266,spike,0.0,0
2025-07-15,NVDA,170.771231752154,171.9782632858091,168.7860942767486,170.2824249267578,230627400,0.0404096031134266,0.0402194264826112,0.0668750201360235,0.0804481375398113,0.0192305834434286,0.0187463210629842,171895280.0,1.341673837699325,163.66864013671875,0.043396166849692,0.0039249512685413,neutral,0.0,0
2025-07-16,NVDA,170.64153593048928,171.32985042878116,168.4868162544787,170.95077514648438,158831500,0.0039249512685413,0.0391098593670771,0.0521242129444721,0.1178733940977592,0.014205893504189,0.0166307182396003,166464070.0,0.954148844252096,170.2824249267578,0.0021089140813324,0.0095115513731063,neutral,0.0,0
2025-07-17,NVDA,171.59918390717252,173.7339481189201,170.4120926228971,172.5767822265625,160841100,0.0095115513731063,0.0544279104561657,0.0542351714168025,0.1001588860119806,0.013264747675826,0.0192485654974259,165425770.0,0.972285636028776,170.95077514648438,0.0037929559554938,-0.0034104356572489,neutral,0.0,0
2025-07-18,NVDA,173.21520688358655,173.82371518980958,170.8410244393951,171.98822021484375,146456400,-0.0034104356572489,0.0100174477126435,0.0454158816601042,0.0820258501520596,0.0137987089027264,0.0173424130250813,165699800.0,0.8838658827590619,172.5767822265625,0.0036993658636299,-0.0059740476355242,neutral,0.0,0
2025-07-21,NVDA,172.32739806402674,172.9558617527255,170.58167912560677,170.96075439453125,123126100,-0.0059740476355242,5.837497980532014e-05,0.044554132372097,0.0830384820871281,0.013689883861835,0.013887296154764,163998510.0,0.7507757235111465,171.98822021484375,0.0019720993028435,-0.0253822623964619,crash,0.0,0
2025-07-22,NVDA,170.9208374301641,170.97071815657463,164.17738028748298,166.6213836669922,193114300,-0.0253822623964619,-0.0345086893076493,-0.0214998186767678,0.0439374006523258,0.0172071661599831,0.0407711046420593,169496640.0,1.1393399892764835,170.96075439453125,-0.0002334861267342,0.0224510767192391,spike,0.0,0
2025-07-23,NVDA,169.1152710575868,170.84103463039327,167.55908978070133,170.36221313476562,154082200,0.0224510767192391,-0.0094541770247227,-0.0034428741912074,0.0485018816457809,0.01764877075414,0.0192645117089183,166539220.0,0.925200682457862,166.6213836669922,0.0149673909537257,0.0173322401413433,spike,0.0,0
2025-07-24,NVDA,172.01814916975516,173.4047480967394,170.88093864849802,173.31497192382812,128984600,0.0173322401413433,0.0137705143945725,0.0042774566065122,0.0587446166155969,0.0180792872208134,0.0145619816927911,162667270.0,0.79293517374454,170.36221313476562,0.0097200899455303,-0.0013813601775607,neutral,0.0,0
2025-07-25,NVDA,173.18529303585547,174.29257821699642,172.53688923976992,173.0755615234375,122316800,-0.0013813601775607,0.0387355915213414,0.0063221847823964,0.0520251940384113,0.0182254539850844,0.0101440605581322,155535620.0,0.7864230714481995,173.31497192382812,-0.0007482266911692,0.018731992791827,spike,0.0,0
2025-07-28,NVDA,173.594294429185,176.56700011257405,173.54441370124516,176.31761169433594,140023500,0.018731992791827,0.0349572739751817,0.0313338421953994,0.0772840267203969,0.0182780885385389,0.0171428502364746,155840390.0,0.8985058366447877,173.0755615234375,0.0029971470332468,-0.007015572535573,neutral,0.0,0
2025-07-29,NVDA,177.52466141853475,178.9411858321479,174.5918511336965,175.0806427001953,154077500,-0.007015572535573,0.0101876413605122,0.0507693481294677,0.0281779976735785,0.0146099285481527,0.0248418936061316,148185400.0,1.039761676926337,176.31761169433594,0.0068458829075529,0.0214234076181238,spike,0.0,0
2025-07-30,NVDA,176.07820855766118,179.44994513464422,175.60935707311754,178.8314666748047,174312200,0.0214234076181238,0.0332566024960592,0.0497132162361582,0.0460991856958092,0.0157523828279733,0.0214760194776604,149733470.0,1.1641498724366703,175.0806427001953,0.0056977507169315,-0.0078095382903896,neutral,0.0,0
2025-07-31,NVDA,182.45256948733228,182.85160010862035,175.49961883405416,177.43487548828125,221685400,-0.0078095382903896,0.0063366545361458,0.023771192521462,0.0281503293724698,0.0161041822823945,0.0414348151925282,155817900.0,1.422721009588757,178.8314666748047,0.0202486893378354,-0.0233316409210162,crash,0.0,0
2025-08-01,NVDA,173.6641186818972,176.1081221843386,170.47194991004753,173.29502868652344,204529000,-0.0233316409210162,-0.0101988088810567,0.0012680424732074,0.0075982440544315,0.0180817792701066,0.0325235658345771,161625160.0,1.2654527302556111,177.43487548828125,-0.0212514974635473,0.0361500151931886,spike,0.0,0
2025-08-04,NVDA,174.7314908730668,179.75915428060495,174.09305718288007,179.5596466064453,148174600,0.0361500151931886,0.00407187809383,0.0183874706613527,0.0502974629608274,0.0209763116865522,0.0315555148654513,164130010.0,0.90278797887114,173.29502868652344,0.0082891136429643,-0.0096666097591008,neutral,0.0,0
2025-08-05,NVDA,179.18058718831315,179.81902093485988,175.46968627980374,177.82391357421875,156407600,-0.0096666097591008,0.0021925683148078,0.0156686132271113,0.0672334466362123,0.0189259021957667,0.0244586600735274,160459340.0,0.974749117128364,179.5596466064453,-0.0021110501457099,0.0065074531477447,neutral,0.0,0
2025-08-06,NVDA,175.89865688532507,179.4599159046609,175.81885075769642,178.98109436035156,137192300,0.0065074531477447,0.0328114759951583,0.0008366966302355,0.0505915077468965,0.0181042010190312,0.0203432946925318,158770350.0,0.8640926974085527,177.82391357421875,-0.0108267591810149,0.0075242301490108,neutral,0.0,0
2025-08-07,NVDA,181.1258353228625,183.43018196887525,178.3626072705472,180.32778930664065,151878400,0.0075242301490108,0.0042779249943554,0.0163040879669142,0.0404628481023248,0.0176269093566423,0.0281020175415716,161059730.0,0.9429942543676187,178.98109436035156,0.0119830587145301,0.0106763755036611,neutral,0.0,0
2025-08-08,NVDA,181.10585596760288,182.85157473717487,179.9586602147226,182.25303649902344,123396700,0.0106763755036611,0.0249073526489231,0.0516922376850423,0.0530258281111695,0.0176216933027384,0.0158730662491198,161167720.0,0.7656415316913338,180.32778930664065,0.0043147352050057,-0.0035028907493092,neutral,0.0,0
2025-08-11,NVDA,181.6046539661726,183.39026839012567,179.80905426349312,181.6146240234375,138323200,-0.0035028907493092,0.014714010284146,0.0114445392148505,0.030042446005249,0.0171373391941715,0.019718754180117,160997690.0,0.859162637675112,182.25303649902344,-0.0035575952275248,0.0060419435040095,neutral,0.0,0
2025-08-12,NVDA,182.51242163652668,184.0286922178894,179.0209838780724,182.71192932128903,145485700,0.0060419435040095,0.0132211459133135,0.0274879550720841,0.043587266435624,0.0167749575986557,0.0274076704154943,160138510.0,0.9084991486432588,181.6146240234375,0.004943421367727,-0.0085717561803035,neutral,0.0,0
2025-08-13,NVDA,182.1732462738988,183.51994981646104,178.9112567337155,181.1457672119141,179871700,-0.0085717561803035,-0.0060754504198083,0.0120944218119725,0.0129412378041826,0.0160595016814793,0.0254419032455449,160694460.0,1.1193397706429955,182.71192932128903,-0.0029482642397311,0.0023680104963377,neutral,0.0,0
2025-08-14,NVDA,179.3102712094187,182.57227595462552,179.02098734413144,181.57472229003903,129554000,0.0023680104963377,-0.0002197055089204,0.0069148132309104,0.023331640921016,0.0157299987980219,0.019558276425842,151481320.0,0.8552473664739653,181.1457672119141,-0.0101327015847306,-0.0086255253397127,neutral,0.0,0
2025-08-15,NVDA,181.4350544917397,181.4549946043824,177.6044370814236,180.008544921875,156602200,-0.0086255253397127,-0.0147958833856999,-0.0123152492834349,0.0387403856084975,0.0135979562134847,0.021390970771026,146688640.0,1.0675823294837283,181.57472229003903,-0.0007692028743746,0.0086451347117582,neutral,0.0,0
2025-08-18,NVDA,180.15820389652,182.4924758960302,180.14821861780752,181.5647430419922,132008000,0.0086451347117582,0.0023129208952916,-0.0002746528905011,0.0111667430485737,0.0079609983566667,0.012911412419318,145071980.0,0.9099482891182707,180.008544921875,0.0008313992800172,-0.0349981557315568,crash,0.0,0
2025-08-19,NVDA,181.98369406640825,182.0535301239894,175.0606849397743,175.21031188964844,185229200,-0.0349981557315568,-0.0350511917084161,-0.0410570752523192,-0.014697695220162,0.0137250533412831,0.0399111508266668,147954140.0,1.2519365798077702,181.5647430419922,0.0023074470153005,-0.0013664172947845,neutral,0.0,0
2025-08-20,NVDA,174.74146841521826,175.56943975883806,168.38705663117767,174.9709014892578,215142700,-0.0013664172947845,-0.027985579433485,-0.0340878278178732,-0.022405678574184,0.0134444098586103,0.041049014816337,155749180.0,1.381340819900304,175.21031188964844,-0.0026758897314529,-0.0023944585512396,neutral,0.0,0
2025-08-21,NVDA,174.42226928848822,176.4672421817212,173.38480492387563,174.55194091796875,140040900,-0.0023944585512396,-0.0386242505374598,-0.0386770872261196,-0.0320297188296934,0.0130076358962106,0.0176591405494262,154565430.0,0.9060298929715396,174.9709014892578,-0.0031355625198243,0.0172019844334982,spike,0.0,0
2025-08-22,NVDA,172.1877371490149,178.15310374912357,170.78118284108405,177.55458068847656,172789400,0.0172019844334982,0.0133797421712518,-0.0136324874714335,-0.0257798492733044,0.0139118686581407,0.0415191817606425,159504700.0,1.0832872009414145,174.55194091796875,-0.013544414095429,0.010225316354963,neutral,0.0,0
2025-08-25,NVDA,177.91371253514103,181.4650013525793,176.13806812642193,179.37013244628906,163012800,0.010225316354963,0.0251426432600356,-0.0120872067943034,-0.0123585398985204,0.0144702656964288,0.0296979946076165,161973660.0,1.0064154875551987,177.55458068847656,0.0020226560490409,0.0109003665696572,neutral,0.0,0
2025-08-26,NVDA,179.61950918930867,181.94381103857447,178.37256711704984,181.3253326416016,168688200,0.0109003665696572,0.0388044480514599,0.0349010322851575,-0.0075889772760769,0.0148159029481366,0.0196952288436352,164293910.0,1.026746517871539,179.37013244628906,0.0013902913468287,-0.0009353433299083,neutral,0.0,0
2025-08-27,NVDA,181.5347912004848,182.0435532539336,178.66184732021665,181.15573120117188,235518900,-0.0009353433299083,0.0202819352715748,0.0353477615950545,5.500536618185947e-05,0.0145574377445553,0.0186673968926856,169858630.0,1.3865583397205077,181.3253326416016,0.0011551533138351,-0.0078744315933445,neutral,0.0,0
2025-08-28,NVDA,180.3776517699909,184.0187163721073,175.9784366795831,179.72923278808594,281787800,-0.0078744315933445,0.0020020074518505,0.029660465778208,-0.0101638018699827,0.0147394810230215,0.0447355144613804,185082010.0,1.5225023761088394,181.15573120117188,-0.0042950859242588,-0.033246354553354,crash,0.0,0
2025-08-29,NVDA,177.67428483075477,177.714180280125,172.72641192849127,173.75389099121094,243257900,-0.033246354553354,-0.041756116148183,-0.0214057541209483,-0.0347464279175114,0.0178890539036903,0.0287059375947213,193747580.0,1.2555403272649908,179.72923278808594,-0.0114335766388882,-0.0195200109597365,crash,0.0,0
2025-09-02,NVDA,169.58412249632292,171.9583050821389,166.81092453439402,170.36221313476562,231164900,-0.0195200109597365,-0.0595814330291331,-0.0502197282717666,-0.0616999188252955,0.0180015251903348,0.0302143324686269,203663270.0,1.1350348052449517,173.75389099121094,-0.0239981301776944,-0.0009368681625865,neutral,0.0,0
2025-09-03,NVDA,170.64153226145447,171.9882358353705,168.46687251736884,170.20260620117188,164424900,-0.0009368681625865,-0.0530054373411066,-0.0613412713954002,-0.0285811128036261,0.0149030010339664,0.0206892444046335,201582840.0,0.815669131360586,170.36221313476562,0.0016395603317731,0.0060955329010135,neutral,0.0,0
2025-09-04,NVDA,170.1527518438138,171.43958949445846,168.9955858311417,171.24008178710938,141670100,0.0060955329010135,-0.0144676426511146,-0.0547354993867197,-0.0213225151747731,0.0151669302886598,0.0142723808457134,194235580.0,0.7293725485310157,170.20260620117188,-0.0002929118329665,-0.0270302493497374,crash,0.0,0
2025-09-05,NVDA,167.61894341349085,168.61649709218636,163.66863936987482,166.61141967773438,224441400,-0.0270302493497374,-0.0220165809542763,-0.0729865303871765,-0.0454908790957876,0.017106208996218,0.0296969903496522,202675630.0,1.1073921418179384,171.24008178710938,-0.0211465583047339,0.0077234769411174,neutral,0.0,0
2025-09-08,NVDA,167.14010390134433,170.54176523233733,166.94059623139324,167.8982391357422,163769100,0.0077234769411174,-0.0135389646308119,-0.0337008387096491,-0.0543852009635089,0.0159959263293591,0.0214485215537764,201773600.0,0.8116478072453482,166.61141967773438,0.0031731571859393,0.0145564376179354,neutral,0.0,0
2025-09-09,NVDA,168.67632677148754,170.56170237945196,166.33208505275803,170.3422393798828,157548400,0.0145564376179354,-0.0052431790376202,-0.0001172428704422,-0.0503310832371135,0.0165179311791503,0.0248301146098085,201227160.0,0.7829380487206598,167.8982391357422,0.0046342810963984,0.0384752196635675,spike,0.0,0
2025-09-10,NVDA,176.2078799889887,178.85139113084074,175.04074401948455,176.8961944580078,226852000,0.0384752196635675,0.0617291107666366,0.0393271783918773,-0.0244264721264744,0.0211299924139923,0.0215417133366358,207043540.0,1.095672919811939,170.3422393798828,0.0344344457984072,-0.0008460227399664,neutral,0.0,0
2025-09-11,NVDA,179.25053151190707,179.84910351407555,176.05818301908454,176.7465362548828,151159300,-0.0008460227399664,0.0527003568631054,0.0321563410289609,-0.0243392517424286,0.0211306378075198,0.0214483439128006,198607580.0,0.7610953217394825,176.8961944580078,0.0133091447281424,0.0036690013287277,neutral,0.0,0
2025-09-12,NVDA,177.34513598621658,178.17315412234487,176.028283464474,177.39501953125,124911000,0.0036690013287277,0.0414035894857451,0.0647230536440637,-0.0129873878646561,0.0211051556829085,0.0120909294045487,182919900.0,0.6828726672166342,176.7465362548828,0.0033867692347335,-0.0003937807076698,neutral,0.0,0
2025-09-15,NVDA,175.2501343169162,178.4225418052247,174.0929031464731,177.32516479492188,147061600,-0.0003937807076698,0.0024249834103462,0.056146661857235,0.02055363355225,0.0178525535158839,0.0244163802907436,173300270.0,0.8485941770315765,177.39501953125,-0.0120910114613221,-0.0161462921757873,crash,0.0,0
2025-09-16,NVDA,176.5769489507663,177.0757538913052,173.96321593348455,174.46202087402344,140737800,-0.0161462921757873,-0.0129253756778855,0.0241853195610106,0.0240652411342805,0.0174236500058367,0.0178407767044505,164257560.0,0.8568117047398001,177.32516479492188,-0.004219456640691,-0.0262466323868287,crash,0.0,0
2025-09-17,NVDA,172.22736966160153,172.78602876073558,168.00748411706098,169.8829803466797,211843800,-0.0262466323868287,-0.0423463928379735,-0.0396459298223792,-0.0018779139851383,0.0196739907238079,0.0281284483820747,168999450.0,1.2535176889628932,174.46202087402344,-0.0128088119192171,0.034940469042348,spike,0.0,0
2025-09-18,NVDA,173.56416328312818,176.67671647107687,172.54661216194535,175.8187713623047,191763300,0.034940469042348,-0.0084950911189585,-0.0052491263038966,0.0267384220295321,0.0225706243888287,0.0234906903121324,174008770.0,1.102032386068817,169.8829803466797,0.0216689331028706,0.0024398437868167,neutral,0.0,0
2025-09-19,NVDA,175.34989886544702,177.65437533147113,174.76129744715922,176.24774169921875,237182100,0.0024398437868167,0.0102355848926269,-0.0064673621337443,0.0578371040840015,0.020011662324788,0.0164148366181575,175282840.0,1.3531393033111512,175.8187713623047,-0.0026667942974728,0.0392822970152475,spike,0.0,0
2025-09-22,NVDA,174.88102184557565,184.1089135963473,174.2924356467209,183.1711578369141,269637000,0.0392822970152475,0.0782195924695767,0.0329676447714184,0.0909653298318635,0.0226590289582702,0.0535918321724347,185869630.0,1.4506780908747707,176.24774169921875,-0.0077545382452362,-0.0282119622918612,crash,0.0,0
2025-09-23,NVDA,181.5350878652713,181.98400930831284,175.78885990523673,178.0035400390625,192559600,-0.0282119622918612,0.0124262538057198,0.0202996568955047,0.0449759301455119,0.0253629695174837,0.0348035179621517,189370750.0,1.016839189790398,183.1711578369141,-0.0089319191458046,-0.0081824914878223,neutral,0.0,0
2025-09-24,NVDA,179.34033838980653,179.35030900890538,174.98077271717747,176.54702758789062,143564100,-0.0081824914878223,0.0016980977219136,0.0392272800230584,-0.0019738517902377,0.0225995762991893,0.024749985040403,181041960.0,0.7929879901874681,178.0035400390625,0.0075099537371598,0.0040684739208167,neutral,0.0,0
2025-09-25,NVDA,174.06297010669513,179.82915407834395,172.7162058826927,177.2653045654297,191586700,0.0040684739208167,-0.0322422664202551,0.0082274104859041,0.0029350974652129,0.0226318112264657,0.0401260032982135,185084700.0,1.0351298621658085,176.54702758789062,-0.0140702311170821,0.0028138306979297,neutral,0.0,0
2025-09-26,NVDA,177.74414266212372,179.3403244887289,174.51188131329135,177.76409912109375,148573700,0.0028138306979297,-0.0013451469443597,0.0086035566030842,0.0020805521531495,0.0226202108982566,0.0271620827788651,187450970.0,0.7926003263680097,177.2653045654297,0.002701251087278,0.0205399200065099,spike,0.0,0
2025-09-29,NVDA,179.99874009736317,183.5602146114836,179.8890176259668,181.4153594970703,193063500,0.0205399200065099,0.0275752697493367,-0.0095855611799268,0.0230660702155769,0.0234868919183104,0.0202364176643823,192051160.0,1.0052711996116035,177.76409912109375,0.0125708227213368,0.0260105000850769,spike,0.0,0
2025-09-30,NVDA,181.6448190078555,186.9022276338177,181.04624695721463,186.13406372070312,236981000,0.0260105000850769,0.0500309926808035,0.0456761909333736,0.0669030588331194,0.0235455557438505,0.0314610907834153,201675480.0,1.1750610436132345,181.4153594970703,0.0012648295680216,0.0035373253819614,neutral,0.0,0
2025-10-01,NVDA,184.79726069745416,187.6903232769056,183.46045188172369,186.79248046875,173844900,0.0035373253819614,0.0507885528759441,0.0580324292107317,0.0995361635848579,0.0206091845913635,0.0226447627044042,197875590.0,0.8785565718338477,186.13406372070312,-0.0071819364845268,0.0088122237296464,neutral,0.0,0
2025-10-02,NVDA,189.146847340247,190.59337868299,187.6105195355423,188.43853759765625,136805800,0.0088122237296464,0.0387132496391484,0.0630311332475241,0.0717771267400473,0.0186169860801772,0.0158293477835013,192379840.0,0.7111233692677985,186.79248046875,0.0126041844167859,-0.0067235067178385,neutral,0.0,0
2025-10-03,NVDA,188.7378247179256,189.9050265070321,184.93693332773543,187.17156982421875,137596900,-0.0067235067178385,0.0055739722368735,0.0529210945834264,0.0619799608192563,0.0190919024171011,0.026542990390915,182421320.0,0.7542808044586017,188.43853759765625,0.0015882479459078,-0.0110862321012163,neutral,0.0,0
2025-10-06,NVDA,185.0566446584491,186.7825055997528,182.8918329061041,185.09654235839844,157678100,-0.0110862321012163,-0.0090792632877707,0.0202914619331753,0.0105113957034579,0.0157432362242797,0.0210196940692456,171225430.0,0.9208801519727532,187.17156982421875,-0.0112993932131673,-0.0026948629515038,neutral,0.0,0
2025-10-07,NVDA,185.7848907820332,188.6081286768816,183.56022492696124,184.5977325439453,140088000,-0.0026948629515038,-0.0203822694798853,-0.0082538958535988,0.0370452885568215,0.0121004720094715,0.0273454266222833,165978270.0,0.8440140989540378,185.09654235839844,0.0037188615998126,0.021995326917785,spike,0.0,0
2025-10-08,NVDA,186.1240974206304,189.14685437964263,186.0941551173159,188.65802001953125,130168900,0.021995326917785,0.0079416451799196,0.009987230460775,0.0685992429162332,0.0125595189575863,0.0161811263682864,164638750.0,0.7906334322873564,184.5977325439453,0.0082686003541333,0.0182962614037716,spike,0.0,0
2025-10-09,NVDA,191.7705575158363,194.833227386451,190.6033556943829,192.10975646972656,182997200,0.0182962614037716,0.0378894928126134,0.0194823145990916,0.0837414402140814,0.0130222125152185,0.0220179951804511,163779800.0,1.1173368144301068,188.65802001953125,0.0164983046889965,-0.0488654383740246,crash,0.0,0
2025-10-10,NVDA,193.0474821132437,195.1524395658232,181.6148814298513,182.72222900390625,268774400,-0.0488654383740246,-0.0101599489559959,-0.0237714564476382,0.0278916266407369,0.0223144724406942,0.0740881840691779,175799870.0,1.5288657494456623,192.10975646972656,0.0048811973985554,0.0281722979529488,spike,0.0,0
2025-10-13,NVDA,187.52076447158947,189.6556493942344,185.51557372807807,187.86993408203125,153482800,0.0281722979529488,-0.0041773253923602,0.0149834874725145,0.0355789862713646,0.0230984945233482,0.0220369251013231,171841800.0,0.8931633630467093,182.72222900390625,0.0262613667414304,-0.0440209761924795,crash,0.0,0
2025-10-14,NVDA,184.32839277968645,184.35831986008523,179.2705030798172,179.59971618652344,205641400,-0.0440209761924795,-0.0651192345099583,-0.0270751774062666,-0.0351055975653363,0.0260284327929658,0.0283286459928705,168707840.0,1.2189202351236317,187.86993408203125,-0.0188510275454635,-0.0011109367543433,neutral,0.0,0
2025-10-15,NVDA,184.35831474003743,184.4281395182556,176.86625456034105,179.4001922607422,214450500,-0.0011109367543433,-0.0181808024194639,-0.0490720074229052,-0.0395748704094356,0.0259349375494431,0.0421509300665855,172768400.0,1.2412599757826084,179.59971618652344,0.0264955794728091,0.0110103867673609,neutral,0.0,0
2025-10-16,NVDA,181.7944521048813,182.8419455690648,179.34034021746592,181.37545776367188,179723300,0.0110103867673609,-0.0345690030184586,-0.0558758644189226,-0.0374821409889365,0.0260619874387915,0.0193058388095778,177060150.0,1.015040933829549,179.4001922607422,0.0133459157092724,0.0077554413692972,neutral,0.0,0
2025-10-17,NVDA,179.74936158304564,183.66000615888444,179.32039659193174,182.7821044921875,173135200,0.0077554413692972,0.0177193392797958,0.0003276858464766,-0.0234515601709895,0.0262645828911702,0.02374198272314,180613980.0,0.9585924633298044,181.37545776367188,-0.0089653594851018,-0.0031656739134645,neutral,0.0,0
2025-10-20,NVDA,182.69231029505525,184.7573549226016,181.2956472677441,182.20347595214844,128544700,-0.0031656739134645,0.0156258678214342,-0.030161601735638,-0.0156300402448805,0.0260807501178481,0.0189991307068512,177700640.0,0.7233778111322503,182.7821044921875,-0.0004912636134796,-0.0081033343670365,neutral,0.0,0
2025-10-21,NVDA,182.35311411361403,182.35311411361403,179.37027013728058,180.72702026367188,124240200,-0.0081033343670365,-0.0035751115834254,0.0062767586780463,-0.0209683630829645,0.026169673929612,0.0165046929450926,176115860.0,0.705445835485799,182.20347595214844,0.0008212695212515,-0.0048575977661838,neutral,0.0,0
2025-10-22,NVDA,180.7070662621498,183.0015721983185,176.33752979723928,179.84912109375,162249600,-0.0048575977661838,-0.0160463378326124,0.0025023876917329,-0.046692416918556,0.0247980578556304,0.0370535166396807,179323930.0,0.9047849888188376,180.72702026367188,-0.000110409619397,0.0104281203591334,neutral,0.0,0
2025-10-23,NVDA,179.98876279946896,182.59252505160657,179.36026373857848,181.724609375,111363700,0.0104281203591334,-0.0026281967160396,0.0019250212549872,-0.0540584053905824,0.0241100608685801,0.0177865910629534,172160580.0,0.6468594610914996,179.84912109375,0.0007764380769265,0.0225077383575336,spike,0.0,0
2025-10-24,NVDA,183.40060514170608,187.0219340442129,183.0614214202241,185.8148193359375,131296700,0.0225077383575336,0.0281518450580482,0.0165919680822999,0.0169250908818825,0.0199836226936564,0.0213142990324603,158412810.0,0.8288262798949151,181.724609375,0.0092227231769559,0.0280791061591978,spike,0.0,0
2025-10-27,NVDA,189.5359184602369,191.54110896467577,187.9796341631504,191.03233337402344,153452700,0.0280791061591978,0.0621810782964236,0.0484560317839035,0.0168329185159099,0.0199700066980199,0.0186433089028564,158409800.0,0.9687071128175152,185.8148193359375,0.0200258469028348,0.0498198210071572,spike,0.0,0
2025-10-28,NVDA,192.58860677151608,202.6644582837766,191.4513320204045,200.54953002929688,297986200,0.0498198210071572,0.1035903762238965,0.1096820482997225,0.1166472547262602,0.0179664508769717,0.0559120046889866,167644280.0,1.777491006552684,191.03233337402344,0.0081466491562221,0.0298958839139344,spike,0.0,0
2025-10-29,NVDA,207.48289118740504,211.68283533037865,204.29054272961417,206.54513549804688,308829600,0.0298958839139344,0.1115643856404731,0.1484356122617971,0.1513094434026689,0.0182717854627073,0.0357902043199384,177082190.0,1.743990177668347,200.54953002929688,0.0345718145392578,-0.0200443375963402,crash,0.0,0
2025-10-30,NVDA,204.65966800141675,205.66726375798945,200.9286166610889,202.4050750732422,178864400,-0.0200443375963402,0.0595330722205647,0.113801128913513,0.1159452197605004,0.0212897812035516,0.023411700992111,176996300.0,1.0105544579180468,206.54513549804688,-0.0091285979313124,-0.0019715308591847,neutral,0.0,0
2025-10-31,NVDA,205.9565537660584,207.4729250244422,201.58703290468912,202.0060272216797,179802200,-0.0019715308591847,0.007262531067363,0.0871362571812415,0.1051739872615038,0.0216847847849997,0.0291372104125088,177663000.0,1.0120407738246004,202.4050750732422,0.0175463915197337,0.0216802039057255,spike,0.0,0
2025-11-03,NVDA,207.58268802254912,210.8348911017148,205.06870659183733,206.38555908203125,180267300,0.0216802039057255,-0.0007725982780026,0.0803697752984444,0.1327202074686746,0.0213972175059067,0.0279388952188539,182835260.0,0.9859547879331372,202.0060272216797,0.0276064079748949,-0.0395882381992659,crash,0.0,0
2025-11-04,NVDA,202.51481474882632,203.4824975937368,197.4569251230167,198.21511840820312,188919300,-0.0395882381992659,-0.0207008478592884,-0.0116400752510003,0.0967652657528297,0.0265109051341129,0.0303991568307674,189303170.0,0.9979721945490928,206.38555908203125,-0.0187549184662984,-0.0175147068265016,crash,0.0,0
2025-11-05,NVDA,198.29492759193727,202.43500266122365,194.18476438007545,194.74343872070312,171350300,-0.0175147068265016,-0.0359523356845519,-0.0571385849823383,0.0828156264338326,0.0275590055807983,0.0423646533888133,190213240.0,0.9008326654863772,198.21511840820312,0.0004026392354683,-0.0365248560924303,crash,0.0,0
2025-11-06,NVDA,195.95052515240693,197.14765392942223,185.9345289438528,187.6304626464844,223029800,-0.0365248560924303,-0.0908740733555506,-0.0729952666523379,0.0324989185107962,0.0309524946839503,0.0597617509833472,201379850.0,1.1075080252567473,194.74343872070312,0.006198341980779,0.0003721369001874,neutral,0.0,0
2025-11-07,NVDA,184.4580548583196,187.86989393508227,178.48238160939712,187.7002868652344,264942300,0.0003721369001874,-0.0530475759236211,-0.070818383754195,0.0101470245270811,0.0302359821593853,0.050013308356983,214744410.0,1.2337564456276184,187.6304626464844,-0.0169077437822129,0.0579326640504289,spike,0.0,0
2025-11-10,NVDA,194.6436788693004,199.46213677715232,193.3268264223904,198.5742645263672,198897100,0.0579326640504289,0.019671141840923,-0.037848067424908,0.0394798671991163,0.0343539752307475,0.0308968051292832,219288850.0,0.9070096359208414,187.7002868652344,0.0369919093893086,-0.0295905957408321,crash,0.0,0
2025-11-11,NVDA,194.6935535589016,194.9529266552934,190.84277869998112,192.6983337402344,176483300,-0.0295905957408321,0.0270098523569619,-0.0278323102307841,-0.0391484152962888,0.0317708207748145,0.021329442115742,207138560.0,0.8520060195455641,198.5742645263672,-0.0195428696499101,0.0033133317675846,neutral,0.0,0
2025-11-12,NVDA,195.2522164876445,195.4218083488666,190.673190567689,193.33680725097656,154935300,0.0033133317675846,0.0300293647914831,-0.007222998006849,-0.0639488711037458,0.0297079487376437,0.0245613747775055,191749130.0,0.808010445731879,192.6983337402344,0.0132532684525068,-0.0358101296702795,crash,0.0,0
2025-11-13,NVDA,190.5933791327836,190.9824463944715,183.4105907203728,186.41339111328125,207423100,-0.0358101296702795,-0.0612409339251068,-0.0064865348410734,-0.0790083151530375,0.0309183513762223,0.0406186252440275,194605000.0,1.0658672695973896,193.33680725097656,-0.0141898904673212,0.0177137394870077,spike,0.0,0
2025-11-14,NVDA,182.4229435613052,190.55345800755305,180.14839424900484,189.7154693603516,186591900,0.0177137394870077,-0.0154794508182091,0.0107361716317677,-0.0608425304450968,0.0319384035434868,0.0548456264195541,195283970.0,0.9554900998786536,186.41339111328125,-0.0214064425744559,-0.0187725711327735,crash,0.0,0
2025-11-17,NVDA,185.5255230789849,188.54828000089623,183.87947275520656,186.15402221679688,173628900,-0.0187725711327735,-0.037151668822458,-0.0625470895697116,-0.0980278705313535,0.0306048376521095,0.0250803457808304,194620130.0,0.892142554832329,189.7154693603516,-0.0220854224249272,-0.0280814669760709,crash,0.0,0
2025-11-18,NVDA,182.94172058465784,184.3583249108488,179.22062444838815,180.92654418945312,213598900,-0.0280814669760709,-0.0294337595119109,-0.0610892129801711,-0.0872212692835366,0.0295608918914978,0.0283966097151605,197088090.0,1.083773758221514,186.15402221679688,-0.017256149471742,0.0284516532652474,spike,0.0,0
2025-11-19,NVDA,184.3483273978252,187.41099710874653,182.3930205111681,186.0742034912109,247246400,0.0284516532652474,-0.0191932997420697,-0.0375645168813502,-0.044516186457637,0.0315445495454709,0.0269676102513341,204677700.0,1.207979178972599,180.92654418945312,0.0189125549471006,-0.0315247972476904,crash,0.0,0
2025-11-20,NVDA,195.4816571057099,195.53154064523628,179.42014682895694,180.208251953125,343504800,-0.0315247972476904,-0.0319400579846046,-0.0332869818155148,-0.0395575994892878,0.0310085502562564,0.0894043066378012,216725200.0,1.5849785811709944,186.0742034912109,0.0505575380036134,-0.0097430781444536,neutral,0.0,0
2025-11-21,NVDA,180.8068289121024,184.1188859589464,172.51667761994415,178.4524688720703,346926200,-0.0097430781444536,-0.0136744739610575,-0.0593678550634581,-0.0492690669130615,0.0310295692341504,0.0650156784735754,224923590.0,1.542418027384322,180.208251953125,0.0033215846249541,0.0205166095328614,spike,0.0,0
2025-11-24,NVDA,179.06102433247585,183.06143495137792,176.05820849098825,182.1137084960937,256618300,0.0205166095328617,-0.0212844925347444,-0.0217041440877262,-0.0828937026131489,0.0241412254120476,0.0384552405100239,230695710.0,1.1123670223429816,178.4524688720703,0.0034101823541696,-0.0259106741815918,crash,0.0,0
2025-11-25,NVDA,174.49197074476177,177.73420328176402,169.14478047484366,177.39501953125,320600300,-0.025910674181592,-0.015611007772312,-0.0195191074589098,-0.0794159135263407,0.0238072565116982,0.0484197517473552,245107410.0,1.3079992155275926,182.1137084960937,-0.0418515322886603,0.0137215115398907,neutral,0.0,0
2025-11-26,NVDA,181.1958831941039,182.4728225932506,177.81398638784032,179.8291473388672,183852000,0.0137215115398907,0.0077145386415684,-0.0335621812974129,-0.0698659510528414,0.0245713270984053,0.0259070138203528,247999080.0,0.7413414598150928,177.39501953125,0.0214259885812879,-0.0180848436138529,crash,0.0,0
2025-11-28,NVDA,178.58215589898683,178.86148547381688,176.0781603452176,176.57696533203125,121332800,-0.0180848436138529,-0.0304026710003614,-0.0201505013324156,-0.0527667337765048,0.0228356314964157,0.0157626739329536,239390050.0,0.5068414497595034,179.8291473388672,-0.0069343121420163,0.0164970237159083,spike,0.0,0
2025-12-01,NVDA,174.34228931397226,179.86905632530258,173.26486886531237,179.48995971679688,188131000,0.0164970237159083,0.0118094644995252,0.0058138217491983,-0.053899187441231,0.022703004083917,0.0367941887691681,239543960.0,0.7853715034184122,176.57696533203125,-0.0126555353007509,0.0085595968529941,neutral,0.0,0
2025-12-02,NVDA,181.32559224007645,185.21628046187368,179.56980408021653,181.0263214111328,182632200,0.0085595968529941,0.0066572860405642,-0.0059709238471975,-0.0275454741434073,0.022544602390361,0.031191466178188,240444290.0,0.7595613936184552,179.48995971679688,0.0102269370731146,-0.0103055183015206,neutral,0.0,0
2025-12-03,NVDA,180.6471955161888,182.013916155068,178.68190287158453,179.16075134277344,165138000,-0.0103055183015206,0.014632633457505,0.0099536718459696,-0.0097597224033123,0.0209533231471295,0.0185978974664411,235598200.0,0.7009306522715368,181.0263214111328,-0.0020943136444948,0.0211605369306544,spike,0.0,0
2025-12-04,NVDA,181.1959881613664,184.089227004522,179.53987513877786,182.951889038086,167364900,0.0211605369306542,0.0192875931709572,0.0173650475767108,-0.0167799425957098,0.0199246483153503,0.0248663836687528,227610050.0,0.7353141919699943,179.16075134277344,0.0113598363667224,-0.0052896033214526,neutral,0.0,0
2025-12-05,NVDA,183.4606866221248,184.22889322931675,180.4876480440623,181.9841461181641,143971100,-0.0052896033214525,0.0052910797698635,0.030622231931358,0.0098546772736081,0.0170540475295768,0.0205580830256786,207656680.0,0.6933131166307773,182.951889038086,0.002781045807802,0.0172140004375125,spike,0.0,0
2025-12-08,NVDA,182.21361127014936,187.5610985176648,181.97416608957425,185.1168212890625,204378100,0.0172140004375125,0.0332442786807352,0.0313491717372036,0.0373452519828669,0.017276604946249,0.0301805767254746,193401870.0,1.056753484338078,181.9841461181641,0.0012609073750648,-0.0031258304609959,neutral,0.0,0
2025-12-09,NVDA,185.12679644575,185.2864265695677,182.89203560496765,184.5381774902344,144719700,-0.0031258304609959,0.0086705224006635,0.0193996986279456,0.013312940657582,0.0163276423724954,0.0129750439565643,182212010.0,0.7942379868374209,185.1168212890625,5.388573884332348e-05,-0.0064334117696088,neutral,0.0,0
2025-12-10,NVDA,184.53819180758595,185.0469957406681,181.6150239281505,183.35096740722656,162785400,-0.0064334117696088,0.0075106613307676,0.023388024626199,0.0335744931944235,0.0136429916676191,0.0187180458388043,166430520.0,0.9780982478454072,184.5381774902344,7.758476721336657e-08,-0.0155077912621985,crash,0.0,0
2025-12-11,NVDA,179.85912243695617,180.89670300875093,176.20766331092784,180.50759887695312,182136600,-0.0155077912621985,-0.0248989928630635,-0.0133602892759636,0.0037727562418314,0.0142992263251323,0.0259769656623679,166258980.0,1.0954993228034962,183.35096740722656,-0.0190445952898351,-0.0326644375965469,crash,0.0,0
2025-12-12,NVDA,180.6871989054384,182.3932136047752,174.21234434473615,174.61141967773438,204274900,-0.0326644375965469,-0.0537924344301349,-0.0405130149944079,-0.0111313820044471,0.016906661896182,0.0468518569698236,174553190.0,1.1702730840954554,180.50759887695312,0.0009949721208563,0.0072561894986198,neutral,0.0,0
2025-12-15,NVDA,177.52459033283526,178.0034654802094,174.6213802569945,175.87843322753906,164775600,0.0072561894986198,-0.0407553572547606,-0.0499057189789228,-0.0201210501966581,0.0160768630392547,0.0192296756410115,172217650.0,0.9567869495374024,174.61141967773438,0.0166837350070085,0.008111661183153,neutral,0.0,0
2025-12-16,NVDA,175.84850127733236,178.0733061224419,174.4916756985292,177.3050994873047,148588100,0.008111661183153,-0.0177416319843215,-0.0391955643070793,-0.0205562478142433,0.0160450326248093,0.0202003802161885,168813240.0,0.88019221715074,175.87843322753906,-0.000170185449446,-0.0381499203045955,crash,0.0,0
2025-12-17,NVDA,175.68888113429998,175.71880987812392,169.91239000563186,170.54092407226562,222775500,-0.0381499203045955,-0.0233117376456896,-0.0698662435006931,-0.0481122522980281,0.0196627317910133,0.0340470764074881,174576990.0,1.2760874156439517,177.3050994873047,-0.0091154645730899,0.0187200545426726,spike,0.0,0
2025-12-18,NVDA,174.1225483861358,175.7387615308714,171.41888356310693,173.73345947265625,176096000,0.0187200545426726,-0.0121957747491859,-0.0375282782910131,-0.05038717891298,0.0193176199965376,0.0248649740866085,175450100.0,1.0036813886113487,170.54092407226562,0.0210015533418388,0.0393362923417914,spike,0.0,0
2025-12-19,NVDA,176.25756723043006,181.02640724251643,175.9283357789888,180.56748962402344,324925900,0.0393362923417914,0.018399866366801,0.0341104262097042,-0.0077845049932031,0.023860337776983,0.028233606581909,193545580.0,1.6788081649810862,173.73345947265625,0.014528621978952,0.0149178560059677,neutral,0.0,0
2025-12-22,NVDA,183.4906282252173,183.73007341419407,181.9243013805983,183.2611694335937,129064400,0.0149178560059679,0.074587641825712,0.0419763587301429,-0.0100242206113249,0.0236810450042769,0.0098535442023911,186014210.0,0.6938416156486109,180.56748962402344,0.0161886207050915,0.0300506968907445,spike,0.0,0
2025-12-23,NVDA,182.54285710968043,188.88801027625053,182.4730132178061,188.768295288086,174873600,0.0300506968907441,0.0865396674944818,0.0646523751089407,0.0229227244756733,0.0255611645813181,0.0339834454120288,189029600.0,0.9251122575511984,183.2611694335937,-0.0039196100632413,-0.0031711763503369,neutral,0.0,0
2025-12-24,NVDA,187.50124372172945,188.4689804086018,186.154389299292,188.169677734375,65528500,-0.0031711763503368,0.042101643691125,0.1033696384490054,0.0262813466178555,0.0254541737631606,0.0123005530815497,179303910.0,0.3654605189591236,188.768295288086,-0.0067122053754992,0.0101797875556444,neutral,0.0,0
2025-12-26,NVDA,189.47662851874145,192.240166195598,187.5611125998212,190.085205078125,139740300,0.0101797875556444,0.0372366697518211,0.0941197260165209,0.0530592964548859,0.024675482030067,0.0246155590796964,175064280.0,0.798222801361877,188.169677734375,0.0069455971870843,-0.0121240956396764,neutral,0.0,0
2025-12-29,NVDA,187.2717899684254,188.31932652162573,185.47598909796272,187.7805938720703,120006100,-0.0121240956396764,-0.0052323480196093,0.0399468601079073,0.0754198907416316,0.0218416147724189,0.0151418065361966,166637400.0,0.7201630606334473,190.085205078125,-0.0148008105551575,-0.0036128388270515,neutral,0.0,0
2025-12-30,NVDA,187.8005508490403,188.5487999407664,186.4935963146985,187.1021728515625,97687300,-0.0036128388270515,-0.0056730972581002,0.0209591777125519,0.0638153264050456,0.0221244063654648,0.0109843920823856,159928570.0,0.6108183172024861,187.7805938720703,0.0001062781651631,-0.0055454574517154,neutral,0.0,0
2025-12-31,NVDA,189.1274459397885,190.1151249886817,186.0546345387688,186.06460571289065,120100500,-0.0055454574517154,-0.0211515639188325,-0.0143227948902601,0.049403577510827,0.0224282120659399,0.0218230137556549,157079810.0,0.7645826666075035,187.1021728515625,0.0108244231339458,0.0126006135839715,neutral,0.0,0
2026-01-02,NVDA,189.39681300359115,192.4795957147097,187.8204997023152,188.4091339111328,148240500,0.0126006135839715,0.0033472044480309,0.0012725545350396,0.1047737364862386,0.016530819944011,0.0247286101033299,149626310.0,0.9907381930357034,186.06460571289065,0.0179088724474675,-0.0038656154594165,neutral,0.0,0
2026-01-05,NVDA,191.31231822272787,193.17796293683364,185.7154145267434,187.68081665039065,183529700,-0.0038656154594165,0.0030926621001201,-0.0126490035179021,0.0802802017531318,0.0167687630286878,0.0397619135683503,150369680.0,1.2205233129444713,188.4091339111328,0.0154089361345103,-0.0046777806233408,neutral,0.0,0
2026-01-06,NVDA,190.0752284670132,191.7213703933745,186.3838692947835,186.80288696289065,176862600,-0.0046777806233408,0.0039678758201826,-0.0052066451011745,0.0345322258832447,0.012931011998739,0.0285729047627156,135563350.0,1.304649081038496,187.68081665039065,0.0127578932112322,0.0099871641913447,neutral,0.0,0
2026-01-07,NVDA,188.12978540958392,190.9232365533545,186.12446806753155,188.66851806640625,153543200,0.0099871641913447,0.0013767069031578,0.0083716035520677,0.0295062431912065,0.0125341301192337,0.0254349190580588,138011230.0,1.1125413489902234,186.80288696289065,0.0071032009636813,-0.0215218794330256,crash,0.0,0
2026-01-08,NVDA,188.6685228499072,189.1074981045344,183.2811352524241,184.60801696777344,172457000,-0.0215218794330256,-0.0163724760871069,-0.0078284031481238,-0.0220390734257751,0.0106233800885529,0.0315607249772221,137769570.0,1.2517786039398977,188.66851806640625,2.535399647039392e-08,-0.0009727675505442,neutral,0.0,0
2026-01-09,NVDA,184.64792389684447,185.9049768874807,183.2412119543349,184.42843627929688,131327500,-0.0009727675505442,-0.0127109956500055,-0.0211279440078182,-0.0198822759337418,0.010623224547513,0.0144433525918521,144349470.0,0.9097885846065108,184.60801696777344,0.0002161711594464,0.0004327896890317,neutral,0.0,0
2026-01-12,NVDA,182.79226917353867,186.6831584288149,182.5927391235801,184.5082550048828,137968500,0.0004327896890317,-0.0220506478990795,-0.0169040272848857,-0.0293392117021945,0.0098014657510286,0.0221693024256639,144172290.0,0.956969609069815,184.42843627929688,-0.0088715554865975,0.004704127950428,neutral,0.0,0
2026-01-13,NVDA,184.5680989064521,187.6708389078061,182.9718281779948,185.376205444336,160128900,0.0047041279504278,0.0041611869797433,-0.0076373633285341,-0.0128042433893482,0.0094871125214403,0.0253485107139183,148184570.0,1.0806044111070403,184.5082550048828,0.0003243426781511,-0.0143693849976317,neutral,0.0,0
2026-01-14,NVDA,183.889716612774,184.029389177148,180.37792970729708,182.71246337890625,159586100,-0.0143693849976316,-0.0093042750619647,-0.0315688846689495,-0.0234615633039111,0.0103552115996742,0.0199847312127721,154374450.0,1.033759796391177,185.376205444336,-0.0080187682556071,0.0213497403259863,spike,0.0,0
2026-01-15,NVDA,186.06460797964908,189.25713440169068,185.895006678512,186.6133270263672,206188600,0.0213497403259863,0.0114090939802593,0.0108625296535405,0.0029490902440802,0.0126611530373233,0.0180165467105338,162983260.0,1.2650906602309957,182.71246337890625,0.018346556872758,-0.0043838493736371,neutral,0.0,0
2026-01-16,NVDA,188.63859508159712,189.9954207742268,185.64559857342888,185.7952423095703,187967200,-0.0043838493736371,0.002260467378917,0.0074110373532829,-0.0138734866367752,0.0119573086518637,0.0234119138182788,166955930.0,1.1258491986478107,186.6133270263672,0.0108527514486881,-0.0438166772979951,crash,0.0,0
2026-01-20,NVDA,181.4753578011745,181.9542482267672,177.19537928172147,177.65431213378906,223345300,-0.0438166772979951,-0.0276836683802333,-0.0371470797927842,-0.0534231718272988,0.0180300220873278,0.0267872414009398,170937490.0,1.3065904969120583,185.7952423095703,-0.0232507811001858,0.02948263181397,spike,0.0,0
2026-01-21,NVDA,178.6319932794081,184.947217101084,177.9835016341843,182.8920288085937,200381000,0.0294826318139702,-0.0199412243330706,-0.013400730853174,-0.0209357479313145,0.0211353330823042,0.038075554808283,173289330.0,1.1563377849057412,177.65431213378906,0.0055032784393252,0.0082914984567012,neutral,0.0,0
2026-01-22,NVDA,184.31869154642928,185.7353746560278,183.5005985718231,184.40847778320312,139636600,0.008291498456701,-0.0074639399218661,0.0092824231742729,-0.0225794972413134,0.0210358385160792,0.0121186190085684,171898670.0,0.8123192576184562,182.8920288085937,0.0078005736342322,0.01531054759158,spike,0.0,0
2026-01-23,NVDA,187.06227125943187,189.15737478680413,186.38386606278428,187.2318725585937,142748100,0.0153105475915802,0.0539112184205916,0.0033145839157517,0.0142131183353664,0.0204704882289526,0.0148132296393707,168927780.0,0.8450244240467731,184.40847778320312,0.0143908431333001,-0.0063941534883704,neutral,0.0,0
2026-01-26,NVDA,186.7230748442759,188.6784906596197,185.55580805974404,186.03468322753903,124799600,-0.0063941534883705,0.0171831131155215,0.0012887354648714,0.008709323684823,0.0206175418334033,0.0167854861561288,168274990.0,0.7416408106754308,187.2318725585937,-0.0027174738326594,0.010993712336375,neutral,0.0,0
2026-01-27,NVDA,186.8028844605492,189.55643562401056,185.2664711415707,188.07989501953125,143711600,0.010993712336375,0.0199091564577869,0.0586846598910069,0.0193576163546391,0.0208509628436454,0.0228092666788992,168849300.0,0.8511234574262375,186.03468322753903,0.0041293441614354,0.0159133487219378,spike,0.0,0
2026-01-28,NVDA,190.82345963399504,191.9009400606663,189.39679023846315,191.0728759765625,148552700,0.0159133487219378,0.02051468783322,0.0447304741560414,0.0307303222577672,0.0213019280761665,0.0131057315665794,167691680.0,0.8858680406803725,188.07989501953125,0.014587229614196,0.0051692392809157,neutral,0.0,0
2026-01-29,NVDA,190.8933105997472,193.0283141326731,185.6256380470484,192.06057739257807,171764400,0.0051692392809157,0.0323912404961002,0.0414953786363934,0.0511629794749461,0.0203837987347361,0.0385434438765297,168909510.0,1.0169018902488085,191.0728759765625,-0.0009397742923874,-0.007168415497976,neutral,0.0,0
2026-01-30,NVDA,190.76362243793776,194.0359639826301,189.0276790286862,190.68380737304688,179489500,-0.007168415497976,0.0138447139884101,0.0184366837081804,0.0218123775592111,0.0198602043172713,0.0262648675990923,166239600.0,1.079703632588144,192.06057739257807,-0.0067528431510923,-0.0288809308475692,crash,0.0,0
2026-02-02,NVDA,186.7629659025267,189.8557348322644,184.448390015382,185.1766815185547,165794100,-0.0288809308475692,-0.0308583540592702,-0.0046120524092538,-0.003329260659888,0.0221594342535291,0.0292010029153731,164022290.0,1.0108022513281578,190.68380737304688,-0.0205620053665573,-0.0283929145147238,crash,0.0,0
2026-02-03,NVDA,185.8052108647954,185.8351396091497,175.81857039871747,179.91897583007812,204019600,-0.0283929145147238,-0.0632175625385219,-0.0433907047247429,0.0127475864170614,0.0191056205633709,0.0556726669003065,162089720.0,1.258683153996441,185.1766815185547,0.0033942143313425,-0.0341021289659974,crash,0.0,0
2026-02-04,NVDA,179.04105715530034,179.16077214377114,171.50867959294058,173.78335571289062,207014100,-0.0341021289659974,-0.0886307646830903,-0.0904865234026867,-0.0498035543431791,0.0193126753660974,0.0440323673083667,162753030.0,1.2719523562787125,179.91897583007812,-0.004879522411282,-0.0132614035251003,neutral,0.0,0
2026-02-05,NVDA,174.52161198787914,176.40721432559468,170.63072277473634,171.47874450683594,206312900,-0.0132614035251003,-0.0739722566544979,-0.10716323550185,-0.0701146358985068,0.018871312582818,0.0336863415198847,169420660.0,1.2177552607810642,173.78335571289062,0.0042481414400133,0.0787177931792499,spike,0.0,0
2026-02-06,NVDA,176.27752805781466,186.5634574188361,174.1924107166939,184.9771728515625,231346200,0.0787177931792499,0.0281137495261285,-0.0299272109158179,-0.0120422857295603,0.0327671598372685,0.0668787748857504,178280470.0,1.29765307439452,171.47874450683594,0.0279847135852305,0.0249714914147585,spike,0.0,0
2026-02-09,NVDA,183.8298238555102,193.20788788877485,183.5205500126207,189.5963287353516,196387400,0.0249714914147585,0.0909924483710957,0.0238671909473335,0.0191450618025688,0.0336550286220043,0.0510945435535106,185439250.0,1.059039011428271,184.9771728515625,-0.006202651810302,-0.0078929546247461,neutral,0.0,0
2026-02-10,NVDA,190.9332352083219,192.0306581643501,187.6808358171596,188.099853515625,136764800,-0.0078929546247461,0.09692810066105,0.0454697879854162,0.0001061171163014,0.0336488716793291,0.0231250703596596,184744570.0,0.7402913114036315,189.5963287353516,0.0070513310140958,0.0080088830395466,neutral,0.0,0
2026-02-11,NVDA,192.0007142509168,192.80882083578368,188.329312674443,189.6063232421875,144192700,0.0080088830395466,0.0250255224429218,0.0910499596718465,-0.0076753580375003,0.0333381640462028,0.0236253099830374,184308570.0,0.7823439789045078,188.099853515625,0.0207382444078709,-0.0163641031253721,crash,0.0,0
2026-02-12,NVDA,192.5793648877844,193.1580126884611,186.0745817463216,186.5035858154297,189932500,-0.0163641031253721,-0.0163122510892017,0.0876192635524852,-0.0289335357239383,0.0336409131585496,0.0379801327206091,186125380.0,1.0204545989375549,189.6063232421875,0.0156800764592612,-0.0220926654579319,crash,0.0,0
2026-02-13,NVDA,187.042320465516,187.0622780376601,181.1660713803529,182.3832244873047,161888000,-0.0220926654579319,-0.0303914592248496,-0.014023072816338,-0.0435306122742935,0.0342005535702654,0.0323286676934347,184365230.0,0.8780831396462337,186.5035858154297,0.0028886021023717,0.0118155220086029,neutral,0.0,0
2026-02-17,NVDA,181.3256935584433,186.71308084037668,178.76168607280786,184.5381774902344,162276900,0.0118155220086029,-0.0267298350882499,-0.026678529478161,-0.0034480800880768,0.0333112645148805,0.0430880746505128,184013510.0,0.8818749232053669,182.3832244873047,-0.0057984002192865,0.0162728398314055,spike,0.0,0
2026-02-18,NVDA,188.3093443160685,189.92555739322245,186.3239846890322,187.5411376953125,164749100,0.0162728398314055,0.0055631738947345,-0.0029703150208253,0.042364413370344,0.0320300800797314,0.0192041743398268,180086460.0,0.9148333528239714,184.5381774902344,0.0204356999571736,-0.0004255251289269,neutral,0.0,0
2026-02-19,NVDA,186.62329889396,187.9900957055448,185.22657333636724,187.4613342285156,126554500,-0.0004255251289269,0.0278430746878497,-0.0113128559058237,0.0787070686920243,0.0291487192372961,0.0147418259906804,172040500.0,0.7356087665404367,187.5411376953125,-0.0048940665105896,0.0102182530153922,neutral,0.0,0
2026-02-20,NVDA,186.13444888465776,189.88566546751952,185.5059147845697,189.3768615722656,178422300,0.0102182530153922,0.0262205043305321,0.0154060081165376,0.1043751347544776,0.028177510724344,0.0231271690035823,169251440.0,1.0541848270242191,187.4613342285156,-0.0070781814784288,0.009113849147716,neutral,0.0,0
2026-02-23,NVDA,190.9531547742145,193.4972046328596,189.13741163084848,191.10281372070312,171584800,0.009113849147716,0.0189914387273104,0.047809162591077,0.033115658406436,0.0148506861790196,0.0228138608591234,163275300.0,1.050892572238422,189.3768615722656,0.0083235786508554,0.0067868273955347,neutral,0.0,0
2026-02-24,NVDA,191.04296985904048,193.31764595479845,186.96250644177093,192.39979553222656,175123600,0.0067868273955347,0.0263438928568116,0.0426015805992674,0.0147865035972727,0.0128952936019197,0.0330309057525118,161148920.0,1.0867190422374533,191.10281372070312,-0.0003131500813489,0.0140522969379366,neutral,0.0,0
2026-02-25,NVDA,193.9960453222018,197.16862939564908,193.3375824661624,195.1034545898437,250637100,0.0140522969379366,0.0302391378230379,0.0403235097507901,0.0372334212032596,0.0129779097875997,0.0196359769105088,172536150.0,1.4526642677491064,192.39979553222656,0.0082965253968156,-0.0545612100451261,crash,0.0,0
2026-02-26,NVDA,193.8164813019665,193.8364236513225,183.8897126034445,184.4583740234375,360807900,-0.0545612100451262,-0.0347689265683783,-0.0160190911765168,-0.0271507254121183,0.0223730204203947,0.0539238790352458,194197670.0,1.8579414469802853,195.1034545898437,-0.0065963634041374,-0.0416463721714822,crash,0.0,0
2026-02-27,NVDA,180.82687141264745,182.16373952566903,175.96824531148394,176.77635192871094,311636500,-0.0416463721714822,-0.0812030156284585,-0.0665366905911383,-0.0521557472698951,0.0253428583204594,0.0350470758480385,206368070.0,1.5101003755086724,184.4583740234375,-0.0196873827497179,0.0298548624259453,spike,0.0,0
2026-03-02,NVDA,174.6014235260267,183.031708689554,174.23229218389588,182.05398559570312,209095300,0.0298548624259453,-0.0668848689613099,-0.0473505750586428,-0.0018052038093255,0.0267457894790658,0.0483341052757802,211088800.0,0.9905561071928024,176.77635192871094,-0.0123032768747333,-0.0133164698279871,neutral,0.0,0
2026-03-03,NVDA,178.07331350693755,180.4776756968921,176.50697142699124,179.62966918945312,178099400,-0.0133164698279871,-0.0261777480125181,-0.0663728685752915,-0.0265988770862388,0.0267083865789082,0.0221049467374624,212671050.0,0.8374407330005659,182.05398559570312,-0.0218653388759401,0.0166063976092849,spike,0.0,0
2026-03-04,NVDA,180.01874995283958,184.26879914121503,179.6396322236537,182.6126708984375,177731200,0.0166063976092849,0.0330152698935668,-0.0640213353354761,-0.0262793905243445,0.0267344451009098,0.025349647944944,213969260.0,0.8306389431827731,179.62966918945312,0.0021660161438926,0.0016389944136319,neutral,0.0,0
2026-03-05,NVDA,180.7470399397241,183.63029235671348,177.46472744924466,182.91197204589844,198779700,0.0016389944136319,0.0047128133305507,-0.008383473971979,-0.0242682695145628,0.0267587612204999,0.0337078258930021,221191780.0,0.898675800701093,182.6126708984375,-0.0102163280868444,-0.0301078164350176,crash,0.0,0
2026-03-06,NVDA,179.4201653790109,182.3333469017365,176.40722643712078,177.40489196777344,189021900,-0.0301078164350176,-0.0123853550013124,0.0035555662972159,-0.0632176999085165,0.0277134622620265,0.0334044929589214,222251740.0,0.8504855800004085,182.91197204589844,-0.01909009359984,0.0271621318606858,spike,0.0,0
2026-03-09,NVDA,176.4171820751478,182.4829897940845,175.1501427003192,182.2235870361328,177213600,0.0271621318606858,-0.0021306509586133,0.0009315997113423,-0.0464630871293569,0.0293574650126561,0.0402409326533082,222814620.0,0.7953409879477388,177.40489196777344,-0.0055675459772838,0.0116069017405078,neutral,0.0,0
2026-03-10,NVDA,181.9741609804724,186.00473767957752,181.58507208744064,184.3386383056641,179118500,0.0116069017405078,0.0077997423777578,0.0262148738427194,-0.0418979511088526,0.0295992614588401,0.0239757960282224,223214110.0,0.80245151168983,182.2235870361328,-0.0013687912729486,0.0068737900756212,neutral,0.0,0
2026-03-11,NVDA,185.4860219488843,187.1921136401388,184.0293448898805,185.60574340820312,145280400,0.0068737900756212,0.0462267491581878,0.0163902783691842,-0.0486803844740072,0.0292006448706116,0.0170402525923046,212678440.0,0.6830988604204544,184.3386383056641,0.0062243252622797,-0.0155350383077473,crash,0.0,0
2026-03-12,NVDA,183.63027948516628,184.51824924312825,181.33552155955925,182.72235107421875,155762700,-0.0155350383077473,0.0027370992207886,-0.0010366788437013,-0.0094114618455769,0.0239081094469779,0.0174183818501559,192173920.0,0.8105298575373807,185.60574340820312,-0.0106433340195308,-0.0157803510879263,crash,0.0,0
2026-03-13,NVDA,184.4982761588832,185.6656060713691,179.5296376335348,179.83892822265625,160988400,-0.0157803510879263,-0.0244100212758791,0.0137202318824722,0.0173245813737594,0.0200764512807807,0.0341192449180826,177109110.0,0.9089786516345773,182.72235107421875,0.0097192547831384,0.0164771977148334,spike,0.0,0
2026-03-16,NVDA,182.55273992235968,188.4492658789173,180.9962999229416,182.8021697998047,217307400,0.0164771977148334,-0.015104993826794,0.0031751255316752,0.0041096831890463,0.0183808727163445,0.0407706646159494,177930320.0,1.22130618322948,179.83892822265625,0.0150902350593609,-0.0070408292135231,neutral,0.0,0
2026-03-17,NVDA,184.6379576703901,184.97717862722425,181.26566108165355,181.5150909423828,182497800,-0.0070408292135231,-0.0066070742015877,-0.0153171759823861,0.0104961600243285,0.0179565953698318,0.02044743236665,178370160.0,1.0231408661628156,182.8021697998047,0.0100424840284766,-0.0084097939663105,neutral,0.0,0
2026-03-18,NVDA,182.0638447517288,182.9618014097589,179.91875397930713,179.98858642578125,156683100,-0.0084097939663105,0.000832179131649,-0.0302639179115704,-0.0143696735814989,0.0173008365136599,0.0169068911028231,176265350.0,0.8889047109939645,181.5150909423828,0.0030231856012466,-0.0101995365781454,neutral,0.0,0
2026-03-19,NVDA,177.60403750119184,179.56954607641802,175.38909905828712,178.1527862548828,170968500,-0.0101995365781454,-0.0254339625728383,-0.025008242245525,-0.0260189955735723,0.0174806166756587,0.0234655157857028,173484230.0,0.9854987972105592,179.98858642578125,-0.0132483340857431,-0.0328181741797576,crash,0.0,0
2026-03-20,NVDA,177.59405294207926,177.85345450506617,171.32837633709812,172.30613708496094,241323500,-0.0328181741797576,-0.0507338194836098,-0.0418863213440032,-0.0287407795030743,0.017970464899722,0.0378690990254784,178714390.0,1.3503305469693851,178.1527862548828,-0.0031362591882462,0.0170237919706914,spike,0.0,0
2026-03-23,NVDA,176.85574153065542,177.96321071223454,174.36144294367455,175.23944091796875,182836300,0.0170237919706914,-0.0263858148014892,-0.0413711111313297,-0.0383273440708813,0.0163030166537112,0.0205534082378522,179276660.0,1.019855568482813,172.30613708496094,0.0264041926925165,-0.0025051173356209,neutral,0.0,0
2026-03-24,NVDA,174.4312942297872,175.81812366395545,173.58322660302642,174.80044555664062,147667800,-0.0025051173356209,-0.0188172229506755,-0.0369922156382775,-0.0517427753437538,0.015409387750554,0.0127854197042355,176131590.0,0.8383947479268199,175.23944091796875,-0.0046116712307924,0.0198629994687371,spike,0.0,0
2026-03-25,NVDA,176.69612335614488,180.8067226806179,176.44669348987364,178.2725067138672,162602100,0.0198629994687371,0.0346265648446657,-0.0095343807404237,-0.0395097509359283,0.0170043308240503,0.0244571037402993,177863760.0,0.914194662251602,174.80044555664062,0.0108448110270405,-0.0416386101592988,crash,0.0,0
2026-03-26,NVDA,175.66847416549638,176.10745794358192,170.74970926821888,170.8494873046875,186152200,-0.0416386101592988,-0.0250511733562094,-0.0409945816943132,-0.0649776215100729,0.020611233894091,0.0313594659245784,180902710.0,1.0290183049220214,178.2725067138672,-0.0146070338964289,-0.0217239902286298,crash,0.0,0
2026-03-27,NVDA,169.61229451028825,170.58008352629554,166.62910808502988,167.13795471191406,196212700,-0.0217239902286298,-0.0438356482463523,-0.0299941862807738,-0.0706241614997686,0.0209906994050767,0.0236390079564855,184425140.0,1.0639151473600617,170.8494873046875,-0.0072414194149314,-0.0140281422840606,neutral,0.0,0
2026-03-30,NVDA,168.3950875250076,169.0635577295173,163.89537828689438,164.79331970214844,185627000,-0.0140281422840606,-0.0756100155889615,-0.0596105600491515,-0.098515516076087,0.0193353818706421,0.0313615834183328,181257100.0,1.0241088487016508,167.13795471191406,0.0075215280410746,0.0558818395919589,spike,0.0,0
2026-03-31,NVDA,166.58922503111532,174.22177306603788,166.57925331681818,174.0022735595703,226181300,0.0558818395919589,0.0184535892066226,-0.0045661897172435,-0.0413894918808555,0.0285171278392148,0.0439219533910472,185625450.0,1.218482163948963,164.79331970214844,0.0108979255482737,0.0077408403957657,neutral,0.0,0
2026-04-01,NVDA,175.5986272559566,176.96549806235143,174.3514779146501,175.3491973876953,168132000,0.0077408403957657,0.0491285339104123,-0.016397981831623,-0.0257760179698894,0.0286873715530697,0.0149075113353484,186770340.0,0.9002071742226309,174.0022735595703,0.0091743266552189,0.0093313556715137,neutral,0.0,0
2026-04-02,NVDA,171.7873183615289,177.0852211444685,170.9791680862979,176.98544311523438,143143200,0.0093313556715137,0.0739843304032121,0.035914394051439,-0.0065524832038176,0.028750072592552,0.034500312289497,183987810.0,0.7780037166592721,175.3491973876953,-0.0203130614752181,0.0014093555967893,neutral,0.0,0
2026-04-06,NVDA,176.75597747742694,177.3845303646084,175.35916114415525,177.23487854003906,107564300,0.0014093555967893,0.0185779467954023,0.0604107178739172,0.0286045612678778,0.0263872232764572,0.0114275995624393,170611890.0,0.6304619214991405,176.98544311523438,-0.0012965226617989,0.0025895233556876,neutral,0.0,0
2026-04-07,NVDA,175.32922705160684,177.8235255680002,173.26395579650787,177.69383239746094,132534900,0.0025895233556876,0.013371233200353,0.0782829833067821,0.014005930780395,0.0259339902240312,0.025659696287565,165581750.0,0.8004197322470622,177.23487854003906,-0.0107521245486774,0.0223470446512394,spike,0.0,0
2026-04-08,NVDA,184.079243714486,184.837505037226,179.8888249511496,181.66476440429688,147732700,0.0223470446512394,0.0264390178463198,0.0440367283023073,0.0392694585291089,0.0266674967616,0.0272407260830343,165588240.0,0.8921690332598499,177.69383239746094,0.035934906861271,0.0100504956414562,neutral,0.0,0
2026-04-09,NVDA,181.42529878487736,183.6601958045732,180.20807985372045,183.49058532714844,116428500,0.0100504956414562,0.0352961383145369,0.0464295705982193,0.0292702375114768,0.0262026751165459,0.0188135862376694,160970880.0,0.723289206097401,181.66476440429688,-0.0013181731757655,0.025664770571296,spike,0.0,0
2026-04-10,NVDA,183.88967366981893,189.56669990817065,183.87970195572368,188.1998291015625,160459500,0.025664770571296,0.0591241494561387,0.0633633240617788,0.1015533735019815,0.0216562908488965,0.0302178699077243,158401610.0,1.0129915977495432,183.49058532714844,0.0021749799422076,0.0036048719201051,neutral,0.0,0
2026-04-13,NVDA,185.605746824658,189.2274732756209,185.3164148846483,188.8782653808593,133648200,0.0036048719201053,0.0397077606117868,0.0656946699020639,0.130074049945255,0.0188414978901369,0.0207067678384604,152145160.0,0.8784255772579292,188.1998291015625,-0.013783659046282,0.0380328487066832,spike,0.0,0
2026-04-14,NVDA,190.4047764107204,196.0618438720703,190.33494396561244,196.0618438720703,161307000,0.0380328487066832,0.0685117360245397,0.1033688745793059,0.1897438817692209,0.0178774108885042,0.0292096605507528,149713160.0,1.0774403532728851,188.8782653808593,0.0080819835293539,0.0120096265040634,neutral,0.0,0
2026-04-15,NVDA,196.0917851116164,199.94298301571828,195.2936216855987,198.41647338867188,185338400,0.0120096265040634,0.0542861507148124,0.092212207685437,0.1403096599237439,0.0118106427708845,0.023432335283029,145628870.0,1.2726762214113176,196.0618438720703,0.0001527132406527,-0.0026147732496876,neutral,0.0,0
2026-04-16,NVDA,196.9797440092329,199.39423847906176,195.36344336942167,197.8976593017578,134012900,-0.0026147732496876,0.047752418218748,0.0785166930985736,0.1285917600421522,0.012765488604489,0.0203680787527347,142216960.0,0.9423130687085424,198.41647338867188,-0.0072409783063959,0.0167884132992521,spike,0.0,0
2026-04-17,NVDA,199.44410763257105,201.2400056483541,198.8155547450397,201.2200469970703,160324400,0.0167884132992521,0.0263090615855154,0.0691829421825958,0.1369299274294377,0.0127943082455973,0.0120487542841579,143935080.0,1.1138660568361791,197.8976593017578,0.0078143841431453,0.0018841817080057,neutral,0.0,0
2026-04-20,NVDA,199.52392392325544,201.70893187328167,197.3888049886708,201.59918212890625,119381400,0.0018841817080057,0.0160405468652788,0.0673498177378753,0.1374690116841932,0.0127473567328607,0.0214292877530053,145116790.0,0.8226573920219707,201.2200469970703,-0.008429195297025,-0.0107887493827583,neutral,0.0,0
2026-04-21,NVDA,201.66904795828867,202.2876291783033,198.54618104306965,199.42417907714844,107945300,-0.0107887493827583,0.0077136828236201,0.017149360317513,0.1222909449725955,0.014541281867499,0.0187612562957388,142657830.0,0.7566728023270787,201.59918212890625,0.0003465580993168,0.0131078071073005,neutral,0.0,0
2026-04-22,NVDA,200.53164182940824,202.03819274902344,198.54617460274403,202.03819274902344,107501000,0.0131078071073005,0.0040659256578199,0.0182531182945535,0.1121484863150747,0.0140755367457301,0.0172839506172838,138634660.0,0.7754265780288998,199.42417907714844,0.0055533022995741,-0.014123493526625,neutral,0.0,0
2026-04-23,NVDA,201.99828375930824,203.3651545152774,196.7702284327844,199.1847076416016,113561800,-0.014123493526625,-0.0119766085447747,0.0065036056736844,0.0855309403829729,0.0161383177911733,0.0331096004335806,138347990.0,0.8208417050366977,202.03819274902344,-0.0001975319080624,0.0432278217884809,spike,0.0,0
2026-04-24,NVDA,199.5039827094276,210.46890943516505,199.3543156614425,207.79502868652344,214134400,0.0432278217884809,0.0419750987473623,0.0326755797326141,0.1041191146586342,0.0189431685643253,0.0534882564033321,143715480.0,1.48998841321756,199.1847076416016,0.0016029095386201,0.0400441913327564,spike,0.0,0
2026-04-27,NVDA,209.17187844164343,216.3355120720909,206.90706623150768,216.1160125732422,187172400,0.0400441913327564,0.0696790029284539,0.0720083796523223,0.1442079486353811,0.0209505802962634,0.0436267804885024,149067900.0,1.2556184128172465,207.79502868652344,0.0066259994949017,-0.015881097300298,crash,0.0,0
2026-04-28,NVDA,209.0122528840405,214.2402930542568,207.72518626919629,212.6838531494141,180275400,-0.015881097300298,0.0677719974974278,0.0664898014554999,0.0847794193356132,0.0209463522026823,0.0306328227958308,150964740.0,1.1941556684030987,216.1160125732422,-0.0328701219526443,-0.0183890617959003,crash,0.0,0
2026-04-29,NVDA,212.2149257168926,212.23488436877423,207.10660696252424,208.7727966308593,123711800,-0.0183890617959002,0.0047054443531031,0.0333333207459531,0.0521948760872328,0.0225064420740499,0.0245639158406137,144802080.0,0.854350987223388,212.6838531494141,-0.0022048097473204,-0.0462604006070979,crash,0.0,0
2026-04-30,NVDA,209.4512425942353,209.82040915320687,198.24685712515333,199.1148834228516,225239200,-0.046260400607098,-0.0786666797520562,-0.00035055009783,0.0061507757362493,0.0278217034220422,0.0581249971328127,153924710.0,1.4633076131830944,208.7727966308593,0.0032496856598398,-0.005612147816344,neutral,0.0,0
2026-05-01,NVDA,200.8209691272831,202.5370477944956,196.67045257290908,197.99742126464844,128647000,-0.005612147816344,-0.0690528766866386,-0.0471503456257152,-0.0160154307710145,0.0273027138310982,0.0296296546900228,150756970.0,0.8533403132206756,199.1148834228516,0.0085683484584543,0.0001511256316393,neutral,0.0,0
2026-05-04,NVDA,199.04502180842945,201.2699318245734,194.2958829090753,198.02734375,125368100,0.0001511256316393,-0.05146960262193,-0.0836988828725122,-0.0177175241545491,0.0272858988950448,0.0352176057277348,151355640.0,0.8283014759146075,197.99742126464844,0.0052909807465662,-0.0099757896488805,neutral,0.0,0
2026-05-05,NVDA,198.8454820247872,199.7833407086998,195.58293528206715,196.05186462402344,113406600,-0.0099757896488805,-0.0153831735035263,-0.0782005228845764,-0.0169102586693883,0.0272561861852705,0.0214249705540313,151901770.0,0.746578529005949,198.02734375,0.004131440937874,0.0576590726277983,spike,0.0,0
2026-05-06,NVDA,199.4341385249405,207.7950323152332,198.15705885791613,207.3560333251953,188362800,0.0576590726277983,0.0472663330702571,-0.0067861490027797,0.026320966861834,0.0329351864716211,0.0464803136072818,159987950.0,1.1773561696365258,196.05186462402344,0.0172519343664669,0.0176586921239787,spike,0.0,0
2026-05-07,NVDA,207.86487247229027,213.7115092245668,206.0290722858257,211.0176696777344,168307900,0.0176586921239787,0.0655986475490681,0.0597784859186312,0.0594069804667143,0.0326221639943653,0.036406604956228,165462560.0,1.0171962769100151,207.3560333251953,0.002453939434195,0.0174940745176852,spike,0.0,0
2026-05-08,NVDA,212.5441790763045,217.30330524675068,212.4044989584125,214.709228515625,136421400,0.0174940745176852,0.0951654498536984,0.0844041661968877,0.0332741349627387,0.0303156131033718,0.0228160024709029,157691260.0,0.8651170648265478,211.0176696777344,0.0072340359027818,0.0197026064046921,spike,0.0,0
2026-05-11,NVDA,213.55186573785767,221.7930381906341,213.402213909002,218.93955993652344,160685800,0.0197026064046921,0.0558629832253867,0.1056026697652627,0.0130649614050433,0.0282148104738101,0.0383248430939793,155042600.0,1.0363977384280192,214.709228515625,-0.0053903727649187,0.0061064550438749,neutral,0.0,0
2026-05-12,NVDA,218.0515943496244,223.23973257586303,214.4298677829736,220.2765045166016,159176600,0.0061064550438749,0.0438770594567139,0.1235624049739834,0.0356992374115656,0.0275452115920203,0.0399945732397687,152932720.0,1.0408276266844665,218.93955993652344,-0.0040557566990473,0.0228734457044004,spike,0.0,0
2026-05-13,NVDA,224.41703053540263,227.32039781394545,221.0647077692387,225.3149871826172,150405400,0.0228734457044004,0.0493959143736588,0.0866092660504214,0.0792353736632021,0.0269266875962154,0.027764198568986,155602080.0,0.9666027600659324,220.2765045166016,0.0187969480807199,0.0438825908526629,spike,0.0,0
2026-05-14,NVDA,229.32582552778115,236.0005559723521,228.7770767762568,235.202392578125,180782900,0.0438825908526629,0.0742800097265043,0.1146099420836437,0.181239636811257,0.0212390345444241,0.0307117589958016,151156450.0,1.1959985829251745,225.3149871826172,0.0178010277758984,-0.0442011871632332,crash,0.0,0
2026-05-15,NVDA,229.23602944473367,230.9720668751014,223.7286287034134,224.80616760253903,180977600,-0.0442011871632332,0.0205635326195039,0.0470261066872552,0.1353994722085665,0.0281755841517356,0.0322208160431546,156389510.0,1.15722339688896,235.202392578125,-0.0253669321472124,-0.0133144214610337,neutral,0.0,0
2026-05-18,NVDA,229.34577348371204,229.4754818886306,217.8719993892805,221.81300354003903,146280900,-0.0133144214610337,-0.0155426129720337,0.013124369137988,0.1201130073232072,0.0291693019985718,0.0523120029672002,158480790.0,0.9230197552649756,224.80616760253903,0.0201934223139246,-0.0076916848671059,neutral,0.0,0
2026-05-19,NVDA,219.1191400841904,223.9680572056968,217.4130483552105,220.1068878173828,140948200,-0.0076916848671059,-0.0641809149782693,-0.0007700172090119,0.1226972425867545,0.0289883213085669,0.0297810255530249,161234950.0,0.8741789543768271,221.81300354003903,-0.0121447499148189,0.0129640882014985,neutral,0.0,0
2026-05-20,NVDA,222.6710257508039,225.61431038954527,219.9971448577806,222.9603729248047,184201600,0.0129640882014985,-0.0082106051511795,-0.0104503224008978,0.0752538488963916,0.0242231197765819,0.0251935599948924,160818830.0,1.1453982098986792,220.1068878173828,0.0116495124657274,-0.0177205189375723,crash,0.0,0
2026-05-21,NVDA,221.7830583738448,226.8814055684356,217.43300079554024,219.0093994140625,203381800,-0.0177205189375723,-0.0126394939937345,-0.0688470597027783,0.0378723248557006,0.0251482296535965,0.0431415491671755,164326220.0,1.2376710180517754,222.9603729248047,-0.0052803757704378,-0.0190424301539747,crash,0.0,0
2026-05-22,NVDA,220.39621757095847,220.50596731800164,214.3101381389001,214.83892822265625,169275700,-0.0190424301539747,-0.0239336426359235,-0.044337037040305,0.000604071412896,0.0256211078014498,0.0288394157909792,167611650.0,1.009928009180746,219.0093994140625,0.0063322312220674,-0.0021826484173934,neutral,0.0,0
2026-05-26,NVDA,216.0461718127993,217.6824311685512,211.5165320236786,214.37001037597656,187202600,-0.0021826484173934,-0.0385286516888151,-0.033555260716349,-0.0208712832065237,0.0247031778871042,0.0287628812167263,170263330.0,1.0994886567765354,214.83892822265625,0.0056192962799176,-0.0105185062545229,neutral,0.0,0
2026-05-27,NVDA,213.63168066177133,213.66161102691768,208.30386252985457,212.1151580810547,167601200,-0.0105185062545229,-0.0314792029540862,-0.036308403683208,-0.0370504627965522,0.0246689174275422,0.0252586780951118,171105790.0,0.97951799293291,214.37001037597656,-0.0034441837872298,0.0077609963874287,neutral,0.0,0
2026-05-28,NVDA,210.79815519844968,215.02849096688144,210.7382944698381,213.76138305664065,143996000,0.0077609963874287,-0.0050155955204674,-0.0412584072563714,-0.0512775659996925,0.0232989257041012,0.020070025912522,170464850.0,0.8447254668631099,212.1151580810547,-0.0062089050802382,-0.0145156714944452,neutral,0.0,0
2026-05-29,NVDA,214.0906505321041,217.3631692496548,210.64852132770383,210.6584930419922,289410600,-0.0145156714944452,-0.0173136033695892,-0.038130356023131,-0.1043522528282967,0.0157931764909153,0.0318745654399629,181327620.0,1.5960646260067826,213.76138305664065,0.0015403506038141,0.0626124760651658,spike,0.0,0
2026-06-01,NVDA,215.2380189209028,224.3571743491113,215.2080885544549,223.8483428955078,212850700,0.0626124760651658,0.055315164274915,0.0419356712835317,-0.0042606691677813,0.0244665883968803,0.0408718048850026,184514930.0,1.1535689821956412,210.6584930419922,0.0217390992063999,-0.0068640178594251,neutral,0.0,0
2026-06-02,NVDA,226.6618858382332,231.750260864546,220.84519513709748,222.3118438720703,193362900,-0.0068640178594251,0.0400000256976444,0.037047315910303,0.0022489228497428,0.0241645565717104,0.049053012819793,189223130.0,1.0218777165349713,223.8483428955078,0.0125689692687997,-0.0362175484022057,crash,0.0,0
2026-06-03,NVDA,221.2143597561905,222.3118572511273,214.02079575535723,214.26025390625,160907000,-0.0362175484022057,0.0170976294961904,0.0101128832309835,-0.0265627030989762,0.0267787336163922,0.0386962180087673,191219010.0,0.841480143632163,222.3118438720703,-0.0049366875680782,0.0193939363726485,spike,0.0,0
2026-06-04,NVDA,213.67091279390368,221.35231998810903,210.73419644349,218.4156036376953,169022200,0.0193939363726485,-0.0242697318530005,0.0217729718740704,-0.0203837535230627,0.0272607493967691,0.0486143085373709,189701070.0,0.8909923386304569,214.26025390625,-0.0027505853353659,-0.0620140931117845,crash,0.0,0
2026-06-05,NVDA,214.2902104723603,214.6298267834636,204.101614447126,204.87075805664065,219655500,-0.0620140931117845,-0.0784532461773208,-0.0274744915420894,-0.0645572354211662,0.0331170868664784,0.0513895318014437,191328440.0,1.148054622721013,218.4156036376953,-0.0188878134008143,0.0172598632098974,spike,0.0,0
2026-06-08,NVDA,209.9450713288228,210.2347557268212,205.76975069388217,208.40679931640625,138372800,0.0172598632098974,-0.0273193673727509,-0.068982166136962,-0.0299393082969759,0.033534939677534,0.0214244691036216,188238150.0,0.7350943472404504,204.87075805664065,0.024768362846489,-0.002156807789753,neutral,0.0,0
2026-06-09,NVDA,210.3845825512031,211.16370951624515,199.11719156565087,207.95730590820312,180962500,-0.002156807789753,-0.0478825576346654,-0.0645693801726889,-0.0299141864877759,0.0335349702859139,0.057927841957675,187614140.0,0.964546169068067,208.40679931640625,0.0094900129999796,-0.0373217088362858,crash,0.0,0
2026-06-10,NVDA,204.2014963256504,206.98838641050185,199.696542748819,200.19598388671875,161746600,-0.0373217088362858,-0.0228181621148171,-0.065641059240437,-0.0561919963767102,0.0352709693040139,0.0364235261872632,187028680.0,0.8648224432744753,207.95730590820312,-0.0180604839351527,0.0222033554155762,spike,0.0,0
2026-06-11,NVDA,201.26479475008583,205.43013200106668,199.31696212361035,204.64100646972656,158643200,0.0222033554155762,-0.0180694337182464,-0.0630659940890389,-0.0426661563304792,0.036145770484861,0.0298726534965545,188493400.0,0.841637956554447,200.19598388671875,0.0053388227007184,0.0015620347924627,neutral,0.0,0
2026-06-12,NVDA,204.6310298517525,206.8385664547524,203.2126188059985,204.96066284179688,112001800,0.0015620347924627,-0.0144098955952479,0.000438836591464,-0.027047711762846,0.0359714483126022,0.017690944196217,170752520.0,0.6559305830449823,204.64100646972656,-4.875180271140494e-05,0.0353817982948865,spike,0.0,0
2026-06-15,NVDA,208.68648640498927,212.47225882321928,208.1071328472061,212.2125396728516,149936700,0.0353817982948865,0.0600239602854992,0.0182611141715554,-0.0519807431770348,0.0312438099172813,0.020569594910567,164461120.0,0.9116847799650154,204.96066284179688,0.0181782372848214,-0.0237232107053135,crash,0.0,0
2026-06-16,NVDA,210.9439520928381,211.2536184019877,207.05830064217733,207.1781768798828,125694100,-0.0237232107053135,0.0123981525204801,-0.0037465816597193,-0.0680740473768738,0.0318126081815711,0.0202498053752192,157694240.0,0.7970747695033122,212.2125396728516,-0.0059779105512292,-0.0133070361548397,neutral,0.0,0
2026-06-17,NVDA,208.29691745433288,208.9761653200819,202.8530121596522,204.42124938964844,128363500,-0.0133070361548397,-0.0026317901428958,0.0211056456822857,-0.0459208104966898,0.0302250629781321,0.0299536040343747,154439890.0,0.8311550856452954,207.1781768798828,0.0053998958350651,0.0295138796879976,spike,0.0,0
2026-06-18,NVDA,207.09826842291383,211.1537281092123,206.26919428756835,210.4545135498047,241272000,0.0295138796879976,-0.0082842706927549,0.0284083194290687,-0.0364492735651632,0.0312572862026042,0.0232094514831491,161664870.0,1.492420709582731,204.42124938964844,0.0130956005858408,-0.0096825435148927,neutral,0.0,0
2026-06-22,NVDA,211.2036686200953,213.7508214450341,207.48782537372824,208.41677856445312,122041400,-0.0096825435148927,0.0059784370305007,0.0168623367759301,0.0173085731777891,0.0238246560333453,0.0300503448640005,151903460.0,0.8034142211112242,210.4545135498047,0.0035597006576593,-0.0412652588418808,crash,0.0,0
2026-06-23,NVDA,201.9440304014853,203.5422481594977,199.77645766483005,199.81640625,153496200,-0.0412652588418808,-0.0225262449642459,-0.058413765001642,-0.0412193512619719,0.0266705488201593,0.0188462527444121,153415800.0,1.0005240659697372,208.41677856445312,-0.0310567518006526,-0.0051989405557832,neutral,0.0,0
2026-06-24,NVDA,199.8963159019568,201.44458647582783,196.36027935647687,198.777572631836,151810700,-0.0051989405557835,-0.0554843929028175,-0.040547727441956,-0.0441423937296979,0.0266660647104646,0.0255778710446764,150500620.0,1.008704814637973,199.81640625,0.0003999153695957,-0.0163818664909507,crash,0.0,0
2026-06-25,NVDA,199.8563704571445,200.5755669254449,191.9152592982058,195.521224975586,149550000,-0.0163818664909507,-0.0618738744437468,-0.0435376676379571,-0.0233509125426711,0.0245097115464635,0.0442934398979981,149280960.0,1.0018022392138957,198.777572631836,0.0054271606752468,-0.0163993494764465,crash,0.0,0
2026-06-26,NVDA,192.90414096411192,195.33143282930595,191.0062707295152,192.31480407714844,179304100,-0.0163993494764463,-0.0375424736818954,-0.086193017040537,-0.060233296372111,0.0232668677180573,0.0224900112112829,151347050.0,1.1847214729325746,195.521224975586,-0.0133851657885267,0.0126733411390749,neutral,0.0,0
2026-06-29,NVDA,193.6333319429392,195.96071419295149,189.58785574691487,194.7520751953125,148835700,0.0126733411390749,-0.0202512656897126,-0.0655643152305743,-0.0498075460185454,0.0239215787099083,0.0327229295998279,155030440.0,0.9600417827621466,192.31480407714844,0.0068560913556183,0.0262604291438748,spike,0.0,0
2026-06-30,NVDA,197.0195429632178,200.4057532237791,194.8919188665145,199.8663482666016,166476700,0.0262604291438748,0.0222232818537126,0.0002499395196764,-0.0581784253903325,0.022339105661195,0.0275876074440991,156684440.0,1.0624966971832046,194.7520751953125,0.0116428426533134,-0.0125443172969975,neutral,0.0,0
2026-07-01,NVDA,195.9806989625188,199.62662840490705,193.23377271109229,197.35916137695312,146147600,-0.0125443172969975,0.0262296879536174,-0.0071356704687702,-0.047394062689443,0.0216075451192742,0.0323919885411577,158729790.0,0.9207320188604798,199.8663482666016,-0.0194412382964025,-0.0139183694612629,neutral,0.0,0
2026-07-02,NVDA,196.9196593659626,199.8363939026278,192.1350197738411,194.6122436523437,142068700,-0.0139183694612626,-0.0007179977046639,-0.0046490161022454,-0.0479842764222995,0.0216356589953238,0.0395729168126979,160100310.0,0.8873730475599954,197.35916137695312,-0.002226914666257,0.0036955152018474,neutral,0.0,0
2026-07-06,NVDA,194.20269428466304,197.3292007505161,193.77318221313823,195.33143615722656,108999000,0.0036955152018471,-0.0226897231510224,0.0156859067327337,-0.071859125934114,0.018398207433549,0.0182050498748985,146873010.0,0.7421309061481072,194.6122436523437,-0.0021044378297816,0.0070569720545061,neutral,0.0,0
2026-07-07,NVDA,192.15498377986225,198.18824142626733,190.92636281467173,196.7098846435547,124154600,0.0070569720545061,-0.0032898231268744,0.0100528297132584,-0.0561705924135952,0.0189093521325334,0.0369166939666218,147084330.0,0.8441048750740476,195.33143615722656,-0.0162618595340051,0.0365104228116663,spike,0.0,0
2026-07-08,NVDA,194.9618356993413,204.9306918075912,194.84197470333905,203.891845703125,147419100,0.0365104228116663,0.0476825192322349,0.0201409465447068,0.0203959200828884,0.0186034152586842,0.0494807287140935,146476620.0,1.0064343374389717,196.7098846435547,-0.0088864316471992,-0.0065647597232084,neutral,0.0,0
2026-07-09,NVDA,204.23147485952867,204.36131918975943,198.7376223952696,202.5533447265625,132037400,-0.0065647597232084,0.0369725872671251,0.0263184303853447,0.0189949602700894,0.0186684714491554,0.0277640282962572,144499290.0,0.9137581229637876,203.891845703125,0.001665731923866,0.0403393384145405,spike,0.0,0
2026-07-10,NVDA,201.7742207048944,210.7641612313501,201.6943082934289,210.7242126464844,148421000,0.0403393384145405,0.0712436389677324,0.0827901096650587,0.0777562010098738,0.0209297422966175,0.0430413421600344,144386390.0,1.0279431461649535,202.5533447265625,-0.003846512743198,-0.0352200018218653,crash,0.0,0
2026-07-13,NVDA,208.3069001369788,210.33464515051216,202.7730991138312,203.3025054931641,121411000,-0.0352200018218653,-0.0028904550249597,0.0408079185447725,0.0571339344817565,0.0239648454524856,0.0371935703317498,138597080.0,0.8759996963860999,210.7242126464844,-0.0114714511405527,0.040632911458909,spike,0.0,0
2026-07-14,NVDA,207.96729575339148,212.31243993744155,203.5722196467825,211.5632781982422,124379600,0.040632911458909,0.0444817807567812,0.0755091366232174,0.0863210468287443,0.0263631178434969,0.0413125584226822,136151470.0,0.913538428927723,203.3025054931641,0.0229450701992663,0.0033049378756353,neutral,0.0,0
2026-07-15,NVDA,211.7230919717581,213.57101502024952,205.80969553973085,212.26248168945312,124797200,0.0033049378756353,0.0072999159595834,0.0410542950232355,0.0620221139294361,0.025646564742888,0.0365647259880515,131983520.0,0.9455513839909708,211.5632781982422,0.0007553946737682,-0.0239999988498172,crash,0.0,0
2026-07-16,NVDA,209.93509060438328,210.8440771529852,205.61992700554663,207.16818237304688,122986100,-0.0239999988498172,0.019014408457513,0.0227833198840246,0.0497013714876841,0.026812611916063,0.0252169521767172,129667370.0,0.9484737756306773,212.26248168945312,-0.0109646842274976,-0.0221311464542836,crash,0.0,0
2026-07-17,NVDA,202.4135048295048,206.4190172896336,197.74872640584337,202.58331298828125,144281900,-0.0221311464542836,-0.0424457650989241,-0.0386329580068737,0.0409587248281104,0.0275775919014599,0.0427986429676553,129888690.0,1.1108118805417162,207.16818237304688,-0.0229508097675942,0.0023174782510451,neutral,0.0,0
2026-07-20,NVDA,205.639896943356,207.50781723343968,202.05391309694545,203.05279541015625,88701500,0.0023174782510451,-0.043388196566791,-0.0012282685961104,0.0395295268638407,0.027584736720442,0.0268595373212056,127858940.0,0.6937449974166844,202.58331298828125,0.0150880342017684,0.0197264382140647,spike,0.0,0
2026-07-21,NVDA,207.308024406286,208.4167843613107,203.78197113093623,207.0583038330078,108685600,0.0197264382140647,-0.0005303832798089,-0.0212937443756806,0.0526075199942535,0.0280168441962351,0.02238409735121,126312040.0,0.8604532077860512,203.05279541015625,0.0209562689719902,0.0230112913458466,spike,0.0,0
2026-07-22,NVDA,205.57996827489487,214.15038042761168,204.7209288682105,211.822982788086,137645600,0.0230112913458464,0.0456092343614658,-0.0020705444403978,0.0388987458405227,0.0266479946383027,0.0445157151282053,125334690.0,1.0982242825190696,207.0583038330078,-0.0071397066949081,-0.0155616998694213,crash,0.0,0
2026-07-23,NVDA,209.22588688656515,210.63429930291463,205.72979894313585,208.5266571044922,110505300,-0.0155616998694212,0.0269578248518027,0.0065573521758235,0.0294900703120621,0.0271958755810707,0.0235197764539099,123181480.0,0.8970934591790909,211.822982788086,-0.0122606898804698,-0.0091971295484128,neutral,0.0,0
2026-07-24,NVDA,207.21812923496967,211.6731509810223,204.5810805834776,206.6088104248047,114836800,-0.0091971295484128,-0.0021708542950571,0.019870824388958,-0.0195298023420963,0.0240131205472295,0.0343260792362282,119823060.0,0.9583864741895258,208.5266571044922,-0.0062751107589415,-0.0499419695922879,crash,0.0,0
2026-07-27,NVDA,207.9672962732577,208.51668459839084,195.22156333884288,196.2903594970703,154353700,-0.0499419695922879,-0.0733283191775037,-0.0333038306585543,-0.0344911932053368,0.0266069098032851,0.067731911509115,123117330.0,1.2537122109454453,206.6088104248047,0.0065751593344924,0.0025443706256604,neutral,0.0,0
2026-07-28,NVDA,194.78204700134697,198.4779084345641,192.52457850774027,196.789794921875,134111500,0.0025443706256604,-0.0562847088501298,-0.0495923550084441,-0.0698300924535869,0.0219574743707814,0.030252228928778,124090520.0,1.080755403394232,196.2903594970703,-0.0076840885084112,-0.0355311729654821,crash,0.0,0
2026-07-29,NVDA,195.63110696844683,196.84974460884013,189.7976226806641,189.7976226806641,147680800,-0.0355311729654821,-0.081367235548065,-0.1039800300114587,-0.1058352791788039,0.0233255976347464,0.037156007691631,126378880.0,1.1685560118905944,196.789794921875,-0.0058879473597102,0.0264722403535386,spike,0.0,0
2026-07-30,NVDA,193.23377181769484,197.0295274868272,191.3059363552755,194.82199096679688,129010200,0.0264722403535386,-0.0074805942280387,-0.065721411008032,-0.0595950172696803,0.0255270973379386,0.0293785681131199,126981290.0,1.0159780232190112,189.7976226806641,0.0181042791184592,0.0292761023113206,spike,0.0,0
2026-07-31,NVDA,198.2182038580375,201.77422236802423,194.73209918257555,200.525619506836,139961200,0.0292761023113203,0.0189838329088358,-0.0294430373296336,-0.0101572703649304,0.0270124361388364,0.0351183215529654,126549220.0,1.1059823205548007,194.82199096679688,0.017432389815888,0.0293400058607566,spike,0.0,0
2026-08-03,NVDA,197.46904862701152,208.50670133078404,196.62999113475112,206.40904235839844,128406900,0.0293400058607569,0.0875217478655314,0.0515495660981717,0.0165289374197619,0.0286486256893152,0.057539679755942,130519760.0,0.9838119530713204,200.525619506836,-0.0152427948475693,0.0256484276188837,spike,0.0,0
2026-08-04,NVDA,211.06382570110384,212.8218530009649,208.8163406042335,211.7031097412109,134922000,0.0256484276188837,0.0866489388114868,0.0757829684474058,0.022432357564124,0.0291128919412836,0.0189204230472939,133143400.0,1.0133585292248808,206.40904235839844,0.0225512569096806,0.0343493577095577,spike,0.0,0
2026-08-05,NVDA,216.6176127852948,221.9716224388697,216.15812022814887,218.9749755859375,158187400,0.0343493577095577,0.0920049823283184,0.1537287585227793,0.0337640075864977,0.0301964915300488,0.0265487058288964,135197580.0,1.1700460910616892,211.7031097412109,0.0232141277947756,-0.0010491442116171,neutral,0.0,0
2026-08-06,NVDA,221.2823935806188,223.3800524967045,216.75745800384053,218.7452392578125,113940600,-0.0010491442116171,0.0597657774991955,0.1227954204363552,0.0490037211319214,0.0295066395978191,0.0302753765765782,135541110.0,0.8406349925863821,218.9749755859375,0.010537359296454,0.0226951088779276,spike,0.0,0
2026-08-07,NVDA,221.29237770419127,224.50877992471257,220.4133716458872,223.70968627929688,105669400,0.0226951088779276,0.0567142190436549,0.1156164824698151,0.0827693447309017,0.0295022280720562,0.0183067990793763,134624370.0,0.7849202934060155,218.7452392578125,0.0116443148889595,-0.0286212340490489,crash,0.0,0
2026-08-10,NVDA,223.15029107269072,223.88946943306016,216.5277120448001,217.3068389892578,115846600,-0.0286212340490489,-0.0076179325615451,0.0527970892473643,0.1070683223874842,0.0252885586195663,0.0338772466734191,130773660.0,0.8858557602501911,223.70968627929688,-0.0025005408389324,-0.0002298225717785,neutral,0.0,0
2026-08-11,NVDA,221.92167541427943,221.9516406634887,215.95834695389817,217.25689697265625,101273100,-0.0002298225717785,-0.0068039985245215,0.0262338481387183,0.1040048954718746,0.0254006497004653,0.0275862068965517,127489820.0,0.7943622479034013,217.3068389892578,0.0212364987981337,0.0302988141435247,spike,0.0,0
2026-08-12,NVDA,220.7929293559802,224.848404158734,219.95387191061064,223.8395233154297,108783600,0.0302988141435247,0.0005803818256251,0.0222150851551667,0.1793589411393279,0.0202248310040127,0.0218662556800842,123600100.0,0.8801255015165845,217.25689697265625,0.0162758118733923,0.0053996895745993,neutral,0.0,0
2026-08-13,NVDA,224.80845001468583,226.9760227961096,223.4599680426376,225.0481872558593,98867200,0.0053996895745995,0.0356240434153303,0.0288141036551574,0.1551477640643446,0.0202049545961538,0.0156235639857635,120585800.0,0.8198908992601119,223.8395233154297,0.0043286667381379,-0.0006214082568847,neutral,0.0,0
2026-08-14,NVDA,226.51654155338588,227.2357380227388,224.24907448357243,224.9083404541016,75680900,-0.0006214082568848,0.035218414642129,0.0053580790118681,0.1215940437298308,0.0200213775270164,0.0132794699082128,114157770.0,0.6629500558744271,225.0481872558593,0.0065246217507059,-0.0006662327786121,neutral,0.0,0
2026-08-17,NVDA,225.72741618855903,227.6652502746616,224.6086728983284,224.7584991455078,93678700,-0.0006662327786121,0.0041055119152622,0.034290960150676,0.0888985122814933,0.0193237778779728,0.0135993850642078,110684950.0,0.8463544501759273,224.9083404541016,0.0036418201868533,-0.023421134867455,crash,0.0,0
2026-08-18,NVDA,220.203597915372,221.39227027986857,218.44557057093272,219.4944000244141,103128200,-0.023421134867455,-0.0246782135824586,0.0102988815680242,0.0368029090017967,0.0207268186838614,0.0134249425434457,107505570.0,0.9592823888101798,224.7584991455078,-0.0202657574572385,-0.00992082954316,neutral,0.0,0
2026-08-19,NVDA,221.4222404106533,222.62089613745684,216.5177245976465,217.3168334960937,96797300,-0.0099208295431598,-0.0337537813968136,-0.0291400272960031,-0.0075722903286409,0.0180327124286782,0.0280842097762298,101366560.0,0.9549233988013404,219.4944000244141,0.008783095997095,-0.0032634287304741,neutral,0.0,0
2026-08-20,NVDA,218.1159423024499,219.6142657707553,215.41896310784705,216.60763549804688,92457000,-0.0032634287304742,-0.0362649852105664,-0.0375055309742012,-0.009772115576176,0.0180522388885163,0.0193682122666727,99218200.0,0.9318552442999368,217.3168334960937,0.0036771601789906,-0.0098224815890111,neutral,0.0,0
2026-08-21,NVDA,218.1758724878036,218.49552214328023,214.2602556586216,214.48001098632807,98869300,-0.0098224815890111,-0.0228451798202062,-0.0463670197677782,-0.0412573789113706,0.0161737657352525,0.0197466722664827,98538190.0,1.0033602200324565,216.60763549804688,0.0072399894221219,-0.0290611334729919,crash,0.0,0
2026-08-24,NVDA,215.2891020611033,215.3490325607492,207.01835779182304,208.2469787597656,135187300,-0.0290611334729919,-0.0417356289911667,-0.0734633860277413,-0.0416915559198763,0.0162483359956602,0.0400038205525971,100472260.0,1.345518653606478,214.48001098632807,0.0037723379025135,0.0219205851487953,spike,0.0,0
2026-08-25,NVDA,210.79412790131315,214.48998931653267,209.87515802586688,212.81187438964844,122309000,0.0219205851487953,-0.0175236717748699,-0.0304450848587588,-0.0204597536140234,0.0182283925339731,0.0216850272283972,102575850.0,1.1923761782134878,208.2469787597656,0.012231385812737,-0.0159117775719644,crash,0.0,0
2026-08-26,NVDA,212.40232405945304,213.3612577394914,208.99613188036045,209.4256591796875,179900000,-0.0159117775719644,-0.0235656077384421,-0.0363118410546325,-0.0643937403111357,0.0146630179459895,0.0208433191817516,109687490.0,1.640114109640033,212.81187438964844,-0.0019244712324911,0.0873795257094394,spike,0.0,0
2026-08-27,NVDA,222.61090164325523,230.21239627098788,220.6530857022795,227.7251739501953,298909800,0.0873795257094394,0.0935341069840913,0.0513256996993012,0.0118951711052552,0.0332344641220245,0.0419773993489145,129691750.0,2.304771120753633,209.4256591796875,0.0629590591487873,-0.0457495971140021,crash,0.0,0
2026-08-28,NVDA,227.10587153371227,229.003741733446,216.56766062888835,217.3068389892578,195116400,-0.0457495971140021,0.0211217753356154,0.013179913549659,-0.0337982195302137,0.036483910665769,0.0572282085662863,141635300.0,1.3775972515326336,227.7251739501953,-0.0027195167128008,0.0148471841398407,neutral,0.0,0
2026-08-31,NVDA,218.62536478578363,221.0526567078369,215.9683494434545,220.53323364257807,124702700,0.0148471841398407,0.0530382690755206,0.0589984784220372,-0.0187991356010716,0.0369144472217134,0.0230546080534174,144737700.0,0.8615771841061451,217.3068389892578,0.0060675761640018,-0.0151281413665632,crash,0.0,0
2026-09-01,NVDA,216.50774446342592,220.1636574397174,214.8595947199138,217.1969757080078,109756200,-0.0151281413665632,-0.0462320351306003,0.0206055293246016,-0.0104668926230042,0.0364525389398368,0.0244205182991784,145400500.0,0.7548543505696336,220.53323364257807,-0.0182534356054304,0.0320547924610696,spike,0.0,0
2026-09-02,NVDA,218.5454508199983,227.6952163087265,218.2357997469377,224.1591796875,157104700,0.0320547924610696,0.031533019071622,0.0703520311958103,0.0314855783665248,0.0376408787260474,0.0421995502257643,151431240.0,1.0374655850404448,217.1969757080078,0.0062085353978562,0.0180027277499683,spike,0.0,0
2026-09-03,NVDA,225.76737972053164,230.14247379152744,224.4987949430456,228.1946563720703,134681600,0.0180027277499683,0.0347404452514819,0.0020616184575961,0.0534931321667464,0.0378024780953178,0.0247318624292405,155653700.0,0.865264365704124,224.1591796875,0.0071743661592339,0.008360701613143,neutral,0.0,0
2026-09-04,NVDA,230.8317036041433,234.49759976142684,229.37334400327853,230.1025238037109,135352400,0.008360701613143,0.0594186362569471,0.0588830285966546,0.0728390153727598,0.0373998589659843,0.0222694461296719,159302010.0,0.8496590846531064,228.1946563720703,0.011556130515928,-0.0200990066378649,crash,0.0,0
2026-09-08,NVDA,232.84944771666764,233.44878317831424,224.59868561283847,225.47769165039065,122965600,-0.0200990066378649,0.0058820342076946,0.0224204666396274,0.0827417184789147,0.0365188353216711,0.0392504353787602,158079840.0,0.7778702205164175,230.1025238037109,0.0119378260939892,-0.0091259293386587,neutral,0.0,0
2026-09-09,NVDA,225.0281992525124,225.9271872095504,223.21024142511232,223.4199981689453,82955500,-0.0091259293386587,-0.0209236196808216,0.0286515152462505,0.0498474242084532,0.0365771700715987,0.012160709903791,154144490.0,0.5381671443461911,225.47769165039065,-0.0019935116178819,-0.0226479169280426,crash,0.0,0
2026-09-10,NVDA,220.52999877929688,220.9900054931641,217.1999969482422,218.3600006103516,105768000,-0.0226479169280426,-0.0510317009967968,-0.025870807901925,0.0426611594093082,0.0370732157840732,0.0173566978124574,146731290.0,0.7208278479661699,223.4199981689453,-0.0129352762211692,-0.0003206050742952,neutral,0.0,0
2026-09-11,NVDA,221.2400054931641,222.0,218.1499938964844,218.2899932861328,89060100,-0.0003206050742952,-0.0318776474588118,-0.0434044479542412,-0.0414323129076894,0.0231076416389524,0.0176371167801037,125746320.0,0.7082521381142605,218.3600006103516,0.0131892511209123,-0.03357912317427,crash,0.0,0
2026-09-14,NVDA,211.2400054931641,212.7700042724609,208.92999267578125,210.9600067138672,132267200,-0.03357912317427,-0.0557693651293298,-0.0831912522010113,-0.0292067764867003,0.0208760330939857,0.0182025572358272,119461400.0,1.1071961319723358,218.2899932861328,-0.0322964313976942,0.0057356438024733,neutral,0.0,0
2026-09-15,NVDA,213.3800048828125,213.94000244140625,211.1600036621093,212.1699981689453,88059700,0.0057356438024733,-0.0283476938271854,-0.0590200005332646,-0.037922789846664,0.0202102159963681,0.0131026950242195,115797100.0,0.7604655038856759,210.9600067138672,0.0114713599351921,0.0081538188361651,neutral,0.0,0
2026-09-16,NVDA,214.13999938964844,216.759994506836,212.5,213.8999938964844,96563600,0.0081538188361651,-0.0201108595202256,-0.0426103497917947,-0.0151796856322519,0.0200848267241402,0.0199158234146447,114477840.0,0.8435134695064128,212.1699981689453,0.0092850131390134,0.0254324572072635,spike,0.0,0
2026-09-17,NVDA,218.3800048828125,219.9100036621093,217.1499938964844,219.33999633789065,94191300,0.0254324572072635,0.0397231198204763,0.0044879818867915,-0.0214989337323939,0.0189375675907736,0.0125832488907913,108186500.0,0.8706382034727068,213.8999938964844,0.020944418486034,0.0133582929857289,neutral,0.0,0
2026-09-18,NVDA,219.3500061035156,222.72999572753903,218.02999877929688,222.2700042724609,190287400,0.0133582929857289,0.047603366124711,0.0182326772126064,-0.0259631500307758,0.018442743638532,0.0211454395910338,113747080.0,1.6728992076104283,219.33999633789065,4.563584294732654e-05,0.0229900594417935,spike,0.0,0
2026-09-21,NVDA,222.94000244140625,228.5,221.5599975585937,227.3800048828125,109806100,0.0229900594417935,0.0630201560120271,0.0778346494424242,-0.011831764710329,0.0199187642055032,0.0305216038894142,111192450.0,0.987531977216079,222.2700042724609,0.003014343618422,0.0065528639386867,neutral,0.0,0
2026-09-22,NVDA,226.8500061035156,229.97999572753903,226.5,228.8699951171875,95746700,0.0065528639386867,0.0434485225604543,0.0787104543166581,0.0150449627276507,0.0188343696779002,0.0152051199448716,108470560.0,0.8826975725026219,227.3800048828125,-0.0023308943966733,-0.0146808261547395,neutral,0.0,3
2026-09-23,NVDA,228.02999877929688,228.9499969482422,224.0200042724609,225.509994506836,89547300,-0.0146808261547396,0.0145768217577548,0.0542777042619746,0.0093545625056814,0.0192646652202001,0.0218615262998103,109129740.0,0.8205581723185632,228.8699951171875,-0.003670189871156,-0.0041239532545557,neutral,0.3684210526315789,19
2024-09-25,TSLA,252.5399932861328,257.04998779296875,252.27999877929688,257.0199890136719,65034300,,,,,,0.0185588250625057,,,,,-0.0108940468160233,neutral,0.0,0
2024-09-26,TSLA,260.6000061035156,261.75,251.52999877929688,254.22000122070312,67142200,-0.0108940468160233,,,,,0.0402014049706126,,,257.0199890136719,0.0139289442178495,0.0245456305735665,spike,0.0,0
2024-09-27,TSLA,257.3800048828125,260.70001220703125,254.1199951171875,260.4599914550781,70988100,0.0245456305735665,,,,,0.0252630626803142,,,254.22000122070312,0.0124301929310667,0.0044921042237542,neutral,0.0,0
2024-09-30,TSLA,259.0400085449219,264.8599853515625,255.7700042724609,261.6300048828125,80705700,0.0044921042237542,0.0179364098754801,,,,0.0347436490825015,,,260.4599914550781,-0.0054518273698137,-0.0137981722347083,neutral,0.0,0
2024-10-01,TSLA,262.6700134277344,263.9800109863281,248.52999877929688,258.0199890136719,87397600,-0.0137981722347083,0.014947635019755,,,,0.0598791290011743,,,261.6300048828125,0.0039751118966179,-0.0348809593226285,crash,0.0,0
2024-10-02,TSLA,247.5500030517578,251.1600036621093,241.5,249.0200042724609,93983900,-0.0348809593226285,-0.0439222435611201,-0.0311259243761986,,,0.0387920789349116,,,258.0199890136719,-0.0405781970689072,-0.0335716025496676,crash,0.0,0
2024-10-03,TSLA,244.47999572753903,249.7899932861328,237.8099975585937,240.6600036621093,80729200,-0.0335716025496675,-0.0801513619590226,-0.0533396172350009,,,0.0497797537822662,,,249.0200042724609,-0.0182315013534193,0.0391423503099883,spike,0.0,0
2024-10-04,TSLA,246.69000244140625,250.9600067138672,244.5800018310547,250.0800018310547,86573200,0.0391423503099883,-0.0307727599437904,-0.0398525300029186,,,0.0255118555506193,,,240.6600036621093,0.0250560902831328,-0.0369881635167652,crash,0.0,0
2024-10-07,TSLA,249.0,249.8300018310547,240.6999969482422,240.8300018310547,68113300,-0.0369881635167652,-0.0328889338241488,-0.0795015963901938,,,0.0379105793023965,,,250.0800018310547,-0.0043186253324817,0.0152389575262299,spike,0.0,0
2024-10-08,TSLA,243.5599975585937,246.2100067138672,240.5599975585937,244.5,56303200,0.0152389575262299,0.0159561052084171,-0.0523989984859486,,,0.0231084219029589,75697070.0,0.7437962922475071,240.8300018310547,0.0113357792084981,-0.0141104169662257,neutral,0.0,0
2024-10-09,TSLA,243.82000732421875,247.42999267578125,239.509994506836,241.0500030517578,66289500,-0.0141104169662257,-0.0361084401518727,-0.0320054657616295,-0.0621351904309067,0.0263250796365691,0.0328562458771042,75822590.0,0.8742711110237728,244.5,-0.0027811561381646,-0.0094586133600145,neutral,0.0,0
2024-10-10,TSLA,241.8099975585937,242.7899932861328,232.33999633789065,238.7700042724609,83087100,-0.0094586133600145,-0.0085537414065166,-0.0078534004856994,-0.0607741203448,0.026299829481936,0.0437659536845241,77417080.0,1.0732399103660328,241.0500030517578,0.0031528500195568,-0.0878251071971929,crash,0.0,0
2024-10-11,TSLA,220.1300048828125,223.33999633789065,214.3800048828125,217.8000030517578,142628900,-0.0878251071971929,-0.109202441506103,-0.1290786889913097,-0.1637871066684648,0.034542176970193,0.041138619511171,84581160.0,1.6862963336043155,238.7700042724609,-0.0780667548524155,0.0062442635045707,neutral,0.0,0
2024-10-14,TSLA,220.1300048828125,221.9100036621093,213.7400054931641,219.1600036621093,86291900,0.0062442635045709,-0.0908110313732221,-0.0899804758717193,-0.1623284807861622,0.03466851400885,0.0372786915149964,85139780.0,1.0135320998010566,217.8000030517578,0.0106978962277653,0.0018707960177877,neutral,0.0,0
2024-10-15,TSLA,220.009994506836,224.259994506836,217.1199951171875,219.57000732421875,62988800,0.0018707960177877,-0.0804120978543561,-0.1019631602281442,-0.1490193912356757,0.03517966544431,0.032518099701593,82698900.0,0.7616643026690803,219.1600036621093,0.0038784031325218,0.008015641700267,neutral,0.0,0
2024-10-16,TSLA,221.3999938964844,222.82000732421875,218.92999267578125,221.3300018310547,49632800,0.008015641700267,0.0162075240121002,-0.0818087573990566,-0.1111958957767492,0.0351601992013076,0.0175756319353705,78263790.0,0.6341732236580927,219.57000732421875,0.0083344104896962,-0.0019879927608824,neutral,0.0,0
2024-10-17,TSLA,221.58999633789065,222.0800018310547,217.8999938964844,220.88999938964844,50791800,-0.0019879927608824,0.0078937566099255,-0.0748837984791823,-0.0821491065055343,0.0343305032973016,0.0189234820323249,75270050.0,0.6747942906906532,221.3300018310547,0.0011746916580899,-0.0008601676940163,neutral,0.0,0
2024-10-18,TSLA,220.7100067138672,222.27999877929688,219.22999572753903,220.6999969482422,49611900,-0.0008601676940163,0.0051463751256102,0.0133149396503691,-0.1174824242950086,0.0303258979370331,0.0138196787219399,71573920.0,0.6931561104938783,220.88999938964844,-0.0008148520814821,-0.0083823782071027,neutral,0.0,0
2024-10-21,TSLA,218.8999938964844,220.47999572753903,215.72999572753903,218.8500061035156,47329000,-0.0083823782071027,-0.0112049686306519,-0.0014144805320942,-0.0912676807724244,0.0290267963900263,0.0217043631141287,69495490.0,0.6810369996671727,220.6999969482422,-0.0081558816341076,-0.0040210411618459,neutral,0.0,0
2024-10-22,TSLA,217.3099975585937,218.22000122070312,215.259994506836,217.97000122070312,43268700,-0.0040210411618459,-0.0132192411472393,-0.0072869975413036,-0.1085071524715618,0.0278454625575259,0.0135798811638764,68192040.0,0.6345124738899144,218.8500061035156,-0.0070368220332306,-0.0198192746709422,crash,0.0,0
2024-10-23,TSLA,217.1300048828125,218.72000122070312,212.1100006103516,213.6499938964844,80938900,-0.0198192746709422,-0.0319438294030023,-0.0346993533232452,-0.1136693997443764,0.0279733719435256,0.0309384544778135,69656980.0,1.1619639553710197,217.97000122070312,-0.0038537245179904,0.219190350702904,spike,0.0,0
2024-10-24,TSLA,244.67999267578125,262.1199951171875,242.6499938964844,260.4800109863281,204491900,0.219190350702904,0.1902216299830561,0.1792295337320508,0.0909243469673597,0.0782335457382244,0.0747466231553753,81797460.0,2.4999786056926463,213.6499938964844,0.1452375364650429,0.0334382335984133,spike,0.0,0
2024-10-25,TSLA,256.010009765625,269.489990234375,255.32000732421875,269.19000244140625,161611900,0.0334382335984133,0.2349864703117603,0.2197100415209147,0.2359504071147151,0.0701523476542879,0.0526393357169369,83695760.0,1.930944888964507,260.4800109863281,-0.0171606304981987,-0.0248151588662185,crash,0.0,0
2024-10-28,TSLA,270.0,273.5400085449219,262.239990234375,262.510009765625,107653600,-0.0248151588662185,0.2286918664402759,0.1994973837992872,0.1978007181016052,0.0716660038575656,0.0430460473512449,85831930.0,1.2542372051985782,269.19000244140625,0.0030090179844998,-0.0113901209124279,neutral,0.0,0
2024-10-29,TSLA,264.510009765625,264.9800109863281,255.509994506836,259.5199890136719,80521800,-0.0113901209124279,-0.0036855878845407,0.1906225056671802,0.1819464423957626,0.0721650916343784,0.0364905089410791,87585230.0,0.9193536398774086,262.510009765625,0.0076187570972461,-0.0075909421397183,neutral,0.0,0
2024-10-30,TSLA,258.0400085449219,263.3500061035156,255.82000732421875,257.54998779296875,53993600,-0.0075909421397183,-0.0432408876364981,0.2054762234992355,0.1636469780972642,0.0725949930934977,0.0292370379972599,88021310.0,0.6134150923225297,259.5199890136719,-0.0057027609872164,-0.0298970376797018,crash,0.0,0
2024-10-31,TSLA,257.989990234375,259.75,249.25,249.8500061035156,66575300,-0.0298970376797018,-0.0482267463759288,-0.0408092922084929,0.1311060111090947,0.0739460689466342,0.0420252141024552,89599660.0,0.7430307213219336,257.54998779296875,0.0017084156950531,-0.0034821306973117,neutral,0.0,0
2024-11-01,TSLA,252.0399932861328,254.0,246.6300048828125,248.97999572753903,57544800,-0.0034821306973117,-0.0406134160462591,-0.0750771073612448,0.1281377397840606,0.0740115395229725,0.0296007520429574,90392950.0,0.6366071690325407,249.8500061035156,0.0087652076410591,-0.024660613282231,crash,0.0,0
2024-11-04,TSLA,244.5599975585937,248.8999938964844,238.8800048828125,242.83999633789065,68802400,-0.024660613282231,-0.0571150928063824,-0.0749305272027386,0.1096184124529009,0.0747418247346992,0.041261691503775,92540290.0,0.7434858913884969,248.97999572753903,-0.0177524228644543,0.0354142902042768,spike,0.0,0
2024-11-05,TSLA,247.33999633789065,255.27999877929688,246.2100067138672,251.44000244140625,69282500,0.0354142902042768,0.0063638034782833,-0.0311343515502382,0.1535532460121127,0.0748021620290437,0.0360721920830528,95141670.0,0.7282035305875963,242.83999633789065,0.0185307200949659,0.1475103244422446,spike,0.0,0
2024-11-06,TSLA,284.6700134277344,289.5899963378906,275.6199951171875,288.5299987792969,165228700,0.1475103244422446,0.1588481152318668,0.1202873712082306,0.3504797894779843,0.0839024100678813,0.0484178466010707,103570650.0,1.5953235786393154,251.44000244140625,0.1321588079210737,0.0290437906570073,spike,0.0,0
2024-11-07,TSLA,288.8900146484375,299.75,285.5199890136719,296.9100036621094,117309200,0.0290437906570073,0.2226569269461897,0.1883529974343738,0.1398571527152361,0.0529476949315603,0.0479270176511877,94852380.0,1.2367554720292733,288.5299987792969,0.001247758883526,0.081876653729253,spike,0.0,0
2024-11-08,TSLA,299.1400146484375,328.7099914550781,297.6600036621094,321.2200012207031,204782800,0.081876653729253,0.277521468747034,0.2901438136910281,0.1932835480791011,0.056951540357544,0.0966626849977346,99169470.0,2.064978263975798,296.9100036621094,0.0075107303857162,0.0895959114311899,spike,0.0,0
2024-11-11,TSLA,346.29998779296875,358.6400146484375,336.0,350.0,210521600,0.0895959114311899,0.2130454423483463,0.4412782296084603,0.3332824920180686,0.0585949895170783,0.0646857561383928,109456270.0,1.9233397958837808,321.2200012207031,0.078077288079685,-0.0614571707589285,crash,0.0,0
2024-11-12,TSLA,342.739990234375,345.8399963378906,323.3099975585937,328.489990234375,155726000,-0.0614571707589285,0.1063621507620349,0.3064348832518164,0.2657598803191598,0.0644336381660515,0.0685865610797514,116976690.0,1.3312566802839096,350.0,-0.0207428850446428,0.0053274073853859,neutral,0.0,0
2024-11-13,TSLA,335.8500061035156,344.6000061035156,322.5,330.239990234375,125405600,0.0053274073853859,0.0280804090012889,0.1445603286713457,0.2822364817964504,0.0638200441432182,0.0669210475927854,124117890.0,1.0103748943846853,328.489990234375,0.0224056016558961,-0.0577155950890946,crash,0.0,0
2024-11-14,TSLA,327.69000244140625,329.9800109863281,310.3699951171875,311.17999267578125,120726100,-0.0577155950890946,-0.1109143066406249,0.048061664604307,0.2454672206285877,0.0670944613314583,0.0630182413095314,129532970.0,0.9320105915891528,330.239990234375,-0.0077216202409617,0.0306575254497856,spike,0.0,0
2024-11-15,TSLA,310.57000732421875,324.67999267578125,309.2200012207031,320.7200012207031,114440300,0.0306575254497856,-0.0236536553461736,-0.0015565655877588,0.2881356202273768,0.0663974431523743,0.0482040140815519,135222520.0,0.8463109547137563,311.17999267578125,-0.0019602331959627,0.0561860468479837,spike,0.0,0
2024-11-18,TSLA,340.7300109863281,348.54998779296875,330.010009765625,338.739990234375,126085600,0.0561860468479837,0.0257388573502785,-0.0321714564732142,0.3949102097788202,0.0642188487862662,0.0547321797302878,140950840.0,0.8945359956705473,320.7200012207031,0.0623909007528817,0.0214323964542886,spike,0.0,0
2024-11-19,TSLA,335.760009765625,347.3800048828125,332.75,346.0,88852500,0.0214323964542886,0.1118966776263721,0.0533045459106127,0.3760738014653388,0.064376419205377,0.0422832511063945,142907840.0,0.6217468544762834,338.739990234375,-0.0087972502646886,-0.0114739919673501,neutral,0.0,0
2024-11-20,TSLA,345.0,346.6000061035156,334.29998779296875,342.0299987792969,66340700,-0.0114739919673501,0.0664442425713551,0.0357013350701542,0.1854226604732471,0.0516749812482173,0.0359618114038112,133019040.0,0.4987308583793718,346.0,-0.0028901734104046,-0.006987644766217,neutral,0.0,0
2024-11-21,TSLA,343.8099975585937,347.989990234375,335.2799987792969,339.6400146484375,58011700,-0.006987644766217,0.002656977150645,0.0914583927068497,0.1439156999066824,0.052100704918179,0.0374219494373602,127089290.0,0.4564641127509643,342.0299987792969,0.0052042183014636,0.0380402259831773,spike,0.0,0
2024-11-22,TSLA,341.0899963378906,361.5299987792969,337.70001220703125,352.5599975585937,89140700,0.0380402259831773,0.0189595305161667,0.0992766157916664,0.0975655196400973,0.0474624088395571,0.0675912943535382,115525080.0,0.7716134020422232,339.6400146484375,0.0042691721437887,-0.0396244648214275,crash,0.0,0
2024-11-25,TSLA,360.1400146484375,361.9299926757813,338.20001220703125,338.5899963378906,95890900,-0.0396244648214275,-0.0100576044606718,-0.000442799494623,-0.0326000104631696,0.0405854118061113,0.0700847063569742,104062010.0,0.921478453087731,352.5599975585937,0.0214999351665925,-0.0010631895668981,neutral,0.0,0
2024-11-26,TSLA,341.0,346.9599914550781,335.6600036621094,338.2300109863281,62295900,-0.0010631895668981,-0.0041514650844921,-0.0224566156464505,0.029650890564439,0.0349497824999182,0.033409181402964,94719000.0,0.657691698603237,338.5899963378906,0.0071177639273912,-0.0157880618645235,crash,0.0,0
2024-11-27,TSLA,341.79998779296875,342.54998779296875,326.5899963378906,332.8900146484375,57896400,-0.0157880618645235,-0.0557918738551361,-0.0267227557918309,0.0080245412198012,0.035459765582067,0.0479437374291125,87968080.0,0.6581523661764586,338.2300109863281,0.0105548789009882,0.0368589878751097,spike,0.0,0
2024-11-29,TSLA,336.0799865722656,345.45001220703125,334.6499938964844,345.1600036621094,37167600,0.0368589878751097,0.0194040207781636,0.0162524696019272,0.1091972870560862,0.0301683710414733,0.031289889314984,79612230.0,0.466857918689126,332.8900146484375,0.0095826602885551,0.034563659025395,spike,0.0,0
2024-12-02,TSLA,352.3800048828125,360.0,351.1499938964844,357.0899963378906,77986500,0.034563659025395,0.055760827658563,0.0128488734135077,0.1134010818744026,0.0304774125617708,0.024783685329402,75966850.0,1.0265859384718463,345.1600036621094,0.0209178385215543,-0.0158783022999925,crash,0.0,0
2024-12-03,TSLA,351.79998779296875,355.69000244140625,348.20001220703125,351.4200134277344,58267200,-0.0158783022999925,0.0556640270476909,0.0378924871632657,0.0374329088944769,0.0269816645842389,0.0213134993687979,69185010.0,0.8421939954912199,357.0899963378906,-0.0148142165817389,0.0185247823097747,spike,0.0,0
2024-12-04,TSLA,353.0,358.1000061035156,348.6000061035156,357.92999267578125,50810900,0.0185247823097747,0.03699730234727,0.0582443338839302,0.0344797476178648,0.0267880025882677,0.0265415030715385,65380850.0,0.7771526372018718,351.4200134277344,0.0044960062372501,0.0322968116535151,spike,0.0,0
2024-12-05,TSLA,359.8699951171875,375.4299926757813,359.5,369.489990234375,81403600,0.0322968116535151,0.0347251225843669,0.1099461503061016,0.0802853303893889,0.0275938948737866,0.0431134620607085,66887140.0,1.2170291628555203,357.92999267578125,0.0054200611323553,0.053397958017247,spike,0.0,0
2024-12-06,TSLA,377.4200134277344,389.489990234375,370.7999877929688,389.2200012207031,81455800,0.053397958017247,0.1075635602658751,0.1276509360618902,0.1459780486218209,0.0303921114600987,0.0480191212753432,69231550.0,1.176570508677041,369.489990234375,0.0214620785486751,0.0014644862094215,neutral,0.0,0
2024-12-09,TSLA,397.6099853515625,404.7999877929688,378.010009765625,389.7900085449219,96359200,0.0014644862094215,0.0890118641105328,0.0915735880096999,0.1055990788635647,0.0293792625397407,0.0687292579082523,69953400.0,1.3774770061212178,389.2200012207031,0.0215558915383228,0.0287333729544849,spike,0.0,0
2024-12-10,TSLA,392.6799926757813,409.7300109863281,390.8500061035156,400.989990234375,97563600,0.0287333729544849,0.0852526477916733,0.1410562145369507,0.1842936724988568,0.0238615580185967,0.0470834817392257,70120670.0,1.3913671960065412,389.7900085449219,0.0074142078234577,0.0593032229193493,spike,0.0,0
2024-12-11,TSLA,409.7000122070313,424.8800048828125,402.3800048828125,424.7699890136719,104287600,0.0593032229193493,0.091336487542968,0.186740417695131,0.2558613228169213,0.0262163753719269,0.0529698438730232,74319840.0,1.4032269176036978,400.989990234375,0.0217212952561867,-0.015702575706076,crash,0.0,0
2024-12-12,TSLA,424.8399963378906,429.2999877929688,415.0,418.1000061035156,87752200,-0.015702575706076,0.0726288435772748,0.1315597638742698,0.2559704037535271,0.0262022061950982,0.0342023142411252,77305420.0,1.135136449682312,424.7699890136719,0.0001648123126149,0.0433628429039625,spike,0.0,0
2024-12-13,TSLA,420.0,436.2999877929688,415.7099914550781,436.2300109863281,89000200,0.0433628429039625,0.0878825447272528,0.1207800462930692,0.2638486683218684,0.0266514757317498,0.0471998620437326,82488680.0,1.0789383464494764,418.1000061035156,0.0045443527116667,0.0614125056796777,spike,0.0,0
2024-12-16,TSLA,441.0899963378906,463.1900024414063,436.1499938964844,463.0199890136719,114083800,0.0614125056796777,0.0900487345841394,0.1878703375238273,0.2966478864211774,0.0290753298836241,0.0583992250583451,86098410.0,1.3250395680942308,436.2300109863281,0.0111408780440711,0.0363699121797382,spike,0.0,0
2024-12-17,TSLA,475.8999938964844,483.989990234375,457.510009765625,479.8599853515625,131223000,0.0363699121797382,0.1477158056600362,0.1966881893263437,0.3654884952937958,0.0249819227530131,0.0551827226213701,93393990.0,1.4050475838969938,463.0199890136719,0.0278173841052727,-0.0827949436951747,crash,0.0,0
2024-12-18,TSLA,466.5,488.5400085449219,427.010009765625,440.1300048828125,149340800,-0.0827949436951747,0.0089402237312063,0.0361607841100239,0.2296538817340443,0.0441835095468187,0.139799600337813,103246980.0,1.4464423075619257,479.8599853515625,-0.0278414240807649,-0.0089973221801419,neutral,0.0,0
2024-12-19,TSLA,451.8800048828125,456.3599853515625,420.0199890136719,436.1700134277344,118566100,-0.0089973221801419,-0.0579888044210218,0.0432193424071485,0.1804650327633039,0.0450137292083406,0.0833161272420015,106963230.0,1.1084753143673765,440.1300048828125,0.0266966575094749,-0.0346424912395865,crash,0.0,0
2024-12-20,TSLA,425.510009765625,447.0799865722656,417.6400146484375,421.05999755859375,132216200,-0.0346424912395865,-0.1225357178925635,-0.0347752631540286,0.0818046252454434,0.0458481422206582,0.0699187101470766,112039270.0,1.1800880173532011,436.1700134277344,-0.0244400195656172,0.0226571239258943,spike,0.0,0
2024-12-23,TSLA,431.0,434.510009765625,415.4100036621094,430.6000061035156,72698100,0.0226571239258943,-0.021652690508647,-0.0700185384635715,0.1046973926061796,0.0459584464300154,0.0443567251109699,109673160.0,0.6628613600629361,421.05999755859375,0.0236070928110975,0.0735717422822457,spike,0.0,0
2024-12-24,TSLA,435.8999938964844,462.7799987792969,435.1400146484375,462.2799987792969,59551800,0.0735717422822457,0.0598619449933561,-0.0366356585439936,0.1528467294385538,0.0499021121681534,0.0597905689275891,105871980.0,0.562488771816679,430.6000061035156,0.0123083783507765,-0.0176299946309711,crash,0.0,0
2024-12-26,TSLA,465.1600036621094,465.3299865722656,451.0199890136719,454.1300048828125,76366400,-0.0176299946309711,0.078539893402286,0.0318087834155447,0.0691197980754605,0.0482952859513245,0.031510795157185,103079860.0,0.740846951092095,462.2799987792969,0.0062300010608667,-0.0494792261667481,crash,0.0,0
2024-12-27,TSLA,449.5199890136719,450.0,426.5,431.6600036621094,82666800,-0.0494792261667481,0.0024616756701552,-0.010340027115074,0.0324324261196888,0.0512116610861796,0.0544409947658599,102571320.0,0.8059445856795058,454.1300048828125,-0.0101513131032384,-0.0330120925707874,crash,0.0,0
2024-12-30,TSLA,419.3999938964844,427.0,415.75,417.4100036621094,64941000,-0.0330120925707874,-0.0970623761263127,-0.0086685838541963,-0.0431423947235225,0.0504417839102191,0.0269519175422225,100165400.0,0.6483376495276812,431.6600036621094,-0.0284020054246716,-0.0325100194177511,crash,0.0,0
2024-12-31,TSLA,423.7900085449219,427.9299926757813,402.5400085449219,403.8399963378906,76825100,-0.0325100194177511,-0.1107392332684539,-0.0621458648079813,-0.1278130406461433,0.0455720257873169,0.0628713955058968,96439530.0,0.7966142099614131,417.4100036621094,0.0152847436018257,-0.0608161593237648,crash,0.0,0
2025-01-02,TSLA,390.1000061035156,392.7300109863281,373.0400085449219,379.2799987792969,109710700,-0.0608161593237648,-0.1213455136876985,-0.1795448650583433,-0.209602779232732,0.0443025394893203,0.0519141597362846,94288300.0,1.163566423405661,403.8399963378906,-0.0340233517209098,0.0821556732820003,spike,0.0,0
2025-01-03,TSLA,381.4800109863281,411.8800048828125,379.4500122070313,410.4400024414063,95423300,0.0821556732820003,-0.0166982131706293,-0.0962059365636506,-0.0674573469475486,0.0496839668942852,0.0790127484720762,88896550.0,1.0734196096473936,379.2799987792969,0.0058004962405397,0.0014861742226248,neutral,0.0,0
2025-01-06,TSLA,423.2000122070313,426.4299926757813,401.7000122070313,411.0499877929688,85516500,0.0014861742226248,0.0178535843909963,-0.047745947491752,-0.0575922802151265,0.049721242589972,0.0601629514734485,85591590.0,0.9991226941805847,410.4400024414063,0.0310886114650742,-0.0406033400731116,crash,0.0,0
2025-01-07,TSLA,405.8299865722656,414.3299865722656,390.0,394.3599853515625,75699500,-0.0406033400731116,0.0397595091246576,-0.0552215282535626,-0.0634114196595361,0.0501523323714974,0.0616948663048965,79939920.0,0.946954913139768,411.0499877929688,-0.0126991883608382,0.001470780787576,neutral,0.0,0
2025-01-08,TSLA,392.9500122070313,402.5,387.3999938964844,394.9400024414063,73038800,0.001470780787576,-0.0377643502285398,-0.022038416147958,-0.0828146845254264,0.0492743612422063,0.0382336709631126,79973990.0,0.9132819307877472,394.3599853515625,-0.0035753453618633,-0.0005064369418009,neutral,0.0,0
2025-01-10,TSLA,391.3999938964844,399.2799987792969,377.2900085449219,394.739990234375,62287300,-0.0005064369418009,-0.0396788664224667,0.0407614203354664,-0.1461019484365946,0.0405157851056662,0.0557075309783499,80247540.0,0.7761895255605343,394.9400024414063,-0.0089634084241621,0.0217105120743665,spike,0.0,0
2025-01-13,TSLA,383.2099914550781,403.7900085449219,380.0700073242188,403.30999755859375,67580500,0.0217105120743665,0.0226950312898823,-0.0173716130016601,-0.1119062972668647,0.0421048522415806,0.0588133231615637,79368950.0,0.851472773672828,394.739990234375,-0.0292090972907279,-0.0172324322459215,crash,0.0,0
2025-01-14,TSLA,414.3399963378906,422.6400146484375,394.5400085449219,396.3599853515625,84565000,-0.0172324322459215,0.0035954395639292,-0.0357377518006524,-0.0817773664714571,0.0400142275147343,0.0708951638460465,79558770.0,1.0629249295835017,403.30999755859375,0.0273486867324542,0.0803815143975279,spike,0.0,0
2025-01-15,TSLA,409.8999938964844,429.7999877929688,405.6600036621094,428.2200012207031,81375500,0.0803815143975279,0.0848153514075165,0.0858606783823547,0.0258977922516308,0.0474476660826477,0.0563728552193846,81202220.0,1.0021339318062978,396.3599853515625,0.034160886682121,-0.0336275602620966,crash,0.0,0
2025-01-16,TSLA,423.489990234375,424.0,409.1300048828125,413.8200073242188,68335200,-0.0336275602620966,0.0260593831773241,0.0478047419002929,0.0247127849564905,0.0475432649196858,0.035933485220634,80353230.0,0.8504350105154453,428.2200012207031,-0.0110457497847941,0.0306413234047591,spike,0.0,0
2025-01-17,TSLA,421.5,439.739990234375,419.75,426.5,94991400,0.0306413234047591,0.0760420218042545,0.0804580497323508,0.1244990544523294,0.0423182738268822,0.0468698481462485,78881300.0,1.2042321817718522,413.8200073242188,0.0185587756508932,-0.0056975209279747,neutral,0.0,0
2025-01-21,TSLA,432.6400146484375,433.2000122070313,406.30999755859375,424.0700073242188,87320900,-0.0056975209279747,-0.0096912659022329,0.0514740767431856,0.033208276000725,0.0347056524648785,0.0634093762445195,78071060.0,1.1184797542136613,426.5,0.0143962828802754,-0.0211286387103675,crash,0.0,0
2025-01-22,TSLA,416.80999755859375,428.0,414.5899963378906,415.1099853515625,60963300,-0.0211286387103675,0.0031172442233635,0.0473054816150757,0.0098771382536533,0.0355986659743399,0.0323047002850395,75615740.0,0.806225000244658,424.0700073242188,-0.0171198378575131,-0.0065765232470569,neutral,0.0,0
2025-01-23,TSLA,416.05999755859375,420.7300109863281,408.9500122070313,412.3800048828125,50690600,-0.0065765232470569,-0.0331066708492087,-0.0369903234149185,0.0456943407054486,0.0326247414105317,0.0285658825350767,73114850.0,0.6933010188764662,415.1099853515625,0.0022885795103836,-0.0140647418445883,neutral,0.0,0
2025-01-24,TSLA,414.4500122070313,418.8800048828125,405.7799987792969,406.5799865722656,56427100,-0.0140647418445883,-0.0412432392055054,-0.0174955792948908,0.0294727909528138,0.0331737547850293,0.0322199973834354,71453680.0,0.7897018040218502,412.3800048828125,0.0050196597791084,-0.0231934502120535,crash,0.0,0
2025-01-27,TSLA,394.7999877929688,406.6900024414063,389.0,397.1499938964844,58125500,-0.0231934502120535,-0.0432656213747003,-0.0688159580387236,0.0061052939193682,0.0342288171604501,0.0445423711778203,71037500.0,0.8182368467358789,406.5799865722656,-0.028973385725672,0.0023668700890153,neutral,0.0,0
2025-01-28,TSLA,396.9100036621094,400.5899963378906,386.5,398.0899963378906,48910700,0.0023668700890153,-0.0346525252818277,-0.061263495502207,-0.0129429006280578,0.0334742412708943,0.0353939975068635,69170520.0,0.7071032572835942,397.1499938964844,-0.0006042810979812,-0.0225828087042521,crash,0.0,0
2025-01-29,TSLA,395.2099914550781,398.5899963378906,384.4800109863281,389.1000061035156,68033600,-0.0225828087042521,-0.0429927223327385,-0.0626580428462078,-0.01831663012503,0.033806945999076,0.0362631332054225,67517380.0,1.0076457350685113,398.0899963378906,-0.0072345572842981,0.0287329542544569,spike,0.0,0
2025-01-30,TSLA,410.7799987792969,412.5,384.4100036621094,400.2799987792969,98092900,0.0287329542544569,0.0078811656324193,-0.0293418836030959,-0.0652468412539331,0.0217167713534534,0.0701758679513203,69189120.0,1.4177503630628632,389.1000061035156,0.0557183046407188,0.0107924636189495,neutral,0.0,0
2025-01-31,TSLA,401.5299987792969,419.989990234375,401.3399963378906,404.6000061035156,83283600,0.0107924636189495,0.0163531106672156,-0.0048698424274212,-0.0222802210079695,0.0200320024991998,0.0460948927709922,70683960.0,1.1782531708749764,400.2799987792969,0.0031228140397022,-0.0517054204452532,crash,0.0,0
2025-02-03,TSLA,386.6799926757813,389.1700134277344,374.3599853515625,383.6799926757813,93732100,-0.0517054204452532,-0.0139296153757766,-0.0339166597701471,-0.1003986103733146,0.0219264170830284,0.038599948808607,70558030.0,1.328439867156155,404.6000061035156,-0.0442906899589851,0.022232065633156,spike,0.0,0
2025-02-04,TSLA,382.6300048828125,394.0,381.3999938964844,392.2099914550781,57072200,0.022232065633156,-0.0201609057380564,-0.0147705416787757,-0.0751291421672799,0.0242358173080293,0.0321256632366,67533160.0,0.8450989114088545,383.6799926757813,-0.0027366237828722,-0.0357970942434592,crash,0.0,0
2025-02-05,TSLA,387.510009765625,388.3900146484375,375.5299987792969,378.1700134277344,57223300,-0.0357970942434592,-0.0653237574816526,-0.0280904459119269,-0.088988396394616,0.025559233390943,0.0340059111312856,67159160.0,0.852055028681121,392.2099914550781,-0.0119833298280251,-0.0101806223836181,neutral,0.0,0
2025-02-06,TSLA,373.0299987792969,375.3999938964844,363.1799926757813,374.3200073242188,77918200,-0.0101806223836181,-0.024395291728104,-0.0648545806291752,-0.0922935086763223,0.0255469908091094,0.0326458671233105,69881920.0,1.1149979851727028,378.1700134277344,-0.01359180914914,-0.033928221731496,crash,0.0,0
2025-02-07,TSLA,370.1900024414063,380.5499877929688,360.3399963378906,361.6199951171875,70298300,-0.033928221731496,-0.0779939241843467,-0.1062283992534884,-0.110580926115228,0.0267013133069895,0.0558873727337142,71269040.0,0.9863792188024422,374.3200073242188,-0.0110333532859633,-0.0301144413414704,crash,0.0,0
2025-02-10,TSLA,356.2099914550781,362.7000122070313,350.510009765625,350.7300109863281,77514900,-0.0301144413414704,-0.0725599636858829,-0.0858788112970402,-0.1168827486429608,0.0271293523171894,0.034756086047856,73207980.0,1.058831291342829,361.6199951171875,-0.0149604660559662,-0.0633821181250289,crash,0.0,0
2025-02-11,TSLA,345.79998779296875,349.3699951171875,325.1000061035156,328.5,118543400,-0.0633821181250289,-0.1224086514951674,-0.1624384713370443,-0.1748097088046997,0.0309533969717022,0.0738812450948915,80171250.0,1.4786273134072376,350.7300109863281,-0.0140564623469063,0.0243835913717656,spike,0.0,0
2025-02-12,TSLA,329.94000244140625,346.3999938964844,329.1199951171875,336.510009765625,105382700,0.0243835913717656,-0.069437491539773,-0.1101621021838906,-0.1351580455228768,0.033720303943573,0.0513506233925468,83906160.0,1.255959038049173,328.5,0.0043835690758181,0.0577397168343194,spike,0.0,0
2025-02-13,TSLA,345.0,358.69000244140625,342.8500061035156,355.94000244140625,89441500,0.0577397168343194,0.0148547067313302,-0.0491023843854881,-0.1107724504674499,0.0386779850408093,0.044501871745922,83041020.0,1.0770761245466398,336.510009765625,0.0252295325190717,-0.0002809633725618,neutral,0.0,0
2025-02-14,TSLA,360.6199951171875,362.0,347.5,355.8399963378906,68277300,-0.0002809633725618,0.083226777284294,-0.0159836260642163,-0.1205141103066368,0.0381396430486408,0.0407486514984993,81540390.0,0.8373433092483369,355.94000244140625,0.013148262751253,-0.0048617665358937,neutral,0.0,0
2025-02-18,TSLA,355.010009765625,359.1000061035156,350.0199890136719,354.1099853515625,51631700,-0.0048617665358937,0.0523014920067181,0.0096369693478159,-0.0770694534213207,0.0355220982494132,0.025641799060902,77330350.0,0.6676770504724212,355.8399963378906,-0.0023324712814955,0.0182147142804449,spike,0.0,0
2025-02-19,TSLA,354.0,367.3399963378906,353.6700134277344,360.55999755859375,67094400,0.0182147142804449,0.0129797018753126,0.0975951219439688,-0.0806965518116062,0.0351704784619793,0.0379131989203399,78332570.0,0.8565326019559936,354.1099853515625,-0.0003105965832996,-0.0170845454399258,crash,0.0,0
2025-02-20,TSLA,361.510009765625,362.2999877929688,348.0,354.3999938964844,45965400,-0.0170845454399258,-0.0040467694925414,0.0531633045427668,-0.0628553790285973,0.0339947512526023,0.0403498533838735,77206780.0,0.5953544494408393,360.55999755859375,0.0026348241997557,-0.0468397471484276,crash,0.0,0
2025-02-21,TSLA,353.44000244140625,354.9800109863281,334.4200134277344,337.79998779296875,74058600,-0.0468397471484276,-0.0460591291781876,-0.0509636863629107,-0.0975636322309058,0.0363936980286656,0.06086441178676,76820820.0,0.964043341375424,354.3999938964844,-0.0027087795474356,-0.0215215786749155,crash,0.0,0
2025-02-24,TSLA,338.1400146484375,342.3999938964844,324.70001220703125,330.5299987792969,76052300,-0.0215215786749155,-0.0832871061200203,-0.0711274668926211,-0.085974218123131,0.0356771979371501,0.0535503033153485,77396220.0,0.982635844489563,337.79998779296875,0.0010065922668924,-0.0838955952220366,crash,0.0,0
2025-02-25,TSLA,327.0199890136719,328.8900146484375,297.25,302.79998779296875,134228800,-0.0838955952220366,-0.1455982138605435,-0.1448984769736241,-0.1366578898069482,0.0426839920528359,0.1044914660633028,83067610.0,1.6158981822156675,330.5299987792969,-0.0106193379680756,-0.039630120487999,crash,0.0,0
2025-02-26,TSLA,303.7099914550781,309.0,288.0400085449219,290.79998779296875,100118300,-0.039630120487999,-0.13913558821324,-0.1934768422397952,-0.1147641163075532,0.0402042849350902,0.0720770025272501,81225100.0,1.2326029761736212,302.79998779296875,0.0030052962311595,-0.0304332048054902,crash,0.0,0
2025-02-27,TSLA,291.1600036621094,297.2300109863281,280.8800048828125,281.95001220703125,101748200,-0.0304332048054902,-0.1469760286560364,-0.2044299744277502,-0.1621348428731558,0.038486971343239,0.0579890242796304,80861650.0,1.2582998244532482,290.79998779296875,0.0012380188591924,0.0391204053972438,spike,0.0,0
2025-02-28,TSLA,279.5,293.8800048828125,273.6000061035156,292.9800109863281,115697000,0.0391204053972438,-0.0324305720030436,-0.1326819965254407,-0.1768837192314241,0.0347455329809528,0.0692197351997615,83487200.0,1.3858052491878994,281.95001220703125,-0.0086895268698631,-0.0284320321437644,crash,0.0,0
2025-03-03,TSLA,300.3399963378906,303.94000244140625,277.29998779296875,284.6499938964844,115551400,-0.0284320321437644,-0.0211485356074456,-0.1388073852668596,-0.2000618344594609,0.0342219487115229,0.0935886710685312,88214610.0,1.309889597652815,292.9800109863281,0.0251211177403701,-0.0442999670540946,crash,0.0,0
2025-03-04,TSLA,270.92999267578125,284.3500061035156,261.8399963378906,272.0400085449219,126706600,-0.0442999670540946,-0.0351480873667514,-0.1015851403173707,-0.2317640851758559,0.0343590187977066,0.0827452178303689,95722100.0,1.3236922299030214,284.6499938964844,-0.0481995486207265,0.0259520560830592,spike,0.0,0
2025-03-05,TSLA,272.9200134277344,279.54998779296875,267.7099914550781,279.1000061035156,94042900,0.0259520560830592,-0.0473752623466868,-0.040233776411926,-0.2259263146401599,0.0355198283154272,0.042422056893468,98416950.0,0.9555559281201054,272.0400085449219,0.0032348362563265,-0.0560730689868919,crash,0.0,0
2025-03-06,TSLA,272.0599975585937,272.6499938964844,260.0199890136719,263.45001220703125,98451600,-0.0560730689868919,-0.0744773656912941,-0.0656144678100448,-0.2566308782612971,0.0367101046069254,0.0479408020406059,103665570.0,0.9497039373824888,279.1000061035156,-0.0252239641381837,-0.0029607088371812,neutral,0.0,0
2025-03-07,TSLA,259.32000732421875,266.25,250.72999572753903,262.6700134277344,102369600,-0.0029607088371812,-0.0344434451656776,-0.1034541484811677,-0.2224096420372878,0.0369102480881912,0.0590855578447321,106496670.0,0.9612469572992284,263.45001220703125,-0.0156766167828717,-0.1542620682219511,crash,0.0,0
2025-03-10,TSLA,252.5399932861328,253.3699951171875,220.0,222.1499938964844,189076900,-0.1542620682219511,-0.2040487673293313,-0.2195678950997226,-0.3278976349592416,0.0551801566262924,0.1502138016386215,117799130.0,1.6050789169665345,262.6700134277344,-0.0385655751465841,0.0379473696429559,spike,0.0,0
2025-03-11,TSLA,225.3099975585937,237.0599975585937,217.0200042724609,230.5800018310547,174896400,0.0379473696429559,-0.1247675416699004,-0.1524040781193436,-0.2385072287760213,0.0572098888158546,0.0869112374316661,121865890.0,1.4351546605863217,222.1499938964844,0.0142246398781437,0.0759389121683913,spike,0.0,0
2025-03-12,TSLA,247.22000122070312,251.83999633789065,241.1000061035156,248.08999633789065,142215700,0.0759389121683913,-0.0555069720352946,-0.1111071626208551,-0.1468706782941301,0.0651210293592231,0.0432907025390396,126075630.0,1.1280189517990111,230.5800018310547,0.0721658394375437,-0.029868208196582,crash,0.0,0
2025-03-13,TSLA,248.1300048828125,248.2899932861328,232.6000061035156,240.67999267578125,114813500,-0.029868208196582,0.0834121057321806,-0.0864301327621737,-0.1463735334082769,0.0651051899575473,0.0651902428954828,127382160.0,0.9013310812126282,248.08999633789065,0.0001612662562474,0.0386405323864447,spike,0.0,0
2025-03-14,TSLA,247.3099975585937,251.5800018310547,240.72999572753903,249.97999572753903,100242300,0.0386405323864447,0.0841356307677483,-0.0483116345661078,-0.1467677440315055,0.0650620993339483,0.0434034974356164,125836690.0,0.7966062998001616,240.67999267578125,0.0275469714333243,-0.047883836408052,crash,0.0,0
2025-03-17,TSLA,245.0599975585937,245.3999938964844,232.8000030517578,238.009994506836,111900600,-0.0478838364080521,-0.0406304243615129,0.0713932074998924,-0.1638503438949993,0.0658362721421747,0.0529389149007551,125471610.0,0.8918399947207181,249.97999572753903,-0.0196815675375391,-0.0533590909682473,crash,0.0,0
2025-03-18,TSLA,228.1600036621093,230.1000061035156,222.27999877929688,225.3099975585937,111477600,-0.053359090968247,-0.0638607095933078,-0.0228554264490044,-0.1717762443703631,0.066334181051944,0.0347077688915471,123948710.0,0.8993849149377997,238.009994506836,-0.0413847782532666,0.04682438935722,spike,0.0,0
2025-03-19,TSLA,231.6100006103516,241.4100036621093,229.1999969482422,235.8600006103516,111993800,0.04682438935722,-0.0564845001940765,-0.0492966097306164,-0.1549265659174751,0.0681258005820248,0.0517680262964066,125743800.0,0.8906506722399037,225.3099975585937,0.0279614891483876,0.0016958954271573,neutral,0.0,0
2025-03-20,TSLA,233.3500061035156,238.0,230.0500030517578,236.259994506836,99028300,0.001695895427157,-0.0073526324120382,-0.0183646264893294,-0.1032075021459028,0.0666425193196467,0.0336493572042818,125801470.0,0.7871791959187758,235.8600006103516,-0.0106418828980781,0.0526962350651833,spike,0.0,0
2025-03-21,TSLA,234.9900054931641,249.5200042724609,234.5500030517578,248.7100067138672,132728700,0.0526962350651836,0.1038569500192201,-0.0050803625705155,-0.0531465565166533,0.0694430300016911,0.0601905866937054,128837380.0,1.0302033462648803,236.259994506836,-0.0053753874680426,0.1193358012680052,spike,0.0,0
2025-03-24,TSLA,258.0799865722656,278.6400146484375,256.3299865722656,278.3900146484375,169079900,0.1193358012680052,0.1803188922582379,0.1696568256525117,0.253162378109987,0.0558673539044758,0.0801394694574297,126837680.0,1.333041569350685,248.7100067138672,0.0376743179022076,0.0350228078845167,spike,0.0,0
2025-03-25,TSLA,283.6000061035156,288.20001220703125,271.2799987792969,288.1400146484375,150361500,0.0350228078845167,0.2195886792001953,0.2788603158788119,0.2496314179906931,0.0557949819184315,0.0587214984644831,124384190.0,1.2088473623536882,278.3900146484375,0.0187147210062743,-0.0558062617906894,crash,0.0,0
2025-03-26,TSLA,282.6600036621094,284.8999938964844,266.510009765625,272.0599975585937,153629800,-0.0558062617906894,0.0938844043842188,0.1534808651512118,0.0966181691101186,0.0576659203393719,0.0675953256483387,125525600.0,1.223892178169234,288.1400146484375,-0.0190185698193093,0.0039329829222261,neutral,0.0,0
2025-03-27,TSLA,272.4800109863281,291.8500061035156,271.82000732421875,273.1300048828125,162572100,0.0039329829222261,-0.0188943909222734,0.1560569340270163,0.1348263802332108,0.0559880641378772,0.073335036141089,130301460.0,1.247661384607663,272.0599975585937,0.0015438264776282,-0.0350749347145293,crash,0.0,0
2025-03-28,TSLA,275.5799865722656,276.1000061035156,260.57000732421875,263.54998779296875,123809400,-0.0350749347145293,-0.0853405483631674,0.0596678086064084,0.0542843119343841,0.0572382697104497,0.0589261980596122,132658170.0,0.9332964565996952,273.1300048828125,0.008970020304083,-0.0166571213591097,crash,0.0,0
2025-03-31,TSLA,249.3099975585937,260.5599975585937,243.3600006103516,259.1600036621094,134008900,-0.0166571213591097,-0.0474159891650591,-0.0690757928606475,0.0888618530456961,0.0547237777751593,0.0663682539944215,134869000.0,0.9936227005464562,263.54998779296875,-0.0540314585237667,0.0358851198547365,spike,0.0,0
2025-04-01,TSLA,263.79998779296875,277.45001220703125,259.25,268.4599914550781,146486900,0.0358851198547365,-0.0170981340176743,-0.0683002089014647,0.1915138891484959,0.0503722102973128,0.0677941324082798,138369930.0,1.058661372452815,259.1600036621094,0.0179039360445022,0.0532668507997762,spike,0.0,0
2025-04-02,TSLA,254.6000061035156,284.989990234375,251.2700042724609,282.760009765625,212787800,0.0532668507997762,0.0728894815496885,0.0393296048777873,0.1988468118116972,0.0508099617842992,0.1192530230489948,148449330.0,1.4334035727881025,268.4599914550781,-0.0516277501032467,-0.0547461113725354,crash,0.0,0
2025-04-03,TSLA,265.2900085449219,276.29998779296875,261.510009765625,267.2799987792969,136174300,-0.0547461113725354,0.0313319763946842,-0.0214183941673694,0.131296050934105,0.055880693685416,0.0553351470177025,152163930.0,0.894918394917902,282.760009765625,-0.0617838471401373,-0.1041978682681468,crash,0.0,0
2025-04-04,TSLA,255.3800048828125,261.0,236.0,239.42999267578125,181229400,-0.1041978682681468,-0.1081352890684067,-0.0915196214546399,-0.0373125881049181,0.0650199395265099,0.1044146546579617,157014000.0,1.1542244640605297,267.2799987792969,-0.0445225753922224,-0.0256442366348095,crash,0.0,0
2025-04-07,TSLA,223.77999877929688,252.0,214.25,233.2899932861328,183453800,-0.0256442366348095,-0.1749540768530071,-0.0998225420991492,-0.1620030137189326,0.0492284445729772,0.1618157704419803,158451390.0,1.157792304630461,239.42999267578125,-0.0653635483240249,-0.0489947833371584,crash,0.0,0
2025-04-08,TSLA,245.0,250.44000244140625,217.8000030517578,221.8600006103516,171603500,-0.0489947833371584,-0.1699341453770743,-0.1735826280562338,-0.2300271071997924,0.0465747446050427,0.147119802126808,160575590.0,1.0686773749360037,233.2899932861328,0.0501950664446405,0.2268998983962451,spike,0.0,0
2025-04-09,TSLA,224.69000244140625,274.69000244140625,223.8800048828125,272.20001220703125,219433400,0.2268998983962451,0.1368668108996051,-0.0373461493630119,0.0005146462166214,0.0906299501983687,0.18666420014687,167155950.0,1.31274656989476,221.8600006103516,0.0127558001589702,-0.0727406958949261,crash,0.0,0
2025-04-10,TSLA,260.0,262.489990234375,239.3300018310547,252.3999938964844,181722600,-0.0727406958949261,0.0819152177989603,-0.0556719730274297,-0.0758979629324225,0.0937749067382655,0.0917590687930793,169071000.0,1.0748301009635006,272.20001220703125,-0.0448200281407485,-0.0003565623615966,neutral,0.0,0
2025-04-11,TSLA,251.83999633789065,257.739990234375,241.3600006103516,252.3099975585937,128948100,-0.0003565623615965,0.1372487012732,0.053794450473269,-0.0426484187250449,0.093145405471667,0.0649200974298273,169584870.0,0.7603750263805963,252.3999938964844,-0.0022186908563215,0.0001585690036425,neutral,0.0,0
2025-04-14,TSLA,258.3599853515625,261.79998779296875,245.92999267578125,252.3500061035156,100135200,0.0001585690036423,-0.0729243395052386,0.0817009446007632,-0.0262771934803357,0.0929775300984697,0.0628888239878921,166197500.0,0.602507257931076,252.3099975585937,0.0239783910725289,0.0069744183248168,neutral,0.0,0
2025-04-15,TSLA,249.9100036621093,258.75,247.5399932861328,254.1100006103516,79594300,0.0069744183248168,0.0067749871442885,0.1453619395622378,-0.0534529959825605,0.0922170221606283,0.0441147797683745,159508240.0,0.4989980454928222,252.3500061035156,-0.0096691198034104,-0.0494274035985426,crash,0.0,0
2025-04-16,TSLA,247.6100006103516,251.97000122070312,233.88999938964844,241.5500030517578,112378700,-0.0494274035985426,-0.0426459300501445,-0.1126010572400764,-0.1457419907009675,0.0910975416130184,0.0748499341860104,149467330.0,0.7518612930330661,254.1100006103516,-0.0255794733949373,-0.0007452201709629,neutral,0.0,0
2025-04-17,TSLA,243.47000122070312,244.33999633789065,237.67999267578125,241.3699951171875,83404800,-0.0007452201709629,-0.0435110391153469,-0.0437004716561941,-0.0969395532042943,0.0898882622084677,0.0275925085836618,144190380.0,0.5784352603828355,241.5500030517578,0.0079486571918357,-0.0574636259591979,crash,0.0,0
2025-04-21,TSLA,230.259994506836,232.2100067138672,222.7899932861328,227.5,97768000,-0.0574636259591979,-0.104718431177193,-0.098331408975707,-0.0498266426125484,0.0853631699433998,0.0414066524296016,135844240.0,0.719706628709469,241.3699951171875,-0.0460289217181179,0.046021983387706,spike,0.0,0
2025-04-22,TSLA,230.9600067138672,242.7899932861328,229.8500061035156,237.97000122070312,120858500,0.046021983387706,-0.0148209554370719,-0.0569843651080147,0.020060903035949,0.0861745610292681,0.0543765479524292,129584710.0,0.9326601880731143,227.5,0.0152088207202953,0.0536622440095613,spike,0.0,0
2025-04-23,TSLA,254.8600006103516,259.45001220703125,244.42999267578125,250.7400054931641,150381900,0.0536622440095613,0.0388201125472424,-0.0132619539140256,0.1301722023048845,0.0851316108245946,0.0599027646254857,127462550.0,1.1798124233353249,237.97000122070312,0.070975330096267,0.0349764859229853,spike,0.0,0
2025-04-24,TSLA,250.5,259.5400085449219,249.1999969482422,259.510009765625,94464200,0.0349764859229853,0.1407033396291208,0.0743531628522431,-0.0466201391341394,0.0436591324468822,0.0398443651788931,114965630.0,0.8216733992585437,250.7400054931641,-0.0009571886731518,0.098030910115499,spike,0.0,0
2025-04-25,TSLA,261.69000244140625,286.8500061035156,259.6300048828125,284.95001220703125,167560700,0.098030910115499,0.1974198879914992,0.1805527529164725,0.1289620407990042,0.0470077980035762,0.0955255309865589,113549440.0,1.4756629358982307,259.510009765625,0.0084004184568837,0.0032637046356942,neutral,0.0,0
2025-04-28,TSLA,288.9800109863281,294.8599853515625,272.4200134277344,285.8800048828125,151731800,0.0032637046356942,0.1401451647914493,0.2566154060782968,0.1330506426580375,0.0469057665185527,0.0784943736552218,115827810.0,1.3099772843844668,284.95001220703125,0.0141428271860148,0.0215125010194587,spike,0.0,0
2025-04-29,TSLA,285.5,293.32000732421875,279.4700012207031,292.0299987792969,108906600,0.0215125010194587,0.1253130430037827,0.2271714807802867,0.1572418930693597,0.0467143031494133,0.0474266553484556,116704950.0,0.9331789268578582,285.8800048828125,-0.0013292461043865,-0.033797880897321,crash,0.0,0
2025-04-30,TSLA,279.8999938964844,284.45001220703125,270.7799987792969,282.1600036621094,128961100,-0.033797880897321,-0.0097912210050891,0.1253090750602297,0.1103852779677461,0.0492681094555492,0.0484477362146068,121641630.0,1.0601724097251903,292.0299987792969,-0.0415368453019095,-0.0058123569150553,neutral,0.0,0
2025-05-01,TSLA,280.010009765625,290.8699951171875,279.8099975585937,280.5199890136719,99659000,-0.0058123569150553,-0.0187491806967674,0.0809601882679666,0.1613329971830461,0.0450116583484886,0.0394267716802697,120369660.0,0.8279411938191069,282.1600036621094,-0.007619768459668,0.0238485765842526,spike,0.0,0
2025-05-02,TSLA,284.8999938964844,294.7799987792969,279.8099975585937,287.2099914550781,114454700,0.0238485765842526,-0.0165051787294684,0.0079311428363963,0.1899158854257541,0.044667766771971,0.0521221463949126,123474650.0,0.9269489729268316,280.5199890136719,0.0156138779921277,-0.0241982587522208,crash,0.0,0
2025-05-05,TSLA,284.57000732421875,284.8500061035156,274.3999938964844,280.260009765625,94618900,-0.0241982587522208,-0.0067337463560556,-0.0196585805974476,0.2319121308379121,0.0393049817113446,0.0372868473663807,123159740.0,0.7682616088666637,287.2099914550781,-0.0091918255262797,-0.0175194586848672,crash,0.0,0
2025-05-06,TSLA,273.1099853515625,277.7300109863281,271.3500061035156,275.3500061035156,76715800,-0.0175194586848672,-0.0184299982626345,-0.0571173946015979,0.1570786430687318,0.0400738824880349,0.0231705274791749,118745470.0,0.646052434673929,280.260009765625,-0.0255121107718575,0.0031595972322602,neutral,0.0,0
2025-05-07,TSLA,276.8800048828125,277.9200134277344,271.0,276.2200012207031,71592600,0.0031595972322602,-0.0382646515140261,-0.0210518938343915,0.1016191878811842,0.0378354364003352,0.0250525428902782,110866540.0,0.6457547967132373,275.3500061035156,0.0055565598161696,0.0311346248117785,spike,0.0,0
2025-05-08,TSLA,279.6300048828125,289.79998779296875,279.4100036621094,284.82000732421875,97539400,0.0311346248117785,0.0162705965878156,0.0153287411911928,0.0975299472319095,0.0375761674748758,0.0364791231784225,111174060.0,0.8773575418582357,276.2200012207031,0.0123452452647871,0.0471877048514612,spike,0.0,0
2025-05-09,TSLA,290.2099914550781,307.0400085449219,290.0,298.260009765625,132387800,0.0471877048514612,0.0832032073879691,0.0384736556502254,0.0467099385450222,0.0259889981025972,0.0571313886776576,107656770.0,1.229721084888577,284.82000732421875,0.0189241766457923,0.0674579040381508,spike,0.0,0
2025-05-12,TSLA,321.989990234375,322.2099914550781,311.5,318.3800048828125,112826700,0.0674579040381508,0.1526319726152742,0.1360165338931742,0.1136840613016021,0.0326265350703402,0.0336390203242197,103766260.0,1.0873158577749646,298.260009765625,0.0795613883584232,0.0492807406268536,spike,0.0,0
2025-05-13,TSLA,320.0,337.5899963378906,316.79998779296875,334.07000732421875,136992600,0.0492807406268536,0.1729162233464074,0.2132558558892052,0.1439578424156822,0.034707830196568,0.0622324904634283,106574860.0,1.2854119630089125,318.3800048828125,0.0050882438983056,0.0407399199364637,spike,0.0,0
2025-05-14,TSLA,342.5,350.0,337.0,347.67999267578125,136997300,0.0407399199364637,0.1656942979013205,0.2587067958123015,0.2322086339782338,0.0311009993400047,0.0373907048833919,107378480.0,1.2758357168028454,334.07000732421875,0.0252342098690704,-0.0139783290782985,neutral,0.0,0
2025-05-15,TSLA,340.3399963378906,346.1400146484375,334.7200012207031,342.82000732421875,97882600,-0.0139783290782985,0.0767636222959478,0.2036373797785102,0.2220876256611805,0.0319930266261665,0.0333119805838345,107200840.0,0.913076800517608,347.67999267578125,-0.0211113566857881,0.0208856061756566,spike,0.0,0
2025-05-16,TSLA,346.239990234375,351.6199951171875,342.3299865722656,349.9800109863281,95895700,0.0208856061756566,0.0476247592220049,0.1734057517846428,0.2185509606167992,0.0319744581154947,0.0265443975464209,105344940.0,0.9103019091377336,342.82000732421875,0.0099760306781681,-0.0225441865271148,crash,0.0,0
2025-05-19,TSLA,336.29998779296875,343.0,333.3699951171875,342.0899963378906,88869900,-0.0225441865271148,-0.01607799256687,0.0744707302325884,0.220616514728493,0.0317213019632242,0.02815050128885,104770040.0,0.8482377213943987,349.9800109863281,-0.0390880129262404,0.0050571808730102,neutral,0.0,0
2025-05-20,TSLA,347.8699951171875,354.989990234375,341.6300048828125,343.82000732421875,131715500,0.0050571808730102,0.0029169826108026,0.029185499405032,0.2486653339494111,0.0294289522257547,0.0388574983042338,110270010.0,1.1944816183475453,342.0899963378906,0.0168961350556063,-0.0267582223577691,crash,0.0,0
2025-05-21,TSLA,344.42999267578125,347.3500061035156,332.20001220703125,334.6199951171875,102354800,-0.0267582223577691,-0.0438882661494077,-0.0375632703454767,0.2114256521555153,0.0329606023590169,0.045275220003451,113346230.0,0.9030278289802846,343.82000732421875,0.0017741415233793,0.0191859826711371,spike,0.0,0
2025-05-22,TSLA,331.8999938964844,347.2699890136719,331.3900146484375,341.0400085449219,97113400,0.0191859826711371,-0.0030693320594258,-0.005192225486459,0.1973878230987695,0.0327216278671114,0.0465633766342773,113303630.0,0.8571075789893051,334.6199951171875,-0.0081286272798807,-0.0049847881903489,neutral,0.0,0
2025-05-23,TSLA,337.9200134277344,343.17999267578125,333.2099914550781,339.3399963378906,84654800,-0.0049847881903489,-0.013030105552012,-0.0304017781428469,0.1377321304473455,0.0318128194112032,0.029380566182289,108530330.0,0.7800105279326065,341.0400085449219,-0.0091484724343611,0.0693994771164476,spike,0.0,0
2025-05-27,TSLA,347.3500061035156,363.7900085449219,347.32000732421875,362.8900146484375,120146400,0.0693994771164476,0.0844839517774469,0.0608027669128394,0.1398015235975889,0.0321829389905357,0.0453856555867458,109262300.0,1.0996144141208817,339.3399963378906,0.0236046733425705,-0.0165064358625468,crash,0.0,0
2025-05-28,TSLA,364.8399963378906,365.0,355.9100036621094,356.8999938964844,91404300,-0.0165064358625468,0.0465047647026239,0.0380431222547539,0.0683389291817175,0.0307785812947294,0.0254693093116922,104703470.0,0.8729825286592698,362.8900146484375,0.0053734784941443,0.0042869117552875,neutral,0.0,0
2025-05-29,TSLA,365.2900085449219,367.7099914550781,356.0,358.42999267578125,88087800,0.0042869117552875,0.0562562519712004,0.0711553341283601,0.0309192367304971,0.0284128368872161,0.0326702332236756,99812520.0,0.8825325720661096,356.8999938964844,0.0235080268756489,-0.0333956461939574,crash,0.0,0
2025-05-30,TSLA,355.5199890136719,363.6799926757813,345.2900085449219,346.4599914550781,123474900,-0.0333956461939574,-0.0452754899009181,0.0158925134129601,0.0106177704133145,0.0303314678712408,0.0530796761081253,102371750.0,1.2061423195363956,358.42999267578125,-0.0081187504438045,-0.0108814555984906,neutral,0.0,0
2025-06-02,TSLA,343.5,348.0199890136719,333.3299865722656,342.69000244140625,81873800,-0.0108814555984906,-0.0398150509893244,0.0098721227667484,-0.0208297854622522,0.0297287527142742,0.0428667376834781,100969560.0,0.8108760699759413,346.4599914550781,-0.0085435303587194,0.0046105417753929,neutral,0.0,0
2025-06-03,TSLA,346.6000061035156,355.3999938964844,343.0400085449219,344.2699890136719,99324500,0.0046105417753929,-0.0395056327636003,-0.0513103829897453,0.00637257066596,0.0288416371349154,0.035902012217137,102015020.0,0.9736262366071192,342.69000244140625,0.0114097395145862,-0.0354954007339217,crash,0.0,0
2025-06-04,TSLA,345.1000061035156,345.6000061035156,327.3299865722656,332.04998779296875,98912100,-0.0354954007339217,-0.0415921145803577,-0.0696273648878883,-0.0342330849878407,0.0309796932219797,0.0550218949040927,98734680.0,1.00179693700329,344.2699890136719,0.0024109481405037,-0.1425989378908212,crash,0.0,0
2025-06-05,TSLA,322.489990234375,324.54998779296875,273.2099914550781,284.70001220703125,287499800,-0.1425989378908212,-0.1692199650449103,-0.2057025973700884,-0.1491841002886684,0.0539615987613411,0.1803301515159635,117249180.0,2.452041029199522,332.04998779296875,-0.0287908384581973,0.0366701861389959,spike,0.0,0
2025-06-06,TSLA,298.8299865722656,305.5,291.1400146484375,295.1400146484375,164747700,0.0366701861389959,-0.1427076885382632,-0.1481267045903473,-0.1345882968169067,0.0554422470502046,0.0486548236052224,124012610.0,1.32847538649497,284.70001220703125,0.0496310985577309,0.0455376135284042,spike,0.0,0
2025-06-09,TSLA,285.9599914550781,309.8299865722656,281.8500061035156,308.5799865722656,140908900,0.0455376135284042,-0.0706821324605394,-0.0995360694100576,-0.0906465789402448,0.0584623166138947,0.0906733478718245,129638020.0,1.0869411612426665,295.1400146484375,-0.0311039599435351,0.0567438282700305,spike,0.0,0
2025-06-10,TSLA,314.94000244140625,327.8299865722656,310.6700134277344,326.0899963378906,151256500,0.0567438282700305,0.1453810409420037,-0.0528073699594514,-0.1014081865718961,0.0567154374926404,0.0526234270822288,132749030.0,1.1394169885836454,308.5799865722656,0.0206105909193537,0.0010426457165473,neutral,0.0,0
2025-06-11,TSLA,334.3999938964844,335.5,322.5,326.42999267578125,122611400,0.0010426457165473,0.106017403518176,-0.0169251477903729,-0.0853740592372794,0.0567324027125519,0.0398247719011283,135869740.0,0.9024187431285288,326.0899963378906,0.0254837549508358,-0.0224244324616615,crash,0.0,0
2025-06-12,TSLA,323.0799865722656,332.5599975585937,316.8599853515625,319.1099853515625,105127500,-0.0224244324616615,0.0341240496386854,0.1208639679281384,-0.1097006615732232,0.0567525518203283,0.0491993761640975,137573710.0,0.7641539942478836,326.42999267578125,-0.0102625560722998,0.0194290761544195,spike,0.0,0
2025-06-13,TSLA,313.9700012207031,332.989990234375,313.29998779296875,325.3099975585937,128964300,0.0194290761544195,-0.0023919739582832,0.1022226110075037,-0.061045992086006,0.0567933455489356,0.0605268900100734,138122650.0,0.9336940755191128,319.1099853515625,-0.0161072494337545,0.0117426680793317,neutral,0.0,0
2025-06-16,TSLA,331.2900085449219,332.04998779296875,326.4100036621094,329.1300048828125,83925900,0.0117426680793317,0.0082713361750217,0.0665954345867285,-0.0395692826227466,0.0569717087030691,0.0171360375753875,138327860.0,0.6067172585479165,325.3099975585937,0.0183824998653817,-0.0388296374979462,crash,0.0,0
2025-06-17,TSLA,326.0899963378906,327.260009765625,314.739990234375,316.3500061035156,88282700,-0.0388296374979462,-0.0086489905510359,-0.0298690249432936,-0.0810990902522365,0.0580180028077361,0.0395764794995869,137223680.0,0.6433488738969834,329.1300048828125,-0.0092364977359152,0.0180179597897272,spike,0.0,0
2025-06-18,TSLA,317.3099975585937,329.32000732421875,315.45001220703125,322.04998779296875,95137700,0.0180179597897272,-0.0100212406322918,-0.0134178996449104,-0.0301159475007568,0.0575450423054246,0.0430678330784595,136846240.0,0.6952160322417335,316.3500061035156,0.0030345864914064,0.0003416111576173,neutral,0.0,0
2025-06-20,TSLA,327.95001220703125,332.3599853515625,317.7799987792969,322.1600036621094,108688000,0.0003416111576173,-0.0211770459007066,0.0095578905410518,0.1315770630450046,0.0295234491457409,0.0452569729529725,118965060.0,0.9136127868132038,322.04998779296875,0.0183202131274582,0.0823193093872907,spike,0.0,0
2025-06-23,TSLA,327.5400085449219,357.5400085449219,327.4800109863281,348.67999267578125,190716800,0.0823193093872907,0.1021968893583225,0.0718391543222654,0.181405351257162,0.0363577775134686,0.0862108471665161,121561970.0,1.5688854005903323,322.1600036621094,0.0166997914752174,-0.0235459206938556,crash,0.0,0
2025-06-24,TSLA,356.1700134277344,356.260009765625,340.44000244140625,340.4700012207031,114736200,-0.0235459206938556,0.0571961314265776,0.034454459239984,0.10334440351325,0.0369736919433385,0.0464652018312877,118944700.0,0.9646180115633568,348.67999267578125,0.0214810740773351,-0.037947582404945,crash,0.0,0
2025-06-25,TSLA,342.70001220703125,343.0,320.3999938964844,327.54998779296875,119845100,-0.037947582404945,0.016730767536595,0.0354037663137842,0.0044772653913778,0.0359203291698344,0.0689971208846455,115803560.0,1.034899963351731,340.4700012207031,0.0065498016810079,-0.00540372181235,neutral,0.0,0
2025-06-26,TSLA,324.6099853515625,331.04998779296875,323.6099853515625,325.7799987792969,80440900,-0.00540372181235,-0.0656762486449225,0.011582087029067,-0.0019912198972781,0.0359775679209488,0.0228375052774389,111586510.0,0.72088373406427,327.54998779296875,-0.0089757366843942,-0.0065995269953356,neutral,0.0,0
2025-06-27,TSLA,324.510009765625,329.3399963378906,317.5,323.6300048828125,89067000,-0.0065995269953356,-0.0494610282183846,0.0045629538241653,0.0141644565784122,0.0352032448868004,0.0365849771629732,109980460.0,0.8098438577179983,325.7799987792969,-0.0038983025920269,-0.0184469954288227,crash,0.0,0
2025-06-30,TSLA,319.8999938964844,325.5799865722656,316.6000061035156,317.6600036621094,76695100,-0.0184469954288227,-0.0301938162095443,-0.0889640635117131,-0.0235160122772015,0.03515151218662,0.0282691568508004,104753540.0,0.732148049602906,323.6300048828125,-0.0115255412973181,-0.0533589750413172,crash,0.0,0
2025-07-01,TSLA,298.4599914550781,305.8900146484375,293.2099914550781,300.7099914550781,145085700,-0.0533589750413172,-0.0769537952549465,-0.1167797739098057,-0.0863488986300516,0.0382494443099173,0.042166950063758,110869520.0,1.3086166513573794,317.6600036621094,-0.060442019724504,0.0496824278073184,spike,0.0,0
2025-07-02,TSLA,312.6300048828125,316.8299865722656,303.82000732421875,315.6499938964844,119483700,0.0496824278073184,-0.0246578217900954,-0.0363303139672406,-0.0022127775992588,0.0405814300587273,0.0412164723573966,113989620.0,1.0481980727718891,300.7099914550781,0.0396395655829582,-0.0009503811144286,neutral,0.0,0
2025-07-03,TSLA,317.989990234375,318.45001220703125,312.760009765625,315.3500061035156,58042300,-0.0009503811144286,-0.007271918189143,-0.0320154482008183,-0.0208041668790878,0.0401125352255282,0.0180434511852791,110280080.0,0.526317173509486,315.6499938964844,0.0074132627376448,-0.0678928278031534,crash,0.0,0
2025-07-07,TSLA,291.3699951171875,296.1499938964844,288.7699890136719,293.94000244140625,131177900,-0.0678928278031534,-0.0225133490939665,-0.0917405740921862,-0.087596228271406,0.0452585657641779,0.0251071811305561,112529070.0,1.1657245545528814,315.3500061035156,-0.0760425258354253,0.0131659355142004,neutral,0.0,0
2025-07-08,TSLA,297.0,304.04998779296875,294.3500061035156,297.8099975585937,103246700,0.0131659355142004,-0.0565182850716011,-0.062488213418992,-0.1458930715433645,0.0336940228629806,0.0325710411637361,103782060.0,0.9948414976538336,293.94000244140625,0.0104102794215759,-0.0064806174796112,neutral,0.0,0
2025-07-09,TSLA,297.54998779296875,300.1499938964844,293.54998779296875,295.8800048828125,75586800,-0.0064806174796112,-0.0617409254601757,-0.016061942434617,-0.1309660063383558,0.033652534870748,0.0223063606685069,99867120.0,0.7568737338174967,297.8099975585937,-0.0008730726562454,0.0472826483827995,spike,0.0,0
2025-07-10,TSLA,300.04998779296875,310.4800109863281,300.0,309.8699951171875,104365300,0.0472826483827995,0.0541947082515816,-0.0183114173643621,-0.0539764717895702,0.0373419304292479,0.0338206704471814,98319140.0,1.0614952490430654,295.8800048828125,0.0140934934478179,0.0117469090450688,neutral,0.0,0
2025-07-11,TSLA,307.8900146484375,314.0899963378906,305.6499938964844,313.510009765625,79236400,0.0117469090450688,0.05271821743977,-0.0058347750191152,-0.0376634202825456,0.0377082901607577,0.026920998304698,98198690.0,0.8068987478346198,309.8699951171875,-0.0063897134280497,0.010813001260769,neutral,0.0,0
2025-07-14,TSLA,317.7300109863281,322.6000061035156,312.6700134277344,316.8999938964844,78043400,0.010813001260769,0.0710422761483904,0.0781111494331396,-0.0207953863510432,0.0379344561032559,0.0313347834238989,97096330.0,0.8037729129411997,313.510009765625,0.013460499152349,-0.0193120707953897,crash,0.0,0
2025-07-15,TSLA,319.67999267578125,321.20001220703125,310.5,310.7799987792969,77556300,-0.0193120707953897,0.0029367272612672,0.0435512619691398,-0.0216583920024463,0.0379784999091925,0.0344295393817475,97182450.0,0.798048413062235,316.8999938964844,0.0087724797502046,0.0350409121925865,spike,0.0,0
2025-07-16,TSLA,312.79998779296875,323.5,312.6199951171875,321.6700134277344,97284800,0.0350409121925865,0.0260278887688774,0.0871637424608546,0.0697017810124456,0.0347228757393726,0.0338234974621182,92402360.0,1.0528389101750215,310.7799987792969,0.0064997394349897,-0.007025863995037,neutral,0.0,0
2025-07-17,TSLA,323.1499938964844,324.3399963378906,317.0599975585937,319.4100036621094,73922900,-0.007025863995037,0.0079205106152349,0.0307871323304924,0.0119119589365748,0.0315164298206299,0.0227920187089636,87846280.0,0.841502907123671,321.6700134277344,0.0046009276804487,0.0320590780406724,spike,0.0,0
2025-07-18,TSLA,321.6600036621094,330.8999938964844,321.4200134277344,329.6499938964844,94255000,0.0320590780406724,0.0607181774609253,0.0514815592105826,0.0453464008758404,0.0329128436563147,0.0287577146800338,91467550.0,1.0304747421353255,319.4100036621094,0.0070442377327047,-0.0035188948387289,neutral,0.0,0
2025-07-21,TSLA,334.3999938964844,338.0,326.8800048828125,328.489990234375,75768800,-0.0035188948387289,0.0212017798425365,0.0365730405841424,0.1175409522555743,0.0213486053413146,0.0338518537787208,85926640.0,0.8817847410302556,329.6499938964844,0.014409222168806,0.0110201078413521,neutral,0.0,0
2025-07-22,TSLA,329.739990234375,335.4100036621094,321.54998779296875,332.1099853515625,77370400,0.0110201078413521,0.0397607512095579,0.0686337172792554,0.11517406424954,0.0213394096019985,0.0417332103232873,83339010.0,0.9283815586482248,328.489990234375,0.0038052909895614,0.0013550095657461,neutral,0.0,0
2025-07-23,TSLA,330.8999938964844,336.20001220703125,328.6700134277344,332.5599975585937,92553800,0.0013550095657461,0.0088275556377626,0.0338545207083962,0.1239691498934132,0.0207554567390017,0.0226425271667563,85035710.0,1.0884109746364203,332.1099853515625,-0.0036433456037079,-0.0819702007630127,crash,0.0,0
2025-07-24,TSLA,310.0,310.1499938964844,300.4100036621094,305.29998779296875,156966000,-0.0819702007630127,-0.0705957658705531,-0.0441752471975392,-0.0147481440482498,0.0329613690296293,0.0319030154727026,90295780.0,1.7383536639253794,332.5599975585937,-0.0678373758846893,0.0352440556693423,spike,0.0,0
2025-07-25,TSLA,308.739990234375,323.6300048828125,308.010009765625,316.0599975585937,148227000,0.0352440556693423,-0.0483273267919924,-0.0412255318959846,0.008133672653307,0.0347579335518716,0.0494209809461627,97194840.0,1.52505009525197,305.29998779296875,0.011267614081069,0.0301524990600248,spike,0.0,0
2025-07-28,TSLA,318.45001220703125,330.489990234375,315.69000244140625,325.5899963378906,112673800,0.0301524990600248,-0.0209586278321854,-0.0088282565152602,0.0274219078850623,0.0358621837447775,0.0454559045407821,100657880.0,1.1193738632285917,316.0599975585937,0.0075619017493489,-0.013483166498468,neutral,0.0,0
2025-07-29,TSLA,325.54998779296875,326.25,318.25,321.20001220703125,87358900,-0.013483166498468,0.0520800034386004,-0.0328504821466968,0.033528584428415,0.0354992727545568,0.0249065993025042,101638140.0,0.8595090386345126,325.5899963378906,-0.0001228801418098,-0.0067247932130124,neutral,0.0,0
2025-07-30,TSLA,322.17999267578125,324.45001220703125,311.6199951171875,319.0400085449219,83931900,-0.0067247932130124,0.0094286243414138,-0.0406542852806274,-0.0081760959151492,0.0338451068667754,0.0402144456689269,100302850.0,0.836784797241554,321.20001220703125,0.0030509976074295,-0.0337575828823786,crash,0.0,0
2025-07-31,TSLA,319.6099853515625,321.3699951171875,306.1000061035156,308.2699890136719,85270900,-0.0337575828823786,-0.053195760063354,0.0097281406467568,-0.0348768495686254,0.0354537444452317,0.0495344651048553,101437650.0,0.8406237723369971,319.0400085449219,0.0017865370842991,-0.0182955990912538,crash,0.0,0
2025-08-01,TSLA,306.2099914550781,309.3099975585937,297.82000732421875,302.6300048828125,89121400,-0.0182955990912538,-0.0578144664336106,-0.0424919090663836,-0.0819656894098308,0.0334460706939157,0.037967121729467,100924290.0,0.8830520383150577,308.2699890136719,-0.0066824460116433,0.0219079561703732,spike,0.0,0
2025-08-04,TSLA,309.0799865722656,312.1199951171875,303.0,309.260009765625,78683900,0.0219079561703732,-0.0306544587429692,-0.0501550623665928,-0.0585405371257418,0.0347649262319477,0.0294897330052442,101215800.0,0.7773875225014276,302.6300048828125,0.0213130938287191,-0.0017461311772288,neutral,0.0,0
2025-08-05,TSLA,308.95001220703125,312.45001220703125,305.5,308.7200012207031,57961300,-0.0017461311772288,0.0014597989524411,-0.0388543291159156,-0.0704284278176682,0.0343243116468647,0.0225123483400827,99274890.0,0.5838465295705692,309.260009765625,-0.0010023848826386,0.0362464446655872,spike,0.0,0
2025-08-06,TSLA,307.8900146484375,320.4700012207031,306.92999267578125,319.9100036621094,78523600,0.0362464446655872,0.0570994233899186,0.0027269154146383,-0.0380382306631918,0.0369134374880622,0.0423244299644436,97871870.0,0.8023102041475247,308.7200012207031,-0.0026884768365632,0.0073770289285954,neutral,0.0,0
2025-08-07,TSLA,319.7900085449219,322.3999938964844,316.1600036621094,322.2699890136719,66658700,0.0073770289285954,0.0420680942806235,0.0454147354557405,0.055584677036446,0.0244492097428199,0.0193626165857791,88841140.0,0.750313424613867,319.9100036621094,-0.0003750902310458,0.022900068682782,spike,0.0,0
2025-08-08,TSLA,321.42999267578125,335.1499938964844,320.9800109863281,329.6499938964844,91200300,0.022900068682782,0.0677960371631978,0.0892839063467445,0.0429981536507835,0.023063758733719,0.0429849330275002,83138470.0,1.0969687077474484,322.2699890136719,-0.0026064987945712,0.0284544366949328,spike,0.0,0
2025-08-11,TSLA,335.0,346.6400146484375,334.1499938964844,339.0299987792969,105320200,0.0284544366949328,0.0597667934678971,0.0962620063170576,0.0412789170200993,0.0228589028134727,0.0368404589473627,82403110.0,1.2781095276622447,329.6499938964844,0.0162293529578999,0.0053387533997308,neutral,0.0,0
2025-08-12,TSLA,345.0,345.260009765625,332.94000244140625,340.8399963378906,80522100,0.0053387533997308,0.0576225151496527,0.104042481828785,0.0611456518818571,0.0219914964205598,0.0361460141315262,81719430.0,0.9853482825320736,339.0299987792969,0.0176090648090097,-0.0042835097722239,neutral,0.0,0
2025-08-13,TSLA,341.5,348.9800109863281,338.20001220703125,339.3800048828125,67838900,-0.0042835097722239,0.029516187369879,0.0608608702379542,0.0637537480977927,0.0218455109478531,0.0317638005309688,80110130.0,0.8468204957350587,340.8399963378906,0.001936403207372,-0.0111969422354715,neutral,0.0,0
2025-08-14,TSLA,335.760009765625,340.4700012207031,330.3999938964844,335.5799865722656,75000700,-0.0111969422354715,-0.0101761266538455,0.0413007664763631,0.0885911653157471,0.0180755196137045,0.0300077708062313,79083110.0,0.9483782314580192,339.3800048828125,-0.0106664949764423,-0.0149591430196655,neutral,0.0,0
2025-08-15,TSLA,337.6600036621094,339.29998779296875,327.0199890136719,330.5599975585937,74319800,-0.0149591430196655,-0.0301607759938651,0.002760514724581,0.0922908906094639,0.0175454890781438,0.0371490769300365,77602950.0,0.9576929743005904,335.5799865722656,0.006198275144742,0.0139157978505861,neutral,0.0,0
2025-08-18,TSLA,329.6199951171875,336.2699890136719,329.5899963378906,335.1600036621094,56956600,0.0139157978505861,-0.0124344426895752,-0.0114149046725119,0.0837482800188516,0.0170679108859803,0.0199307572586007,75430220.0,0.7550899361025329,330.5599975585937,-0.0028436666515874,-0.0174543681811548,crash,0.0,0
2025-08-19,TSLA,335.7900085449219,340.54998779296875,327.8500061035156,329.3099975585937,75956000,-0.0174543681811548,-0.0186840373817158,-0.0338281859616812,0.0666947274438847,0.018727625139316,0.0385654300920318,77229690.0,0.9835077675438034,335.1600036621094,0.0018797137961832,-0.0164283006960538,crash,0.0,0
2025-08-20,TSLA,329.2200012207031,331.3699951171875,314.6000061035156,323.8999938964844,77481800,-0.0164283006960538,-0.0201476394944878,-0.0456126193753617,0.0124722271535755,0.0167796515267164,0.0517752063281341,77125510.0,1.0046196128881353,329.3099975585937,-0.0002732875969687,-0.0117011689297318,neutral,0.0,0
2025-08-21,TSLA,322.0799865722656,324.8999938964844,318.67999267578125,320.1099853515625,55744400,-0.0117011689297318,-0.0449039806244885,-0.0460992962623285,-0.0067024660556206,0.0171018049793801,0.019430825357953,76034080.0,0.7331501873896548,323.8999938964844,-0.0056190409339754,0.0621662095051711,spike,0.0,0
2025-08-22,TSLA,321.6600036621094,340.25,319.69000244140625,340.010009765625,94016300,0.0621662095051711,0.0324922179294828,0.0285878880591299,0.0314273200696428,0.0255186367860111,0.0604688008237349,76315680.0,1.231939491333891,320.1099853515625,0.0048421429554737,0.0193817715614703,spike,0.0,0
2025-08-25,TSLA,338.8999938964844,349.5299987792969,335.0299987792969,346.6000061035156,86670000,0.0193817715614703,0.0700833980697326,0.0341329583375331,0.0223284291994074,0.024675672526302,0.041834967526427,74450660.0,1.1641266847063545,340.010009765625,-0.0032646564432199,0.0146278339149956,neutral,0.0,0
2025-08-26,TSLA,344.92999267578125,351.8999938964844,343.7200012207031,351.6700134277344,76651600,0.0146278339149956,0.0985912015256598,0.0678995962312447,0.0317744901015297,0.0249684397614475,0.0232604213138638,74063610.0,1.0349428011948107,346.6000061035156,-0.0048182729322734,-0.0058862207330171,neutral,0.0,0
2025-08-27,TSLA,351.94000244140625,355.3900146484375,349.1600036621094,349.6000061035156,65519000,-0.0058862207330171,0.0282050412118783,0.0793455161819014,0.0301137399777928,0.0250283603948609,0.0178203972470281,73831620.0,0.8874111119328006,351.6700134277344,0.0007677339646911,-0.010354676927882,neutral,0.0,0
2025-08-28,TSLA,350.9100036621094,353.54998779296875,340.260009765625,345.9800109863281,67903200,-0.010354676927882,-0.0017887914202815,0.0808160532897894,0.0309911938441027,0.0249757157312946,0.0384125602790067,73121870.0,0.928630517791736,349.6000061035156,0.0037471325392536,-0.0350020679940933,crash,0.0,0
2025-08-29,TSLA,347.2300109863281,348.75,331.70001220703125,333.8699951171875,81145700,-0.0350020679940933,-0.0506156841097986,-0.0180583349668732,0.0100133034336893,0.0273024036193582,0.0510677450574264,73804460.0,1.0994687854907417,345.9800109863281,0.0036129254879103,-0.0135082811620792,neutral,0.0,0
2025-09-02,TSLA,328.2300109863281,333.3299865722656,325.6000061035156,329.3599853515625,58392000,-0.0135082811620792,-0.0578947951904786,-0.0497403936767508,-0.0173052221242787,0.0272746574390688,0.0234697012768534,73948000.0,0.7896359604046086,333.8699951171875,-0.0168927553039911,0.01436121932444,neutral,0.0,0
2025-09-03,TSLA,335.20001220703125,343.3299865722656,328.510009765625,334.0899963378906,88733300,0.01436121932444,-0.0343661895799736,-0.0499900941751927,0.0145151948459945,0.0270506233924473,0.0443592354428118,75225730.0,1.179560504098797,329.3599853515625,0.017731440111752,0.013289839534482,neutral,0.0,0
2025-09-04,TSLA,336.1499938964844,338.8900146484375,331.4800109863281,338.5299987792969,60711000,0.013289839534482,0.0139575395521054,-0.0316647801228612,0.0451682777354054,0.0264556178290557,0.0218887652167579,73548650.0,0.8254536283126883,334.0899963378906,0.0061659959327555,0.036363092201525,spike,0.0,0
2025-09-05,TSLA,348.0,355.8699951171875,344.67999267578125,350.8399963378906,108989800,0.036363092201525,0.0652174275615178,0.0140470119580247,0.0959982893147763,0.027483396134605,0.0318948881490389,78873190.0,1.3818358304006724,338.5299987792969,0.0279738908068736,-0.0126553485570388,neutral,0.0,0
2025-09-08,TSLA,354.6400146484375,358.44000244140625,344.8399963378906,346.3999938964844,75208300,-0.0126553485570388,0.0368463518618609,0.0375295742730605,0.0187935176828002,0.0209812137928028,0.0392609882885267,76992390.0,0.9768277098554804,350.8399963378906,0.0108312004053469,0.0016455177086092,neutral,0.0,0
2025-09-09,TSLA,348.44000244140625,350.7699890136719,343.82000732421875,346.9700012207031,53816000,0.0016455177086092,0.0249313280118157,0.0534673811402544,0.0010674988767225,0.0200849125807586,0.0200304973484792,73706990.0,0.7301342789876509,346.3999938964844,0.0058891702680904,0.0023633378140295,neutral,0.0,0
2025-09-10,TSLA,350.54998779296875,356.3299865722656,346.07000732421875,347.7900085449219,72121700,0.0023633378140295,-0.0086933867996946,0.0410069512921762,-0.0110330842399498,0.0194772518304529,0.0295005002903114,73254000.0,0.9845428236000764,346.9700012207031,0.0103178561825823,0.0604387374485395,spike,0.0,0
2025-09-11,TSLA,350.1700134277344,368.989990234375,347.6000061035156,368.80999755859375,103756000,0.0604387374485395,0.0646940070928703,0.0894455406861529,0.0549484871844943,0.0273191765345041,0.0579973001612059,77077700.0,1.3461221598464923,347.7900085449219,0.0068432238544457,0.0735609258490948,spike,0.0,0
2025-09-12,TSLA,370.9400024414063,396.6900024414063,370.239990234375,395.9400024414063,168156400,0.0735609258490948,0.141136124300135,0.1285486448930419,0.1444013812030673,0.0339299776176251,0.0668030813859116,87103020.0,1.9305461509830544,368.80999755859375,0.0057753447490917,0.0356114714769244,spike,0.0,0
2025-09-15,TSLA,423.1300048828125,425.7000122070313,402.4299926757813,410.0400085449219,163823700,0.0356114714769244,0.1789873155368682,0.1837182903284206,0.2281427338236816,0.0296578891483744,0.0567506073707943,95370820.0,1.7177549694969594,395.9400024414063,0.0686720267559475,0.0282411138692506,spike,0.0,0
2025-09-16,TSLA,414.5,423.25,411.4299926757813,421.6199951171875,104285700,0.0282411138692506,0.1431902548959609,0.2151482653654559,0.2801190608116697,0.0270623682283361,0.0280347409067574,99960190.0,1.0432723267132646,410.0400085449219,0.0108769665450573,0.0100564258893758,neutral,0.0,0
2025-09-17,TSLA,415.75,428.30999755859375,409.6700134277344,425.8599853515625,106133500,0.0100564258893758,0.0755669614731184,0.2244744670304603,0.274686431858492,0.0272893788904493,0.0437702173766605,101700210.0,1.0435917487289357,421.6199951171875,-0.0139224780256352,-0.0211571398064291,crash,0.0,0
2025-09-18,TSLA,428.8699951171875,432.2200012207031,416.55999755859375,416.8500061035156,90454500,-0.0211571398064291,0.0166081294914608,0.1302567958106657,0.2313532260261495,0.0308573993396354,0.0375674785481964,104674560.0,0.864149799148905,425.8599853515625,0.0070680737077002,0.0221182705666402,spike,0.0,0
2025-09-19,TSLA,421.8200073242188,429.4700012207031,421.7200012207031,426.0700073242188,93131000,0.0221182705666402,0.0105545568487435,0.0760974003561849,0.2144282629448977,0.0304179695298137,0.0181894990653557,103088680.0,0.9034066591986628,416.8500061035156,0.0119227567420713,0.0191048043535839,spike,0.0,0
2025-09-22,TSLA,431.1099853515625,444.9800109863281,429.1300048828125,434.2099914550781,97108800,0.0191048043535839,0.0196073977145854,0.0589454258279,0.2534930690121035,0.0282044444904318,0.0365030893241327,105278730.0,0.922397145178328,426.0700073242188,0.0118289904022944,-0.0192533233137897,crash,0.0,0
2025-09-23,TSLA,439.8800048828125,440.9700012207031,423.7200012207031,425.8500061035156,83422700,-0.0192533233137897,0.0215904998637928,0.0100327570687257,0.2273395527143511,0.0306473850385199,0.0405072202718411,108239400.0,0.7707239692755133,434.2099914550781,0.0130582288277928,0.0397792701622938,spike,0.0,0
2025-09-24,TSLA,429.8299865722656,444.2099914550781,429.0299987792969,442.7900085449219,93133600,0.0397792701622938,0.0392423802034485,0.0397549048412779,0.2731533329478308,0.0303874682752172,0.0342825998392897,110340590.0,0.844055664375186,425.8500061035156,0.009345967856538,-0.0438130796135979,crash,0.0,0
2025-09-25,TSLA,435.239990234375,435.3500061035156,419.0799865722656,423.3900146484375,96746400,-0.0438130796135979,-0.0249187651587239,0.0156891170664821,0.1479895269953264,0.0344348205382212,0.0384279717715115,109639630.0,0.8824035615588999,442.7900085449219,-0.0170510132677957,0.0401756741055197,spike,0.0,0
2025-09-26,TSLA,428.2999877929688,440.4700012207031,421.0199890136719,440.3999938964844,101628200,0.0401756741055197,0.034166931042457,0.0336329390145528,0.1122897185960833,0.0292999532803749,0.0441644243337636,102986810.0,0.9868079222960688,423.3900146484375,0.0115968090286879,0.0063805576692497,neutral,0.0,0
2025-09-29,TSLA,444.3500061035156,450.9800109863281,439.5,443.2099914550781,79491500,0.0063805576692497,0.0009484922921734,0.0207272982591675,0.0808945035092163,0.0280111159560324,0.0259019679331658,94553590.0,0.8407031398807808,440.3999938964844,0.0089691468251012,0.0034069849388267,neutral,0.0,0
2025-09-30,TSLA,441.5199890136719,445.0,433.1199951171875,444.7200012207031,74358000,0.0034069849388267,0.0503790496570331,0.0443113651443756,0.0547886873749787,0.0271199638738837,0.026713448574841,91560820.0,0.8121159246935534,443.2099914550781,-0.0038130964418421,0.0331444283907076,spike,0.0,0
2025-10-01,TSLA,443.7999877929688,462.2900085449219,440.75,459.4599914550781,98122300,0.0331444283907076,0.0432788324767183,0.0376476040300377,0.078899185787032,0.0284825000513799,0.0468811407859608,90759700.0,1.0811219076308096,444.7200012207031,-0.0020687475832186,-0.0510599222813328,crash,0.0,0
2025-10-02,TSLA,470.5400085449219,470.75,435.5700073242188,436.0,137009000,-0.0510599222813328,-0.016267664524907,0.0297833791900672,0.0459397711792977,0.033080901091752,0.0806880565958284,95415150.0,1.43592500771628,459.4599914550781,0.024115303390735,-0.0141514069443449,neutral,0.0,0
2025-10-03,TSLA,443.2900085449219,446.7699890136719,416.5799865722656,429.8299865722656,133188200,-0.0141514069443449,-0.0334817741670403,-0.0240009252286756,0.0088247921313684,0.0329834771940022,0.0702370783438361,99420870.0,1.3396402586298028,436.0,0.0167202030846832,0.0544866904575465,spike,0.0,0
2025-10-06,TSLA,440.75,453.5499877929688,436.6900024414063,453.25,85324900,0.0544866904575465,-0.0135158481055369,0.0226529381974447,0.0438497706630771,0.036776744860709,0.0371979820222007,98242480.0,0.8685132948598203,429.8299865722656,0.0254054248630195,-0.0444787725584321,crash,0.0,0
2025-10-07,TSLA,447.8200073242188,452.6799926757813,432.4500122070313,433.0899963378906,102296100,-0.0444787725584321,-0.0066743203259389,-0.026151297110293,0.0170012683588294,0.0393904841540934,0.0467108006183704,100129820.0,1.021634713814526,453.25,-0.0119801272493793,0.0129303520073611,neutral,0.0,0
2025-10-08,TSLA,437.5700073242188,441.3299865722656,425.2300109863281,438.6900024414063,71192100,0.0129303520073611,0.0206128379729761,-0.0452052178643339,-0.0092594819765442,0.037424573653978,0.0367001196661369,97935670.0,0.7269271757675216,433.0899963378906,0.0103442956988388,-0.0071804551709727,neutral,0.0,0
2025-10-09,TSLA,431.80999755859375,436.3500061035156,426.1799926757813,435.5400085449219,69339900,-0.0071804551709727,-0.0390733402208011,-0.0010550262731149,0.0286969306694044,0.0343591949551313,0.0233503541080207,95195020.0,0.7283983973111199,438.6900024414063,-0.0156830674155413,-0.0506268491480562,crash,0.0,0
2025-10-10,TSLA,436.5400085449219,443.1300048828125,411.4500122070313,413.489990234375,112107900,-0.0506268491480562,-0.0452561967933888,-0.0380150218652636,-0.0611035513965846,0.0355287797881624,0.0766161054051738,96242990.0,1.1648422394192035,435.5400085449219,0.0022960003223144,0.054197209585187,spike,0.0,0
2025-10-13,TSLA,423.5299987792969,436.8900146484375,419.7000122070313,435.8999938964844,79552800,0.054197209585187,-0.0063598635241171,-0.0382791088880654,-0.0164933049785153,0.0402425417374392,0.0394356565315493,96249120.0,0.826530154249722,413.489990234375,0.0242811404920128,-0.0152787422697027,crash,0.0,0
2025-10-14,TSLA,426.7900085449219,434.2000122070313,417.8599853515625,429.239990234375,72669400,-0.0152787422697027,-0.0144648440716028,-0.0088896214091075,-0.034808443388733,0.040451894882052,0.0380673451384312,96080260.0,0.7563405844238973,435.8999938964844,-0.0208992555153049,0.0137685299519327,neutral,0.0,0
2025-10-15,TSLA,434.8999938964844,440.510009765625,426.3299865722656,435.1499938964844,71558200,0.0137685299519327,0.0523833809128777,-0.0080694990203127,-0.0529099334233774,0.0389759273469097,0.0325865181943047,93423850.0,0.7659521631788885,429.239990234375,0.0131861051879599,-0.014707558281632,neutral,0.0,0
2025-10-16,TSLA,434.7300109863281,439.3500061035156,421.30999755859375,428.75,77189900,-0.014707558281632,-0.0164028309167224,-0.0155898618076588,-0.0166284403669725,0.0357362647498713,0.042075821679118,87441940.0,0.8827560321740345,435.1499938964844,-0.0009651451592486,0.0246297319150874,spike,0.0,0
2025-10-17,TSLA,425.5,441.4599914550781,423.6000061035156,439.30999755859375,89331600,0.0246297319150874,0.0234600865560552,0.0624440928052052,0.0220552573865953,0.0362634278520959,0.0406546298759804,83056280.0,1.0755550332858634,428.75,-0.0075801749271137,0.0184835199797712,spike,0.0,0
2025-10-20,TSLA,443.8699951171875,449.7999877929688,440.6099853515625,447.4299926757813,63719000,0.0184835199797712,0.0282201515604711,0.0264510184462976,-0.0128406118570737,0.0321079613080819,0.0205395315286018,80895690.0,0.7876686631883603,439.30999755859375,0.0103799084562958,-0.0107949548562463,neutral,0.0,0
2025-10-21,TSLA,445.760009765625,449.2999877929688,442.0499877929688,442.6000061035156,54412200,-0.0107949548562463,0.0323032212326894,0.0311248163570354,0.0219585071140859,0.0285942235909232,0.0163804787619102,76107300.0,0.7149406167345314,447.4299926757813,-0.003732389284342,-0.0082015472949711,neutral,0.0,0
2025-10-22,TSLA,443.4500122070313,445.5400085449219,429.0,438.9700012207031,84023500,-0.0082015472949711,-0.0007739326211105,0.0087785990527382,0.0006382611359696,0.0285219606451963,0.0376791318288877,77390440.0,1.0857090358964234,442.6000061035156,0.0019204837139493,0.0228034028243133,spike,0.0,0
2025-10-23,TSLA,420.0,449.3999938964844,413.8999938964844,448.9800109863281,126709800,0.0228034028243133,0.0034642700219473,0.0471836990934766,0.0308582499373764,0.0292010916102437,0.0790681080033226,83127430.0,1.524283861536439,438.9700012207031,-0.0432148009384483,-0.0339881718388788,crash,0.0,0
2025-10-24,TSLA,446.8299865722656,451.6799926757813,430.1700134277344,433.7200012207031,94727800,-0.0339881718388788,-0.0200632732949751,-0.0127244915184181,0.048925031957512,0.026086856104645,0.0495941602589393,81389420.0,1.1638834629857295,448.9800109863281,-0.0047886862698837,0.0431154019976025,spike,0.0,0
2025-10-27,TSLA,439.9800109863281,460.1600036621094,438.6900024414063,452.4200134277344,105867500,0.0431154019976025,0.0306399347782968,0.0111526290897734,0.0378986459338495,0.0239139066489485,0.0474559050958794,84020890.0,1.2600140274638842,433.7200012207031,0.0144332973992581,0.0179699706554494,spike,0.0,0
2025-10-28,TSLA,454.7799987792969,467.0,451.6000061035156,460.5499877929688,80185700,0.0179699706554494,0.0257694697392507,0.0405557646676919,0.0729428717522284,0.0232401709257422,0.033438267950638,84772520.0,0.9458926076516304,452.4200134277344,0.0052163593155002,0.0020845119924044,neutral,0.0,0
2025-10-29,TSLA,462.5,465.7000122070313,452.6499938964844,461.510009765625,67983500,0.0020845119924044,0.0640736153894379,0.0513474918154812,0.0605768499112315,0.0231728786396553,0.0282767828094872,84415050.0,0.8053480984729618,460.5499877929688,0.0042340945797783,-0.046391201077052,crash,0.0,0
2025-10-30,TSLA,451.0499877929688,455.05999755859375,439.6099853515625,440.1000061035156,72447900,-0.046391201077052,-0.0272313490972181,-0.0197781742294155,0.026472317442602,0.02800263032058,0.035105685055131,83940850.0,0.8630827541060163,461.510009765625,-0.0226647781225119,0.0374005708402707,spike,0.0,0
2025-10-31,TSLA,446.75,458.0,443.6900024414063,456.55999755859375,83135800,0.0374005708402707,-0.0086635334711346,0.0526606941658387,0.0392661220911532,0.029358529509237,0.0313430822566911,83321270.0,0.9977740377697076,440.1000061035156,0.0151101881487368,0.0258673506696742,spike,0.0,0
2025-11-03,TSLA,455.989990234375,474.0700073242188,453.7999877929688,468.3699951171875,84595200,0.0258673506696742,0.0148642179073132,0.0352548101676779,0.046800623078882,0.0298451583144151,0.0432777926480503,85408890.0,0.9904730057960008,456.55999755859375,-0.0012484828440222,-0.0514763661270191,crash,0.0,0
2025-11-04,TSLA,454.4599914550781,460.2200012207031,443.6000061035156,444.260009765625,87756600,-0.0514763661270191,0.0094524053724527,-0.0353707055892196,0.0037505730664655,0.0346251469338545,0.0374105135547887,88743330.0,0.988881079851297,468.3699951171875,-0.0296987505756619,0.0400891306151767,spike,0.0,0
2025-11-05,TSLA,452.0499877929688,466.3299865722656,440.7099914550781,462.0700073242188,85573000,0.0400891306151767,0.012068533807362,0.0012134028444543,0.0526231998525603,0.0365271309969524,0.0554461330774295,88898280.0,0.9625945518855932,444.260009765625,0.0175347270879805,-0.0349730634015604,crash,0.0,0
2025-11-06,TSLA,461.9599914550781,467.4500122070313,435.0899963378906,445.9100036621094,109622900,-0.0349730634015604,-0.0479535232598719,0.0132015393729105,-0.0068377372023188,0.0380664996080841,0.0725707331151549,87189590.0,1.25729344523813,462.0700073242188,-0.000238093508336,-0.0367563286623574,crash,0.0,0
2025-11-07,TSLA,437.9200134277344,439.3599853515625,421.8800048828125,429.5199890136719,103471500,-0.0367563286623574,-0.0331788151711638,-0.0592255315610553,-0.0096836949995626,0.0383498862985009,0.0406965471127202,88063960.0,1.1749585187856644,445.9100036621094,-0.0179183919821396,0.0365757645150157,spike,0.0,0
2025-11-10,TSLA,439.6000061035156,449.6700134277344,433.3599853515625,445.2300109863281,76515900,0.0365757645150157,-0.03644468602368,-0.0494053512652313,-0.0158923173776766,0.0375750813109712,0.0366328137675173,85128800.0,0.8988250744753832,429.5199890136719,0.0234680977548704,-0.0126002644267232,neutral,0.0,0
2025-11-11,TSLA,439.3999938964844,442.489990234375,432.3599853515625,439.6199951171875,60533200,-0.0126002644267232,-0.0141060045598083,-0.0104443671418577,-0.045445648095837,0.0371043866795243,0.0230426390867689,83163550.0,0.7278813855348888,445.2300109863281,-0.0130943937874456,-0.020517695086338,crash,0.0,0
2025-11-12,TSLA,442.1499938964844,442.3299865722656,426.55999755859375,430.6000061035156,58513500,-0.020517695086338,0.0025144745703775,-0.0681065655027934,-0.0669758033586461,0.0373787422964502,0.0366232902697191,82216550.0,0.7116997733424718,439.6199951171875,0.0057549674887341,-0.066442209622874,crash,0.0,0
2025-11-13,TSLA,423.1300048828125,424.5,396.3399963378906,401.989990234375,118948000,-0.066442209622874,-0.0971183875412228,-0.0984952413424996,-0.0865939907762164,0.0402008621735868,0.0700515046299811,86866560.0,1.3693186422945722,430.6000061035156,-0.0173478892587552,0.0058708324248686,neutral,0.0,0
2025-11-14,TSLA,386.2999877929688,412.1900024414063,382.7799987792969,404.3500061035156,105506700,0.0058708324248686,-0.0802283549552156,-0.0586002597177266,-0.1143551597473837,0.0373554906670857,0.0727340255179329,89103650.0,1.1840895406641592,401.989990234375,-0.039030828683715,0.0113021077166715,neutral,0.0,0
2025-11-17,TSLA,398.739990234375,423.9599914550781,398.739990234375,408.9200134277344,102214300,0.0113021077166715,-0.0503483334149544,-0.0815533469501649,-0.1269295264624681,0.0359986925508843,0.0616746561492522,90865560.0,1.1248959451743874,404.3500061035156,-0.0138741579929751,-0.0187567572529434,crash,0.0,0
2025-11-18,TSLA,405.3800048828125,408.8999938964844,393.7099914550781,401.25,80688600,-0.0187567572529434,-0.0018408175635009,-0.0872799134328714,-0.0968126971147267,0.0335025546784761,0.0378567039038162,90158760.0,0.8949612882874609,408.9200134277344,-0.00865697062672,0.0068286360981308,neutral,0.0,0
2025-11-19,TSLA,406.1799926757813,411.7799987792969,398.5,403.989990234375,72047700,0.0068286360981308,-0.0008903570266014,-0.0617975278494158,-0.1256952759738223,0.0294215869583301,0.0328720985675721,88806230.0,0.8112910546928971,401.25,0.0122865861078661,-0.0216836541988695,crash,0.0,0
2025-11-20,TSLA,414.6300048828125,428.9400024414063,394.739990234375,395.2300109863281,113548800,-0.0216836541988695,-0.033478435859989,-0.0168162875003567,-0.1136552045470239,0.0286049454020474,0.0865319213024396,89198820.0,1.27298544980752,403.989990234375,0.0263373224724322,-0.010474950113494,neutral,0.0,0
2025-11-21,TSLA,402.3200073242188,402.7999877929688,383.760009765625,391.0899963378906,100460600,-0.010474950113494,-0.0253208814008956,-0.0327933957350562,-0.0894719539456824,0.0272120964814536,0.0486843903081934,88897730.0,1.130069350477228,395.2300109863281,0.0179389118761427,0.0682451678419993,spike,0.0,0
2025-11-24,TSLA,402.1700134277344,421.7200012207031,401.0899963378906,417.7799987792969,96806400,0.0682451678419993,0.03413453025636,0.0216667931640091,-0.0616535532863578,0.0340803127180099,0.0493800683208648,90926780.0,1.0646632378271836,391.0899963378906,0.0283311186519609,0.003877627272538,neutral,0.0,0
2025-11-25,TSLA,414.4200134277344,420.4800109863281,405.9500122070313,419.3999938964844,71915600,0.003877627272538,0.0611542196652479,0.0452336296485591,-0.0459942710642931,0.0341145524515266,0.0346447281610669,92065020.0,0.7811392426787068,417.7799987792969,-0.0080424753731149,0.0171196775876762,spike,0.0,0
2025-11-26,TSLA,423.9500122070313,426.9400024414063,416.8900146484375,426.5799865722656,63463000,0.0171196775876762,0.0907463513940476,0.0559172179607347,-0.0093358557228714,0.0341873163060663,0.0235594451435106,92559970.0,0.6856419681207762,419.3999938964844,0.0108488754810758,0.0084158351738814,neutral,0.0,0
2025-11-28,TSLA,426.5899963378906,432.9299926757813,426.2000122070313,430.1700134277344,36252900,0.0084158351738814,0.0296567922941253,0.0884042240471838,0.0701013056990036,0.0251140195186343,0.0156449316750912,84290460.0,0.4300949360105521,426.5799865722656,2.346515528173818e-05,-6.973703038437584e-05,neutral,0.0,0
2025-12-01,TSLA,425.3200073242188,433.6600036621094,425.2900085449219,430.1400146484375,57463600,-6.973703038437584e-05,0.0256080612976927,0.0998491873384783,0.0637813976892076,0.0252157082671944,0.0194587688476936,79486150.0,0.7229385245102449,430.1700134277344,-0.0112746261992302,-0.0020923987153301,neutral,0.0,0
2025-12-02,TSLA,430.80999755859375,436.7999877929688,422.1199951171875,429.239990234375,69336600,-0.0020923987153301,0.0062356503957992,0.0274306847828111,0.0496918129203565,0.0252867776105876,0.0341999650772652,76198380.0,0.909948479219637,430.1400146484375,0.0015575926148229,0.0407697334781054,spike,0.0,0
2025-12-03,TSLA,432.1000061035156,447.9200134277344,431.1099853515625,446.739990234375,87483000,0.0407697334781054,0.0385195999009919,0.0651883565468973,0.1133706921728971,0.026031519831507,0.0376282142714664,76877820.0,1.1379485006208552,429.239990234375,0.0066629762701722,0.0174374551533542,spike,0.0,0
2025-12-04,TSLA,449.9400024414063,454.6300048828125,445.3900146484375,454.5299987792969,71906500,0.0174374551533542,0.0567024301396228,0.0655211521562939,0.1251021306631905,0.0260545586380787,0.0203286697449899,76863700.0,0.9355066175580932,446.739990234375,0.0071630305703155,0.0010340378456106,neutral,0.0,0
2025-12-05,TSLA,453.0299987792969,458.8699951171875,451.6600036621094,455.0,56427500,0.0010340378456106,0.0600130704307384,0.0577213329548758,0.1512283666529044,0.023656326343813,0.0158461350661057,71151570.0,0.793060504497652,454.5299987792969,-0.0033001122126778,-0.033890139401614,crash,0.0,0
2025-12-08,TSLA,447.4500122070313,449.75,435.25,439.5799865722656,69165800,-0.033890139401614,-0.016027227959496,0.0219462770315466,0.1239867822967299,0.027276714433003,0.0329860331291862,68022090.0,1.0168138026926252,455.0,-0.0165933797647663,0.0127167455894849,neutral,0.0,0
2025-12-09,TSLA,437.5400085449219,452.3900146484375,435.7000122070313,445.1700134277344,62367400,0.0127167455894849,-0.0205926679794513,0.0371121599939028,0.0655608567391159,0.0189567812451967,0.0374912998135161,64578190.0,0.965765686526674,439.5799865722656,-0.0046407436408808,0.0141069672032534,neutral,0.0,0
2025-12-10,TSLA,446.0700073242188,456.8800048828125,443.6099853515625,451.4500122070313,63257500,0.0141069672032534,-0.0078021709735576,0.0105430945865967,0.0764187381425127,0.0190732764477085,0.0293942167957334,63712380.0,0.9928604142554398,445.1700134277344,0.002021685803935,-0.0101007806740353,neutral,0.0,0
2025-12-11,TSLA,448.9500122070313,449.2699890136719,440.3299865722656,446.8900146484375,55979500,-0.0101007806740353,0.0166295743652336,-0.0168085366232759,0.0476113008473997,0.019494293022152,0.0200049277190479,62964030.0,0.8890711093302002,451.4500122070313,-0.0055377116677394,0.0270088308330986,spike,0.0,0
2025-12-12,TSLA,448.0899963378906,463.010009765625,441.6700134277344,458.9599914550781,95656700,0.0270088308330986,0.0309768798692509,0.0087032779232485,0.0669269756809309,0.0207220131044993,0.0464964195903758,68904410.0,1.3882522178188594,446.8900146484375,0.0026851834906115,0.0356240334842257,spike,0.0,0
2025-12-15,TSLA,469.4400024414063,481.7699890136719,467.6600036621094,475.30999755859375,114542200,0.0356240334842257,0.0528518877093759,0.0812821604207729,0.1050122782626363,0.02243149644128,0.0296858585429251,74612270.0,1.535165730783958,458.9599914550781,0.0228342582827373,0.0306536942186297,spike,0.0,0
2025-12-16,TSLA,472.2099914550781,491.5,465.8299865722656,489.8800048828125,107608100,0.0306536942186297,0.0961981445662747,0.1004335200181583,0.1412729848757257,0.0228145756988737,0.0524006147870335,78439420.0,1.3718625150466437,475.30999755859375,-0.0065220721622491,-0.0461745629373024,crash,0.0,0
2025-12-17,TSLA,488.2200012207031,495.2799987792969,466.2000122070313,467.260009765625,106490400,-0.0461745629373024,0.0180844048829456,0.0350204831788627,0.0459328020320823,0.0273907888900233,0.0622351281181796,80340160.0,1.3254939995140662,489.8800048828125,-0.0033885924013299,0.0344775607046774,spike,0.0,0
2025-12-18,TSLA,478.1600036621094,490.8599853515625,473.1199951171875,483.3699951171875,95168400,0.0344775607046774,0.0169573490984695,0.0816307799972848,0.0634501494188379,0.0287574047769707,0.0367006442550786,82666350.0,1.1512350551342838,467.260009765625,0.0233274700780658,-0.0044892792934532,neutral,0.0,0
2025-12-19,TSLA,488.1199951171875,490.489990234375,474.7200012207031,481.2000122070313,103305400,-0.0044892792934532,-0.0177186098417255,0.0484574280242682,0.0575824444110577,0.0289275645810803,0.0327722124140075,87354140.0,1.182604510787926,483.3699951171875,0.0098268408216948,0.015648376118613,spike,0.0,0
2025-12-22,TSLA,489.8800048828125,498.8299865722656,485.3299865722656,488.7300109863281,86916100,0.015648376118613,0.045948723990894,0.0282342334406295,0.1118113333532813,0.0253604253093899,0.0276226130921549,89129170.0,0.9751700818037462,481.2000122070313,0.0180382220606568,-0.0064862262526846,neutral,0.0,0
2025-12-23,TSLA,489.3999938964844,491.9700012207031,482.8399963378906,485.55999755859375,58223600,-0.0064862262526846,0.0045306958717521,-0.0088185010230253,0.0907293458961067,0.025932126365483,0.0188030417017842,88714790.0,0.6563009392233246,488.7300109863281,0.0013708650893038,-0.0003295239783216,neutral,0.0,0
2025-12-24,TSLA,488.4800109863281,490.8999938964844,476.7999877929688,485.3999938964844,41285400,-0.0003295239783216,0.0087281412778643,0.0388220343101013,0.0752020838884901,0.026019586305133,0.0290482206032382,86517580.0,0.4771908784318747,485.55999755859375,0.0060137026163939,-0.0210341812597044,crash,0.0,0
2025-12-26,TSLA,485.2300109863281,489.0899963378906,473.8200073242188,475.1900024414063,58780700,-0.0210341812597044,-0.0277044753556183,-0.0169228391468486,0.0633265162911103,0.0270543640421424,0.0321344913302436,86797700.0,0.6772149492440468,485.3999938964844,-0.0003501914138723,-0.0327237267473576,crash,0.0,0
2025-12-29,TSLA,469.0,469.3999938964844,459.0,459.6400146484375,66263000,-0.0327237267473576,-0.0533816274826642,-0.0448046488189153,0.0014816611600576,0.0285721860764835,0.0226263892721328,83858330.0,0.79017791076927,475.1900024414063,-0.0130263734708298,-0.0113350052358717,neutral,0.0,0
2025-12-30,TSLA,461.0899963378906,463.1199951171875,453.8299865722656,454.4299926757813,59238500,-0.0113350052358717,-0.0638030523488381,-0.0701819359145234,-0.0439292356358198,0.0258945370140834,0.0204432117040081,78327960.0,0.756288048354636,459.6400146484375,0.0031546028266537,-0.0103646139801308,neutral,0.0,0
2025-12-31,TSLA,456.1000061035156,456.5499877929688,449.2999877929688,449.7200012207031,49078000,-0.0103646139801308,-0.0535996150799569,-0.0738116741867017,-0.0819792668854004,0.0228313014055428,0.0161211420001798,72474950.0,0.6771719056032464,454.4299926757813,0.0036749630408435,-0.0259049939181312,crash,0.0,0
2026-01-02,TSLA,457.7999877929688,458.3399963378906,435.2999877929688,438.0700073242188,85535400,-0.0259049939181312,-0.0469280450717869,-0.0975071841108409,-0.062470577047772,0.0197906184754745,0.0525943528653166,70379450.0,1.215346240983696,449.7200012207031,0.0179667049504884,0.0310452801518779,spike,0.0,0
2026-01-05,TSLA,447.989990234375,457.5499877929688,444.5700073242188,451.6700134277344,67940800,0.0310452801518779,-0.0060734971118335,-0.0494959677030917,-0.0655811945500833,0.0190204986392585,0.0287377511963759,67656690.0,1.0041992890873024,438.0700073242188,0.0226447434069923,-0.0414240959470951,crash,0.0,0
2026-01-06,TSLA,446.3800048828125,448.25,428.7799987792969,432.9599914550781,89093800,-0.0414240959470951,-0.0372676548077298,-0.0580454754657642,-0.1002494171409089,0.0219293096765939,0.044969515902079,66235530.0,1.345105866896513,451.6700134277344,-0.0117121092559939,-0.003579979267275,neutral,0.0,0
2026-01-07,TSLA,435.8999938964844,438.3699951171875,431.2900085449219,431.4100036621094,59828800,-0.003579979267275,-0.0152030578463691,-0.0506568434845713,-0.1172835840560284,0.0201749849612432,0.0164112712087474,63526800.0,0.9417883475950308,432.9599914550781,0.0067904714048186,0.0101758978549273,neutral,0.0,0
2026-01-08,TSLA,427.8900146484375,436.8900146484375,424.3699951171875,435.7999877929688,57041100,0.0101758978549273,-0.0351363277679817,-0.030952622498333,-0.1024796317979639,0.0213541509981537,0.028728820288994,63408550.0,0.8995805770672882,431.4100036621094,-0.0081592660897794,0.0211335985099465,spike,0.0,0
2026-01-09,TSLA,435.9500122070313,449.0499877929688,430.3900146484375,445.010009765625,67331500,0.0211335985099465,0.0278317132029903,0.015842222305509,-0.0832096922924001,0.0234691666334602,0.0419315807173843,66013160.0,1.0199708664151208,435.7999877929688,0.0003442506155685,0.0088761636879437,neutral,0.0,0
2026-01-12,TSLA,441.2300109863281,454.2999877929688,438.0,448.9599914550781,61649600,0.0088761636879437,0.0406805304559287,-0.0060000041890977,-0.0551989958786275,0.0235859354783362,0.0363061032234533,66300050.0,0.9298575189611472,445.010009765625,-0.0084941882122779,-0.0039201249143442,neutral,0.0,0
2026-01-13,TSLA,450.2000122070313,451.80999755859375,443.9500122070313,447.2000122070313,53719200,-0.0039201249143442,0.0261588451890415,0.032889922932823,-0.0270646637476092,0.0215506921234969,0.0175759953868777,65045670.0,0.8258689625304805,448.9599914550781,0.0027619849776241,-0.0178890871682185,crash,0.0,0
2026-01-14,TSLA,442.80999755859375,443.9100036621094,434.2200012207031,439.2000122070313,57259500,-0.0178890871682185,-0.0130558806118847,0.0180570883354462,-0.0335144702467207,0.0219443022457757,0.0220628464756019,64847770.0,0.8829833315779402,447.2000122070313,-0.0098166693394569,-0.0014344373071545,neutral,0.0,0
2026-01-15,TSLA,441.1300048828125,445.3599853515625,437.6499938964844,438.5700073242188,49465800,-0.0014344373071545,-0.023142338579403,0.0063561716586506,-0.0247931910215671,0.0218009120820018,0.0175798420464681,64886550.0,0.76234288924284,439.2000122070313,0.0043943365713556,-0.0024397640202235,neutral,0.0,0
2026-01-16,TSLA,439.5,447.25,435.260009765625,437.5,60220600,-0.0024397640202235,-0.0216905454880459,-0.0168760468322506,-0.0013011786122963,0.0201795080470876,0.0274056919642857,62355070.0,0.9657691026567689,438.5700073242188,0.0021205113442554,-0.0417142857142857,crash,0.0,0
2026-01-20,TSLA,429.3599853515625,430.7300109863281,417.4400024414063,419.25,63187300,-0.0417142857142857,-0.0454235237990549,-0.0661751425974241,-0.0717780956537232,0.0208691636840768,0.0316994837088176,61879720.0,1.0211309941286095,437.5,-0.0186057477678571,0.0290757362943501,spike,0.0,0
2026-01-21,TSLA,421.6600036621094,438.2000122070313,419.6199951171875,431.4400024414063,68124000,0.0290757362943501,-0.0162573928078523,-0.0352415235586551,-0.0035106916197117,0.0199175043219321,0.0430651237361031,59782740.0,1.1395262244587652,419.25,0.0057483689018709,0.0415352837213789,spike,0.0,0
2026-01-22,TSLA,435.1600036621094,449.5,432.6300048828125,449.3599853515625,71546700,0.0415352837213789,0.0271085379464286,0.0231329072453256,0.0416077085303565,0.0237923277916175,0.0375422727148013,60954530.0,1.1737716622538144,431.4400024414063,0.0086222909318852,-0.0006675890216037,neutral,0.0,0
2026-01-23,TSLA,447.4299926757813,452.4299926757813,444.0400085449219,449.05999755859375,56771400,-0.0006675890216037,0.0711031545822151,0.0239186220197225,0.030426824545769,0.0237438452117189,0.0186834369048084,60927560.0,0.9317852216632342,449.3599853515625,-0.0042949811703221,-0.0308644400011469,crash,0.0,0
2026-01-26,TSLA,445.0,445.0400085449219,434.2799987792969,435.2000122070313,49397400,-0.0308644400011469,0.0087150235127666,-0.0052571149553569,-0.0220444424694185,0.0250512831906963,0.0247242864517804,59134150.0,0.8353447204364991,449.05999755859375,-0.0090411027049097,-0.0098805565026072,neutral,0.0,0
2026-01-27,TSLA,437.4100036621094,437.5199890136719,430.6900024414063,430.8999938964844,37733100,-0.0098805565026072,-0.0410806303561624,0.0277877016016323,-0.0402262961117344,0.0248525051097615,0.0158505144326048,56742500.0,0.6649883244481649,435.2000122070313,0.0050781052230916,0.0012995998294869,neutral,0.0,0
2026-01-28,TSLA,431.9100036621094,438.260009765625,430.1000061035156,431.4599914550781,54857400,0.0012995998294869,-0.0391929946982622,4.63309233236231e-05,-0.0351968254076574,0.0249049259946037,0.0189125384130986,56856320.0,0.9648426067673744,430.8999938964844,0.0023439540030897,-0.0345338946636393,crash,0.0,0
2026-01-29,TSLA,437.7999877929688,440.2300109863281,414.6199951171875,416.55999755859375,81686100,-0.0345338946636393,-0.04283091481066,-0.0729926759440035,-0.0515483015008785,0.0264939739687056,0.0614797772691514,59298980.0,1.3775295966304986,431.4599914550781,0.0146942855964682,0.0332485264660284,spike,0.0,0
2026-01-30,TSLA,425.3500061035156,439.8800048828125,422.7000122070313,430.4100036621094,82626100,0.0332485264660284,-0.0011371321450812,-0.0415311851375737,-0.0186059318371879,0.0291446886767504,0.0399154121177635,62615010.0,1.3195893444718767,416.55999755859375,0.0211014225956381,-0.0199809624087339,crash,0.0,0
2026-02-02,TSLA,421.2900085449219,427.1499938964844,414.5,421.80999755859375,58739500,-0.0199809624087339,-0.0223659066601754,-0.0307674960313827,-0.0358628627232142,0.0297299231862976,0.0299897915405079,62466900.0,0.9403299987673472,430.4100036621094,-0.0211890872414459,0.0003555958781265,neutral,0.0,0
2026-02-03,TSLA,424.2699890136719,428.55999755859375,413.6900024414063,421.9599914550781,56886500,0.0003555958781265,0.0129633040333518,-0.0207472791089291,0.0064639032917783,0.026480978480876,0.03524029628001,61836820.0,0.91994543057033,421.80999755859375,0.0058319894486057,-0.0377997488208574,crash,0.0,0
2026-02-04,TSLA,420.4599914550781,423.8999938964844,399.1799926757813,406.010009765625,74606900,-0.0377997488208574,-0.0566901180011593,-0.0589857279782171,-0.0589421299181337,0.0270300256358875,0.0608852014140563,62485110.0,1.1939948573348114,421.9599914550781,-0.0035548393932501,-0.0216743875739093,crash,0.0,0
2026-02-05,TSLA,397.0199890136719,402.1000061035156,387.5299987792969,397.2099914550781,72819800,-0.0216743875739093,-0.0583201115333887,-0.0464519066087084,-0.1160539335866414,0.0215932605896781,0.0366808681494773,62612420.0,1.1630248439526851,406.010009765625,-0.0221423623450632,0.0349940691208829,spike,0.0,0
2026-02-06,TSLA,400.8699951171875,414.5499877929688,397.75,411.1099853515625,62677100,0.0349940691208829,-0.0257133527425211,-0.0448410077515257,-0.0845098926944155,0.0261466263253709,0.0408649470739617,63202990.0,0.991679349347238,397.2099914550781,0.0092142789477723,0.0151055002163125,spike,0.0,0
2026-02-09,TSLA,409.9100036621094,421.25,407.2900085449219,417.3200073242188,54484300,0.0151055002163125,0.027856450054329,-0.0106445799302119,-0.0410845688908361,0.0258135118578408,0.0334515269099775,63711680.0,0.8551697271206786,411.1099853515625,-0.0029188823726257,0.018906316477488,spike,0.0,0
2026-02-10,TSLA,418.0799865722656,427.25,417.0,425.2099914550781,64450200,0.018906316477488,0.0704916809807052,0.0077021520187086,-0.0132049257878921,0.0266619978399472,0.0241057364736991,66383390.0,0.9708784079872992,417.3200073242188,0.0018210946868319,0.0071964385129388,neutral,0.0,0
2026-02-11,TSLA,427.9599914550781,436.3500061035156,420.0299987792969,428.2699890136719,57362000,0.0071964385129388,0.0417406637482544,0.0548261833763574,-0.0073935069405812,0.0267836371239841,0.0381068198633403,66633850.0,0.8608537552610273,425.2099914550781,0.0064673927124558,-0.0261516846306396,crash,0.0,0
2026-02-12,TSLA,430.2999877929688,436.2300109863281,414.0,417.0700073242188,61933400,-0.0261516846306396,-0.000599060662351,0.0499987822471146,0.0012243368749138,0.0257068415868077,0.053300430613432,64658580.0,0.9578527706609083,428.2699890136719,0.0047399977382774,0.0008871295242764,neutral,0.0,0
2026-02-13,TSLA,414.30999755859375,424.05999755859375,410.8800048828125,417.4400024414063,51434100,0.0008871295242764,-0.0182732982992303,0.0153973810303602,-0.0301340608033011,0.0230105126181793,0.0315733820398088,61539380.0,0.8357916508096117,417.0700073242188,-0.0066176174674663,-0.0163137157885334,crash,0.0,0
2026-02-17,TSLA,412.3599853515625,413.7200012207031,400.510009765625,410.6300048828125,59678800,-0.0163137157885334,-0.0411889335778236,-0.0160308691747165,-0.0265048072366473,0.022734120263467,0.0321700589289573,61633310.0,0.9682880896709912,417.4400024414063,-0.0121694544368848,0.0016803507615164,neutral,0.0,0
2026-02-18,TSLA,411.1099853515625,416.8999938964844,409.5799865722656,411.3200073242188,45921400,0.0016803507615164,-0.0137866542763169,-0.0326661753251081,-0.0252156231546233,0.0227561310135758,0.0177963804188324,60536800.0,0.758569993788902,410.6300048828125,0.0011688879600675,0.0009481282794783,neutral,0.0,0
2026-02-19,TSLA,407.25,415.25,404.1099853515625,411.7099914550781,51019600,0.0009481282794783,-0.0137265498103107,-0.0386671912191005,0.0140390176408298,0.0190381698870982,0.0270579166880699,58178070.0,0.8769558701414467,411.3200073242188,-0.0098949899147761,0.0002672169037041,neutral,0.0,0
2026-02-20,TSLA,408.2999877929688,414.7000122070313,405.5,411.8200073242188,57912200,0.0002672169037041,0.0028979919325329,-0.0125878147740285,0.0367815920632323,0.0172428865930182,0.0223398864635255,56687310.0,1.0216078342754311,411.7099914550781,-0.0082825380313399,-0.0291147116184514,crash,0.0,0
2026-02-23,TSLA,407.2900085449219,407.7000122070313,394.0400085449219,399.8299865722656,69680000,-0.0291147116184514,-0.0279345048802751,-0.0421857411032678,-0.0274379100027228,0.0162241633990226,0.0341645302275008,57387600.0,1.2141995831852177,411.8200073242188,-0.0109999482752923,0.0238851977872369,spike,0.0,0
2026-02-24,TSLA,399.5,410.8200073242188,397.6400146484375,409.3800048828125,58579500,0.0238851977872369,-0.0056592908130087,-0.003044102927541,-0.0190261724864718,0.0174811589381973,0.0321950083506256,57797120.0,1.0135366606502192,399.8299865722656,-0.0008253172181871,0.0195905733499799,spike,0.0,0
2026-02-25,TSLA,412.1499938964844,420.3399963378906,412.1499938964844,417.3999938964844,54809700,0.0195905733499799,0.0135495762056858,0.0147816455898122,-0.0183673895617263,0.0175722332511585,0.0196214723554533,56833070.0,0.9643980168588464,409.3800048828125,0.0067663026543389,-0.021130827631028,crash,0.0,0
2026-02-26,TSLA,414.4200134277344,416.80999755859375,403.6600036621094,408.5799865722656,53602500,-0.021130827631028,0.0218843015628056,-0.0076024506273222,-0.0459756764342823,0.0182467922872289,0.0321846256024547,56457120.0,0.949437378314728,417.3999938964844,-0.0071393879068647,-0.0148562754078191,neutral,0.0,0
2026-02-27,TSLA,402.9400024414063,407.1199951171875,398.1099853515625,402.510009765625,56890100,-0.0148562754078191,-0.0167814622972465,-0.0226069578772655,-0.0349102004529308,0.0170724895827769,0.0223845607488653,55952790.0,1.0167518009378975,408.5799865722656,-0.0138038678256742,0.0020123662491411,neutral,0.0,0
2026-03-02,TSLA,390.6000061035156,404.5400085449219,388.25,403.3200073242188,55088300,0.0020123662491411,-0.0337325988935146,0.0087287618967077,-0.0338252084960867,0.0171076722087502,0.0403897854038933,56318210.0,0.9781614152864588,402.510009765625,-0.0295893353535341,-0.0270009284207993,crash,0.0,0
2026-03-03,TSLA,395.0899963378906,396.3399963378906,385.3900146484375,392.4299926757813,62617300,-0.0270009284207993,-0.039527129147888,-0.0414041037785497,-0.0443221683525664,0.0183028226203735,0.0279030193762478,56612060.0,1.1060770443612191,403.3200073242188,-0.0204056601132417,0.0344265474550176,spike,0.0,0
2026-03-04,TSLA,397.8500061035156,408.3299865722656,394.5799865722656,405.9400024414063,68305500,0.0344265474550176,0.008521509012356,-0.0274556579364018,-0.0130798521516405,0.0220514491779213,0.0338720005845806,58850470.0,1.160661928443392,392.4299926757813,0.0138114148482331,-0.0009607691927178,neutral,0.0,0
2026-03-05,TSLA,401.5700073242188,408.6199951171875,399.4200134277344,405.5499877929688,51925900,-0.0009607691927178,0.0055290598736832,-0.0074159255932152,-0.0149619970123592,0.0220400349919746,0.0226851977965036,58941100.0,0.8809794863007308,405.9400024414063,-0.0107651256119265,-0.0217481865913486,crash,0.0,0
2026-03-06,TSLA,398.0899963378906,402.3500061035156,394.2099914550781,396.7300109863281,64054600,-0.0217481865913486,0.0109574150569562,-0.0143598882985853,-0.0366422127859625,0.0229482362609191,0.0205177688176406,59555340.0,1.0755475495564293,405.5499877929688,-0.0183947520148526,0.0049151353198746,neutral,0.0,0
2026-03-09,TSLA,390.0499877929688,401.5899963378906,381.3999938964844,398.6799926757813,67018900,0.0049151353198746,-0.0178844403654772,-0.0115045486565894,-0.0028762072258341,0.0211812050093986,0.0506421260467549,59289230.0,1.1303722446724305,396.7300109863281,-0.0168377057655704,0.0014046291985589,neutral,0.0,0
2026-03-10,TSLA,402.2200012207031,406.5899963378906,398.1900024414063,399.239990234375,59258700,0.0014046291985589,-0.0155591116965216,0.0173534074502301,-0.0247691986113003,0.0194788342181385,0.0210399611811258,59357150.0,0.9983413961081352,398.6799926757813,0.0088793232917525,0.0214908759135248,spike,0.0,0
2026-03-11,TSLA,402.2799987792969,416.3800048828125,402.1499938964844,407.8200073242188,62559900,0.0214908759135248,0.0279535100213854,0.0046312382901556,-0.0229515733405626,0.0197242221737514,0.0348928711950495,60132170.0,1.040373231167277,399.239990234375,0.0076144890774524,-0.0314109100302423,crash,0.0,0
2026-03-12,TSLA,405.1799926757813,406.5,394.6499938964844,395.010009765625,60973800,-0.0314109100302423,-0.0092053350496091,-0.0259893437174122,-0.0332125342714026,0.0210472314633813,0.0299992552354475,60869300.0,1.001716793194599,407.8200073242188,-0.0064734799691636,-0.0096453190157239,neutral,0.0,0
2026-03-13,TSLA,399.1700134277344,400.2000122070313,389.9500122070313,391.2000122070313,58504100,-0.0096453190157239,-0.0201382081555101,-0.0139389474608901,-0.0280986740309373,0.0207887457899581,0.0262014306752513,61030700.0,0.9586011630212335,395.010009765625,0.0105313879629978,0.0111451564813731,neutral,0.0,0
2026-03-16,TSLA,396.2200012207031,403.7300109863281,394.4200134277344,395.55999755859375,58068300,0.0111451564813731,-0.0300623057854988,-0.0078258131195583,-0.0192403293283365,0.021212694593939,0.0235362463748996,61328700.0,0.9468372882516668,391.2000122070313,0.0128322823543654,0.009379086555709,neutral,0.0,0
2026-03-17,TSLA,395.6900024414063,400.1199951171875,393.0,399.2699890136719,46890500,0.009379086555709,0.0107844842984472,7.513971553607668e-05,0.0174298510958657,0.0194446697693321,0.0178325326548489,59756020.0,0.7846991817728155,395.55999755859375,0.000328660338798,-0.0162546407517565,crash,0.0,0
2026-03-18,TSLA,399.0,403.0700073242188,392.30999755859375,392.7799987792969,50853100,-0.0162546407517565,0.0040388203552237,-0.0368790355421798,-0.0324185928535312,0.0163896139170145,0.027394495134848,58010780.0,0.8766146567930995,399.2699890136719,-0.0006762066298517,-0.031773539959046,crash,0.0,0
2026-03-19,TSLA,387.2699890136719,387.2699890136719,378.7300109863281,380.2999877929688,67078300,-0.031773539959046,-0.0385782431484733,-0.0372396182602668,-0.0622611287388078,0.0186666872243453,0.0224558987679821,59526020.0,1.1268735924222717,392.7799987792969,-0.0140282340820543,-0.0324480587272815,crash,0.0,0
2026-03-20,TSLA,379.8500061035156,379.8900146484375,364.4599914550781,367.9599914550781,78628600,-0.0324480587272815,-0.0784181090994085,-0.05940700415841,-0.0725178805095273,0.0199184659406219,0.0419339698654252,60983420.0,1.2893438905197512,380.2999877929688,-0.0011832282511093,0.0350310222518068,spike,0.0,0
2026-03-23,TSLA,373.0899963378906,385.3299865722656,372.7300109863281,380.8500061035156,74606000,0.0350310222518068,-0.0303732183737918,-0.0371877630343526,-0.0447225516700697,0.023860490140896,0.0330838266614411,61742130.0,1.208348335245318,367.9599914550781,0.0139417463907588,0.0057240190123266,neutral,0.0,0
2026-03-24,TSLA,376.55999755859375,387.4800109863281,376.30999755859375,383.0299987792969,60004900,0.0057240190123266,0.0071785723743285,-0.0406742071311022,-0.0406021236639195,0.0240140003957826,0.0291622417652215,61816750.0,0.970689982892986,380.8500061035156,-0.0112642995304451,0.0076234588336172,neutral,0.0,0
2026-03-25,TSLA,389.989990234375,396.2300109863281,385.010009765625,385.9500122070313,55157300,0.0076234588336172,0.048891241357009,-0.017388834954662,-0.0536265870345119,0.0227536863126695,0.0290711254458634,61076490.0,0.9030856226348304,383.0299987792969,0.0181708782008181,-0.035859635750043,crash,0.0,0
2026-03-26,TSLA,381.6000061035156,384.4400024414063,371.8699951171875,372.1099853515625,55522900,-0.035859635750043,-0.022948721575122,-0.0215356368769195,-0.0579732762408983,0.0233572121051522,0.033780354785005,60531400.0,0.9172578199083452,385.9500122070313,-0.0112709054694426,-0.0276262373598615,crash,0.0,0
2026-03-27,TSLA,369.6900024414063,369.8599853515625,359.4700012207031,361.8299865722656,62065700,-0.0276262373598615,-0.0553481770999528,-0.0166594331589468,-0.0750767503024065,0.0243643981881755,0.0287150996778545,60887560.0,1.0193494368964695,372.1099853515625,-0.0065034076090966,-0.0181023907250444,crash,0.0,0
2026-03-30,TSLA,365.8599853515625,367.2900085449219,352.1400146484375,355.2799987792969,67954400,-0.0181023907250444,-0.0794662843831766,-0.0671393118404435,-0.1018303140557843,0.0236208352868051,0.0426424058447931,61876170.0,1.0982321627211251,361.8299865722656,0.0111378241960385,0.0463578058919507,spike,0.0,0
2026-03-31,TSLA,361.510009765625,373.3299865722656,361.0,371.75,75534900,0.0463578058919507,-0.0009674165320299,-0.0294493872940653,-0.0689257639464846,0.0292826423933657,0.0331674151237811,64740610.0,1.16673136073324,355.2799987792969,0.0175354959686268,0.0255817344065232,spike,0.0,0
2026-04-01,TSLA,378.6300048828125,383.1400146484375,374.0799865722656,381.260009765625,58683800,0.0255817344065232,0.0536993171224595,-0.0121518390803689,-0.0293293677108669,0.0307242130620381,0.0237633841580747,65523680.0,0.895612090163434,371.75,0.0185070743317081,-0.0542150052412814,crash,0.0,0
2026-04-02,TSLA,364.2000122070313,370.2799987792969,359.0299987792969,360.5899963378906,83031200,-0.0542150052412814,0.014945951297113,-0.0309585592087457,-0.0518274837963131,0.03376508331542,0.0311988688378869,67118970.0,1.2370750027898223,381.260009765625,-0.0447463597587408,-0.0215479882763885,crash,0.0,0
2026-04-06,TSLA,362.5899963378906,367.7200012207031,346.6400146484375,352.82000732421875,77697600,-0.0215479882763885,-0.0509212983881136,-0.024901140265906,-0.0411457345430114,0.0329389688727814,0.0597471405664772,67025870.0,1.159218075050723,360.5899963378906,0.0055464655711799,-0.0174877084622486,crash,0.0,0
2026-04-07,TSLA,346.44000244140625,348.0199890136719,337.239990234375,346.6499938964844,74515400,-0.0174877084622486,-0.0907779861056414,-0.0242907141197484,-0.0897991641300791,0.0301452396159538,0.0310976459515414,67016810.0,1.1118911807351022,352.82000732421875,-0.0180828885844608,-0.0098081464195832,neutral,0.0,0
2026-04-08,TSLA,363.7900085449219,364.5,339.6700134277344,343.25,78838600,-0.0098081464195832,-0.048087846346248,-0.0766644250168123,-0.1038560919668807,0.0297017444990284,0.0723379069840222,68900180.0,1.144243745081653,346.6499938964844,0.0494447279683374,0.0069045742671158,neutral,0.0,0
2026-04-09,TSLA,343.1499938964844,348.8800048828125,337.25,345.6199951171875,62164000,0.0069045742671158,-0.0204070405803685,-0.0934795513181326,-0.1044954419335786,0.0296538142738119,0.0336496876544112,69600850.0,0.8931500118173844,343.25,-0.0002913506293244,0.0096349086768392,neutral,0.0,0
2026-04-10,TSLA,346.2900085449219,350.3599853515625,342.739990234375,348.95001220703125,51336000,0.0096349086768392,0.0066349873100925,-0.0322803856154459,-0.0622395905948348,0.0288227779837108,0.0218369246328226,69182160.0,0.7420410117290354,345.6199951171875,0.0019385841016148,0.009944121218842,neutral,0.0,0
2026-04-13,TSLA,350.07000732421875,356.3500061035156,348.57000732421875,352.4200134277344,53617500,0.009944121218842,0.0267152612606973,-0.0011337052553167,-0.02600661496764,0.0281355018729571,0.0220759278215401,68337340.0,0.78460033709243,348.95001220703125,0.0032096147815091,0.0334260210273571,spike,0.0,0
2026-04-14,TSLA,357.6700134277344,367.6300048828125,354.7699890136719,364.2000122070313,59979600,0.0334260210273571,0.0537585132583084,0.0506274877240806,0.0251069957734255,0.0295951842584605,0.0353103114720113,67539860.0,0.8880622494627617,352.4200134277344,0.0148969973326345,0.0761943961282058,spike,0.0,0
2026-04-15,TSLA,366.8299865722656,394.6499938964844,362.5,391.9500122070313,113810400,0.0761943961282058,0.1232268190163818,0.1418791324312638,0.0543376253047245,0.0354002370133491,0.0820257504661142,71367410.0,1.594711087315625,364.2000122070313,0.0072212363456465,-0.0077816512707132,neutral,0.0,0
2026-04-16,TSLA,393.80999755859375,394.05999755859375,381.7999877929688,388.8999938964844,63515100,-0.0077816512707132,0.1035127946166725,0.1252242329458461,0.0200387765177785,0.0349040062334652,0.0315248391824049,71850540.0,0.8839891808746323,391.9500122070313,0.0047454657319413,0.0301362854323488,spike,0.0,0
2026-04-17,TSLA,395.9200134277344,409.2799987792969,391.6499938964844,400.6199951171875,90640000,0.0301362854323488,0.0999999497239254,0.1480727356430082,0.1110125050218719,0.0294313129001383,0.0440068022008124,72611420.0,1.248288492361119,388.8999938964844,0.0180509633361386,-0.0202685717541688,crash,0.0,0
2026-04-20,TSLA,402.5799865722656,406.7999877929688,388.3299865722656,392.5,64603900,-0.0202685717541688,0.0014032090211497,0.1137278958207752,0.1124652566522903,0.0292766621548642,0.0470573279508361,71302050.0,0.9060595031980146,400.6199951171875,0.004892395484416,-0.0154904116490843,crash,0.0,0
2026-04-21,TSLA,393.0,393.9500122070313,385.2200012207031,386.4200134277344,50530600,-0.0154904116490843,-0.0063769105365687,0.0610104351343954,0.1147267279142834,0.0290660985623732,0.0225920259897739,68903570.0,0.7333524228135059,392.5,0.0012738853503184,0.0028207553957204,neutral,0.0,0
2026-04-22,TSLA,387.5700073242188,393.010009765625,385.2999877929688,387.510009765625,62362800,0.0028207553957204,-0.0327242412045051,-0.011327981383149,0.1289439468772759,0.0283121716675315,0.0198963169424175,67255990.0,0.9272452907168566,386.4200134277344,0.0029760205385932,-0.0355861995752377,crash,0.0,0
2026-04-23,TSLA,375.2799987792969,386.0,368.3900146484375,373.7200012207031,93969500,-0.0355861995752377,-0.0478471306478901,-0.0390331522602743,0.0813031841343203,0.0321784287101328,0.0471207997806967,70436540.0,1.3341015898850228,387.510009765625,-0.0315605034144153,0.0069035282132037,neutral,0.0,0
2026-04-24,TSLA,373.5,382.760009765625,370.7300109863281,376.2999877929688,62893300,0.0069035282132037,-0.0261891860750068,-0.0607059248680403,0.0783779184100181,0.0321774589420385,0.0319691713248619,71592270.0,0.8784928875701246,373.7200012207031,-0.0005886792785628,0.0062982346841571,neutral,0.0,0
2026-04-27,TSLA,372.0899963378906,380.7799987792969,364.0199890136719,378.6700134277344,66735800,0.0062982346841571,-0.0228123044956626,-0.0352356345790206,0.0744849866631729,0.0321740137010837,0.0442601979858737,72904100.0,0.9153915897734146,376.2999877929688,-0.0111878596642273,-0.0069982420579712,neutral,0.0,0
2026-04-28,TSLA,374.6799926757813,382.2900085449219,372.5400085449219,376.0199890136719,50864400,-0.0069982420579712,0.0061543074640268,-0.0269137830667961,0.0324546304515811,0.0310992891540475,0.0259294725941963,71992580.0,0.7065228111008107,378.6700134277344,-0.0105369335053368,-0.0085633777851793,neutral,0.0,0
2026-04-29,TSLA,375.3999938964844,376.3999938964844,370.0400085449219,372.7999877929688,45384800,-0.0085633777851793,-0.0093010898579289,-0.0379603664471871,-0.0488583335059249,0.0178511515589624,0.0170600471025081,65150020.0,0.696619893593279,376.0199890136719,-0.0016488355281691,0.0236856689350197,spike,0.0,0
2026-04-30,TSLA,372.75,384.75,368.1700134277344,381.6300048828125,51076000,0.0236856689350197,0.0078168097555024,0.021165588237912,-0.018693723650731,0.0199299598863688,0.0434451860706205,63906110.0,0.7992350027250915,372.7999877929688,-0.000134087431882,0.0240809221597455,spike,0.0,0
2026-05-01,TSLA,382.489990234375,397.8200073242188,378.7999877929688,390.8200073242188,65338300,0.0240809221597455,0.0393596583771209,0.038586287542583,-0.0244620535979539,0.0189214585946375,0.0486669545437863,61375940.0,1.0645588483044006,381.6300048828125,0.002253453189108,0.0043242475045659,neutral,0.0,0
2026-05-04,TSLA,390.2300109863281,394.6400146484375,384.7999877929688,392.510009765625,48765100,0.0043242475045659,0.0528702323445406,0.0365489630737076,2.5502587579717684e-05,0.0178988008568359,0.0250694927789086,59792060.0,0.8155781888096848,390.8200073242188,-0.001509636985911,-0.0079998333044104,neutral,0.0,0
2026-05-05,TSLA,395.1900024414063,402.1199951171875,389.0,389.3699951171875,47780600,-0.0079998333044104,0.0202813985675778,0.0355034479377909,0.0076341327750737,0.0173189919624175,0.0336954446457509,59517060.0,0.8028051116772233,392.510009765625,0.006827832689876,0.024038873016714,spike,0.0,0
2026-05-06,TSLA,386.25,401.6799926757813,384.0199890136719,398.7300109863281,53465400,0.024038873016714,0.0202395054343962,0.0695547855215041,0.0289540939277652,0.0188159807185179,0.0442906306912397,58627320.0,0.9119536762041996,389.3699951171875,-0.0080129315466346,0.0327539869052935,spike,0.0,0
2026-05-07,TSLA,407.4800109863281,415.8299865722656,402.1199951171875,411.7900085449219,64294200,0.0327539869052935,0.0491197633171427,0.0790294349925935,0.1018677277102335,0.015323273949518,0.0332936476616394,55659790.0,1.1551283251338174,398.7300109863281,0.0219446737363845,0.0402146657640121,spike,0.0,0
2026-05-08,TSLA,416.4800109863281,431.2000122070313,416.3900146484375,428.3500061035156,65050000,0.0402146657640121,0.1001104642760066,0.0960288574688104,0.1383205421180706,0.0179982487256098,0.034574523981715,55875460.0,1.164196232120505,411.7900085449219,0.011389306063978,0.0388700680733986,spike,0.0,0
2026-05-11,TSLA,422.1600036621094,449.1600036621094,416.7999877929688,445.0,78376100,0.0388700680733986,0.1160434071647003,0.1337290487590818,0.1751656698977672,0.0194985245386207,0.0727191367845855,57039490.0,1.374067334753519,428.3500061035156,-0.0144508050734341,-0.0259550287482442,crash,0.0,0
2026-05-12,TSLA,441.4100036621094,447.7999877929688,422.260009765625,433.4500122070313,60569300,-0.0259550287482442,0.0525996338246428,0.1132085616319182,0.1527313038437201,0.022690697773333,0.0589225454102536,58009980.0,1.0441186154520308,445.0,-0.0080674075008778,0.0272695269898732,spike,0.0,0
2026-05-13,TSLA,436.6700134277344,453.3999938964844,430.2099914550781,445.2699890136719,68283200,0.0272695269898732,0.0395003680846623,0.116720529543836,0.1943937864637179,0.0214303141109389,0.0520807667563111,60299820.0,1.132394756733934,433.4500122070313,0.0074287717845652,-0.0044242847470292,neutral,0.0,0
2026-05-14,TSLA,446.489990234375,451.9800109863281,441.1600036621094,443.2999877929688,46070400,-0.0044242847470292,-0.0038202521506318,0.076519533243142,0.1615962637138381,0.0224401514966413,0.024407867408451,59799260.0,0.7704175603510812,445.2699890136719,0.0027399134251234,-0.04750732717915,crash,0.0,0
2026-05-15,TSLA,433.9800109863281,434.6600036621094,422.0,422.239990234375,52688700,-0.04750732717915,-0.0258623178150978,-0.0142640732627048,0.0803950215478364,0.0296079767995108,0.0299829574528981,58534300.0,0.9001337677225149,443.2999877929688,-0.021024085412322,-0.0290119370105146,crash,0.0,0
2026-05-18,TSLA,419.2699890136719,421.1300048828125,405.3299865722656,409.989990234375,52474200,-0.0290119370105146,-0.0792328242409654,-0.0786741792485955,0.0445338463576703,0.0318773686389671,0.0385375708843882,58905210.0,0.8908244279241174,422.239990234375,-0.0070339174151992,-0.0143418254661562,neutral,0.0,0
2026-05-19,TSLA,403.1600036621094,405.6300048828125,393.6300048828125,404.1099853515625,46500600,-0.0143418254661562,-0.0884051511855871,-0.0676895282712668,0.0378559992275182,0.0322220883664696,0.0296948861324483,58777210.0,0.7911331619857425,409.989990234375,-0.0166589105464774,0.0325407064678751,spike,0.0,0
2026-05-20,TSLA,407.6000061035156,417.4599914550781,406.3900146484375,417.260009765625,45294700,0.0325407064678751,-0.0117941942590178,-0.0629056076967874,0.0464725460054027,0.0329088168967254,0.0265301647595192,57960140.0,0.7814801689574938,404.1099853515625,0.0086363140690941,0.0014139776735901,neutral,0.0,0
2026-05-21,TSLA,422.1799926757813,426.9500122070313,412.8999938964844,417.8500061035156,42636900,0.0014139776735901,0.0191712384603521,-0.0574102918796806,0.0147162326254757,0.031435699829146,0.0336245497315279,55794410.0,0.764178705357759,417.260009765625,0.011791168084667,0.0195285474283033,spike,0.0,0
2026-05-22,TSLA,422.6700134277344,431.510009765625,420.510009765625,426.010009765625,46104700,0.0195285474283033,0.0541932276061185,0.0089286178913496,-0.005462813831092,0.029238621926045,0.0258209895256963,53899880.0,0.8553766724527031,417.8500061035156,0.0115352572784806,0.0177929776261263,spike,0.0,0
2026-05-26,TSLA,430.260009765625,435.2000122070313,426.1199951171875,433.5899963378906,45658900,0.0177929776261263,0.0391362368549006,0.0575623958283089,-0.0256404576676615,0.0267675961534203,0.0209414819680661,50628160.0,0.9018479044073496,426.010009765625,0.0099762914076554,0.01561380352603,spike,0.0,0
2026-05-27,TSLA,442.8900146484375,445.6000061035156,435.5199890136719,440.3599853515625,44656500,0.01561380352603,0.0538709558914554,0.0897033018584376,0.0159417993999979,0.025894114640153,0.0228904020009818,49036880.0,0.9106717229970586,433.5899963378906,0.0214488765633317,0.0039513598188627,neutral,0.0,0
2026-05-28,TSLA,437.6199951171875,443.9599914550781,436.2999877929688,442.1000061035156,32435000,0.0039513598188627,0.0377690569917423,0.0595312173621509,-0.0071192377397321,0.0243588478004722,0.0173264047870557,45452060.0,0.7136090201412213,440.3599853515625,-0.0062221598817329,-0.0142727832424329,neutral,0.0,0
2026-05-29,TSLA,439.8500061035156,441.0700073242188,428.1400146484375,435.7900085449219,45176800,-0.0142727832424329,0.0050739459526571,0.0429340724646583,-0.0169410770468017,0.0247338423129794,0.0296702366328999,45362700.0,0.9959019194183768,442.1000061035156,-0.0050893462314795,-0.0456871503974763,crash,0.0,0
2026-06-01,TSLA,427.489990234375,429.6000061035156,415.4299926757813,415.8800048828125,44937900,-0.0456871503974763,-0.0555908376852323,-0.023778795452214,-0.0150624893393735,0.0243609611352848,0.0340723604437947,44587620.0,1.0078559923135617,435.7900085449219,-0.0190459123610019,0.0188996471561004,spike,0.0,0
2026-06-02,TSLA,418.2200012207031,424.4200134277344,413.6499938964844,423.739990234375,37596000,0.0188996471561004,-0.0415291011437845,-0.0227173278597498,0.0335374041501346,0.022965127637965,0.0254165756819246,43099800.0,0.8723010315593112,415.8800048828125,0.0056266141925962,-9.434565598021027e-05,neutral,0.0,0
2026-06-03,TSLA,418.7000122070313,433.6000061035156,416.0,423.7000122070313,44500700,-9.434565598021027e-05,-0.0277427111701307,-0.0378326226240348,0.0484769680670624,0.0221600532294992,0.041538837848595,42899810.0,1.0373169484899816,423.739990234375,-0.0118940344161428,-0.0123908422203082,neutral,0.0,0
2026-06-04,TSLA,419.8399963378906,426.3500061035156,417.1600036621094,418.4500122070313,35323300,-0.0123908422203082,0.006179684750516,-0.0534946699162605,0.002851944623389,0.0204365224755783,0.0219620078224766,41902670.0,0.8429844685314802,423.7000122070313,-0.0091102566861729,-0.0655992625313873,crash,0.0,0
2026-06-05,TSLA,420.5,424.6799926757813,388.5899963378906,391.0,63420200,-0.0655992625313873,-0.0772643389552781,-0.1027788789707987,-0.064257522343709,0.0292019437984512,0.0923017809153214,43981000.0,1.441990859689411,418.4500122070313,0.0048990028274976,0.0459079596087756,spike,0.0,0
2026-06-08,TSLA,396.3299865722656,412.9400024414063,394.7200012207031,408.9500122070313,50328800,0.0459079596087756,-0.0348123662380088,-0.016663442806619,-0.0400460016608048,0.0327614900812579,0.044553125508844,44403410.0,1.133444480953152,391.0,0.0136316792129555,-0.0300037147939692,crash,0.0,0
2026-06-09,TSLA,411.0299987792969,418.5,384.239990234375,396.6799926757813,59940200,-0.0300037147939692,-0.0520253767383788,-0.0638599098084334,-0.0851265111599711,0.0327821793226046,0.0863668710249945,45831540.0,1.3078373539270118,408.9500122070313,0.0050861633700418,-0.0380407295969277,crash,0.0,0
2026-06-10,TSLA,391.5400085449219,397.0899963378906,380.1499938964844,381.5899963378906,49695600,-0.0380407295969277,-0.0240665055296914,-0.0993863928627044,-0.1334589675916005,0.0328118453307892,0.044393203710734,46335450.0,1.0725179101530251,396.6799926757813,-0.01295750787981,0.0460179714539599,spike,0.0,0
2026-06-11,TSLA,388.2799987792969,399.5400085449219,380.6600036621094,399.1499938964844,45324300,0.0460179714539599,-0.0239638538159173,-0.0461226377046873,-0.0971499923412684,0.0376681940839089,0.0473005265476938,47624380.0,0.9517037282165144,381.5899963378906,0.0175319125386148,0.0182387545800262,spike,0.0,0
2026-06-12,TSLA,399.489990234375,406.6799926757813,386.760009765625,406.4299926757813,63514500,0.0182387545800262,0.0245790062015276,0.0394628968690058,-0.0673719344029295,0.0386044130758754,0.0490120888446511,49458150.0,1.284206950725007,399.1499938964844,0.0008518009347102,0.0116133191589242,neutral,0.0,0
2026-06-15,TSLA,412.3699951171875,416.0,407.1000061035156,411.1499938964844,45620500,0.0116133191589242,0.0774653367286362,0.0053795858265908,-0.0113734994007729,0.0362875338050408,0.0216465864735611,49526410.0,0.921134804642614,406.4299926757813,0.0146150691347837,-0.0157849697937949,crash,0.0,0
2026-06-16,TSLA,404.1099853515625,412.4200134277344,400.5400085449219,404.6600036621094,40255500,-0.0157849697937949,0.0138043588873359,0.0201169989252529,-0.0450275806201635,0.0358777515032659,0.0293579913391497,49792360.0,0.8084674034329765,411.1499938964844,-0.0171227256461892,-0.020461618900717,crash,0.0,0
2026-06-17,TSLA,401.5299987792969,405.9400024414063,393.760009765625,396.3800048828125,43534300,-0.020461618900717,-0.0247274757623163,0.0387589000939783,-0.0644796000403925,0.0362071390086262,0.0307280703510315,49695720.0,0.8760170896004726,404.6600036621094,-0.0077349005448684,0.0103688009004834,neutral,0.0,0
2026-06-18,TSLA,398.1000061035156,402.5199890136719,384.7000122070313,400.489990234375,58384700,0.0103688009004834,-0.0259272864413401,0.0033571247861228,-0.0429203523688044,0.0364786042397332,0.0444954361935786,52001860.0,1.1227425326709468,396.3800048828125,0.0043392734232687,0.0113860462677861,neutral,0.0,0
2026-06-22,TSLA,394.8500061035156,414.75,394.3999938964844,405.0499877929688,47819500,0.0113860462677861,0.000963732830846,-0.0033954307203734,0.0359334726162885,0.0294222912066096,0.0502407276059887,50441790.0,0.9480135419460728,400.489990234375,-0.0140827093520083,-0.0578694066110849,crash,0.0,0
2026-06-23,TSLA,392.6099853515625,392.8699951171875,379.05999755859375,381.6099853515625,50420200,-0.0578694066110849,-0.0372622719342684,-0.0718472795413909,-0.0668542023215,0.0312158734418651,0.0361887741115346,50450930.0,0.9993908932897768,405.0499877929688,-0.0307122646989553,-0.0159324619523894,crash,0.0,0
2026-06-24,TSLA,380.0799865722656,384.5799865722656,373.0499877929688,375.5299987792969,37081400,-0.0159324619523894,-0.0623236337079761,-0.07198637033359,-0.0533175211429707,0.030341237834899,0.0307032695570963,48165050.0,0.7698818956899245,381.6099853515625,-0.004009325851071,-0.0010918000251435,neutral,0.0,0
2026-06-25,TSLA,375.2699890136719,379.1199951171875,371.2200012207031,375.1199951171875,30138800,-0.0010918000251435,-0.0738920962295628,-0.0536354243496979,-0.0169553743095877,0.0280392766830767,0.0210599114931647,46209370.0,0.6522226985565914,375.5299987792969,-0.0006923808123723,0.0122360748497469,neutral,0.0,0
2026-06-26,TSLA,370.1499938964844,387.7999877929688,368.6000061035156,379.7099914550781,53434100,0.0122360748497469,-0.0049788893619594,-0.0518864373292725,-0.0487035017879715,0.0233391435082596,0.0505648577112163,47020350.0,1.1364037060549317,375.1199951171875,-0.0132490970499999,0.0846172226326935,spike,0.0,0
2026-06-29,TSLA,381.7900085449219,413.2699890136719,379.2999877929688,411.8399963378906,57645800,0.0846172226326935,0.0966900052635568,0.0167633841490013,0.0133110345191109,0.0363885766954248,0.0824834924309601,46433480.0,1.2414705940627324,379.7099914550781,0.0054779098171026,0.0212704201717162,spike,0.0,0
2026-06-30,TSLA,406.0,424.5400085449219,406.0,420.6000061035156,43385600,0.0212704201717162,0.1212412336807591,0.1021724332397464,0.0229843423259552,0.036800571296731,0.0440799055536839,46209990.0,0.9388792336895118,411.8399963378906,-0.0141802554142877,0.0111744689045403,neutral,0.0,0
2026-07-01,TSLA,421.4599914550781,432.8599853515625,418.0899963378906,425.2999877929688,40127900,0.0111744689045403,0.1200653060594647,0.1325326583108006,0.0510057429547541,0.0362653906825574,0.0347284021575418,46197230.0,0.8686213437472333,420.6000061035156,0.0020446631932545,-0.0748882588763245,crash,0.0,0
2026-07-02,TSLA,428.010009765625,432.3500061035156,389.2999877929688,393.4500122070313,73717700,-0.0748882588763245,-0.0446532252680271,0.0488644095981007,-0.0073918780959888,0.0438890556393152,0.1094167415806156,49215570.0,1.497853220027727,425.2999877929688,0.0063720245719249,0.0668953513535313,spike,0.0,0
2026-07-06,TSLA,397.5,420.0,390.5,419.7699890136719,54727900,0.0668953513535313,-0.0019734119776485,0.1055015629298579,0.0481410253674849,0.0487280702854962,0.0702765818712189,48849890.0,1.1203280089269392,393.4500122070313,0.0102935256508204,-0.0401886641701726,crash,0.0,0
2026-07-07,TSLA,416.9599914550781,419.55999755859375,401.8800048828125,402.8999938964844,38149900,-0.0401886641701726,-0.0526686916045445,-0.0217074653285289,-0.0053079717597309,0.0507559461081968,0.0438818390260976,47882930.0,0.7967327813899442,419.7699890136719,-0.006694136389303,-0.0219409195130487,crash,0.0,0
2026-07-08,TSLA,399.3800048828125,399.6300048828125,390.510009765625,394.05999755859375,33844900,-0.0219409195130487,0.0015503503180511,-0.0631003522581737,0.0326249644530698,0.0473101216420633,0.0231436714553382,46225400.0,0.7321710574705681,402.8999938964844,-0.0087366320848747,0.0316956562750774,spike,0.0,0
2026-07-09,TSLA,393.989990234375,407.8599853515625,390.8599853515625,406.5499877929688,37835000,0.0316956562750774,-0.0314934406143848,-0.0440865284226795,0.0826032250805686,0.0474536467582211,0.0418152761294807,46300760.0,0.8171572129701543,394.05999755859375,-0.0001776565108168,0.0029763178181974,neutral,0.0,0
2026-07-10,TSLA,410.489990234375,413.1600036621094,402.80999755859375,407.760009765625,33410000,0.0029763178181974,0.0120625861076317,0.0363705607183051,0.0870121962926575,0.047375101335452,0.0253825923475543,46627880.0,0.7165241053206793,406.5499877929688,0.0096913111787192,-0.0318814981573897,crash,0.0,0
2026-07-13,TSLA,404.6099853515625,405.5700073242188,391.3699951171875,394.760009765625,32809200,-0.0318814981573897,0.0017764102201902,-0.0595801984482323,0.0396355604256659,0.0491027728259736,0.0359712530543863,44565390.0,0.7362035875822023,407.760009765625,-0.0077251921194358,0.0035970789214423,neutral,0.0,0
2026-07-14,TSLA,399.0499877929688,402.2200012207031,394.760009765625,396.1799926757813,23385000,0.0035970789214423,-0.0255073064286213,-0.0166790799764311,-0.0380244847546599,0.0404172774480847,0.0188298036069254,41139310.0,0.5684344243984646,394.760009765625,0.0108673065184359,-0.0043414641135368,neutral,0.0,0
2026-07-15,TSLA,399.3999938964844,406.5899963378906,390.6600036621094,394.4599914550781,31549800,-0.0043414641135368,-0.03261726994315,0.0010150583641135,-0.0621493444343984,0.0395004192770131,0.0403843051788824,39955730.0,0.7896189107294498,396.1799926757813,0.0081276219905889,-0.0086193631043354,neutral,0.0,0
2026-07-16,TSLA,392.3500061035156,395.30999755859375,385.3200073242188,391.05999755859375,29269100,-0.0086193631043354,-0.0093728141541692,-0.0381010716996089,-0.0805078561418691,0.039054849946593,0.0255459272151151,38869850.0,0.7530026485823845,394.4599914550781,-0.0053490478052773,-0.0261341003541837,crash,0.0,0
2026-07-17,TSLA,381.7799987792969,385.6900024414063,377.2200012207031,380.8399963378906,31394600,-0.0261341003541837,-0.0387197653124405,-0.0660192583456323,-0.0320498550715646,0.0321669642622039,0.0222403143108645,34637540.0,0.9063749908336448,391.05999755859375,-0.0237303708823002,-0.0295924512184713,crash,0.0,0
2026-07-20,TSLA,386.0499877929688,386.6099853515625,369.4299926757813,369.5700073242188,33901500,-0.0295924512184713,-0.0630988811794207,-0.0638109276984816,-0.1195892584112726,0.0217126512693172,0.0464864364945865,32554900.0,1.0413639728581563,380.8399963378906,0.0136802633787858,0.0253266909274678,spike,0.0,0
2026-07-21,TSLA,371.1700134277344,384.0700073242188,369.9800109863281,378.9299926757813,32735300,0.0253266909274678,-0.0310182707475595,-0.0435408155861034,-0.0594936748171348,0.0222871332122824,0.0371836397493779,32013440.0,1.0225486545650826,369.5700073242188,0.0043293721671301,-0.0129838835807487,neutral,0.0,0
2026-07-22,TSLA,375.5299987792969,380.1700134277344,372.8999938964844,374.010009765625,30646100,-0.0129838835807487,-0.0179340054562071,-0.0518429806126029,-0.0508805458995809,0.0217438120264004,0.0194380346552911,31693560.0,0.9669503836110552,378.9299926757813,-0.008972617534114,-0.1452367741661744,crash,0.0,0
2026-07-23,TSLA,341.0,342.1099853515625,315.739990234375,319.69000244140625,115606400,-0.1452367741661744,-0.1349676756616602,-0.1825039522394358,-0.2136514277693081,0.0464828934242487,0.082486142562499,39470700.0,2.928916892783761,374.010009765625,-0.0882596960073631,-0.0208326929564525,crash,0.0,0
2026-07-24,TSLA,320.7200012207031,322.9599914550781,306.510009765625,313.0299987792969,62760000,-0.0208326929564525,-0.1739107359413207,-0.1780537711654398,-0.2323180515930869,0.0456240525024042,0.0525508154285597,42405700.0,1.4799897183633333,319.69000244140625,0.003221867344712,-0.0121713496260784,neutral,0.0,0
2026-07-27,TSLA,313.239990234375,317.0,304.2799987792969,309.2200012207031,44919400,-0.0121713496260784,-0.1732306806053741,-0.1632979000121388,-0.2166886372196319,0.0457227284838834,0.0411357647321925,43616720.0,1.0298665282488,313.0299987792969,0.0006708349228413,-0.0057564154073798,neutral,0.0,0
2026-07-28,TSLA,305.92999267578125,311.1600036621094,300.69000244140625,307.44000244140625,39802400,-0.0057564154073798,-0.038318370629201,-0.1886627915873184,-0.223989075356959,0.0452087136240833,0.0340554291489721,45258460.0,0.8794466272162155,309.2200012207031,-0.0106397016102902,-0.0296643086285612,crash,0.0,0
2026-07-29,TSLA,307.1400146484375,309.0599975585937,297.3800048828125,298.32000732421875,39478000,-0.0296643086285612,-0.0469922739432059,-0.202374269311235,-0.2437255646034459,0.0446893234995457,0.0391525623123466,46051280.0,0.8572617308357119,307.44000244140625,-0.0009757604429694,0.0352976619762974,spike,0.0,0
2026-07-30,TSLA,302.70001220703125,310.8699951171875,301.3299865722656,308.8500061035156,38005400,0.0352976619762974,-0.001196543288684,-0.0339078365138346,-0.210223474577607,0.0486328900230638,0.0308888080181044,46924910.0,0.8099195075707124,298.32000732421875,0.0146822364416619,0.0076412022176599,neutral,0.0,0
2026-07-31,TSLA,309.69000244140625,315.5,301.9700012207031,311.2099914550781,36630600,0.0076412022176599,0.0122625194630954,-0.0058141626403734,-0.1828327002215256,0.0494926034923957,0.0434754639979156,47448510.0,0.7720073823182224,308.8500061035156,0.0027197549661342,0.0349281688109186,spike,0.0,0
2026-08-03,TSLA,310.9599914550781,324.6499938964844,310.42999267578125,322.0799865722656,38281400,0.0349281688109186,0.0796459461809551,0.0415884654963951,-0.1285007435960322,0.0520675321134733,0.0441505272402653,47886500.0,0.7994194605995427,311.2099914550781,-0.0008033161108713,0.0163624557593167,spike,0.0,0
2026-08-04,TSLA,324.0,329.57000732421875,320.7900085449219,327.3500061035156,33318300,0.0163624557593167,0.0598996264672226,0.0647606150923836,-0.1361200949231759,0.051420028547569,0.0268214407074745,47944800.0,0.6949304199829804,322.0799865722656,0.0059612938021021,-0.0177180944017235,crash,0.0,0
2026-08-05,TSLA,323.4200134277344,327.1400146484375,320.2799987792969,321.54998779296875,27820800,-0.0177180944017235,0.0332251425783132,0.0778693346018302,-0.1402636844012024,0.0514391824203182,0.0213342128115939,47662270.0,0.5837069866794007,327.3500061035156,-0.0120054761035761,-0.0062820372892454,neutral,0.0,0
2026-08-06,TSLA,317.04998779296875,323.0,315.5199890136719,319.5299987792969,26033800,-0.0062820372892454,-0.0079172500598593,0.0345798687541605,-0.00050049629606,0.0227066789651455,0.023409417002798,38705010.0,0.672620934602523,321.54998779296875,-0.0139947136396638,0.0283228110898585,spike,0.0,0
2026-08-07,TSLA,322.3399963378906,333.7300109863281,321.25,328.5799865722656,39492300,0.0283228110898585,0.0037573864237565,0.0558143876935737,0.0496757111254768,0.0229713650016828,0.0379816528587731,36378240.0,1.0856022721275136,319.5299987792969,0.0087941588249266,0.006999873408422,neutral,0.0,0
2026-08-10,TSLA,326.6000061035156,332.04998779296875,326.1499938964844,330.8800048828125,25003800,0.006999873408422,0.0290157594278961,0.0273224623616046,0.070047227141202,0.0221556662419116,0.0178312192015772,34386680.0,0.7271362050654497,328.5799865722656,-0.0060258705632229,0.0058329081458541,neutral,0.0,0
2026-08-11,TSLA,332.79998779296875,336.20001220703125,329.5299987792969,332.8099975585937,23345200,0.0058329081458541,0.0415610391200529,0.0166793687285025,0.0825201499990966,0.0217121631826585,0.0200415055937737,32740960.0,0.713027351672034,330.8800048828125,0.0058026561950645,-0.01592496569168,crash,0.0,0
2026-08-12,TSLA,335.0,335.5,323.6400146484375,327.510009765625,28698900,-0.01592496569168,-0.0032563663350363,0.0185352890652064,0.0978479542931967,0.0193590663786657,0.0362125889222434,31663050.0,0.9063845712905104,332.8099975585937,0.0065803385038658,0.0380140493976433,spike,0.0,0
2026-08-13,TSLA,327.20001220703125,341.6400146484375,325.239990234375,339.9599914550781,34708300,0.0380140493976433,0.0274419319338485,0.063937635758239,0.1007284595653708,0.0197751385275768,0.0482410425528839,31333340.0,1.1077114664443688,327.510009765625,-0.0009465285009627,0.0067949100384037,neutral,0.0,0
2026-08-14,TSLA,342.3299865722656,351.260009765625,335.3299865722656,342.2699890136719,45437100,0.0067949100384037,0.0284246011973023,0.0416641396337611,0.0998039857697727,0.0197872948102954,0.0465422727808106,32213990.0,1.410477249170314,339.9599914550781,0.0069713942133119,-0.0086773638239854,neutral,0.0,0
2026-08-17,TSLA,340.69000244140625,345.45001220703125,337.4800109863281,339.29998779296875,26037100,-0.0086773638239854,0.035998832633485,0.0254472400444334,0.053464983664359,0.0183721852918179,0.0234895417254367,30989560.0,0.8401894057224433,342.2699890136719,-0.0046161995587714,-0.0071617823849259,neutral,0.0,0
2026-08-18,TSLA,333.2200012207031,340.5299987792969,331.1199951171875,336.8699951171875,27994500,-0.0071617823849259,-0.0090892940803563,0.0121991454234453,0.0290819881966382,0.0183146047606073,0.0279336355226172,30457180.0,0.9191428753417092,339.29998779296875,-0.0179192065753195,0.0423011850463048,spike,0.0,0
2026-08-19,TSLA,338.8900146484375,351.6199951171875,335.70001220703125,351.1199951171875,36735400,0.0423011850463048,0.0258567983977178,0.0720893549740919,0.0919608410722674,0.02047092945147,0.0453405762461431,31348640.0,1.1718339296377769,336.8699951171875,0.005996436490425,-0.0170596671157272,crash,0.0,0
2026-08-20,TSLA,346.20001220703125,347.5,338.9599914550781,345.1300048828125,30766400,-0.0170596671157272,0.0171824854099347,0.0152077113709938,0.0801176922395878,0.0216177749830695,0.0247443236580418,31821900.0,0.966831018889507,351.1199951171875,-0.0140122550084742,0.0513718894848627,spike,0.0,0
2026-08-21,TSLA,349.8800048828125,366.5,346.8999938964844,362.8599853515625,59224000,0.0513718894848627,0.0771513955267337,0.0601571770789057,0.1043277137384555,0.0249966761626601,0.0540153417151407,33795070.0,1.7524449572082554,345.1300048828125,0.013762929715754,-0.038334271361044,crash,0.0,0
2026-08-24,TSLA,361.4100036621094,363.239990234375,348.260009765625,348.95001220703125,39190500,-0.038334271361044,-0.0061801746990569,0.0284409807286838,0.0546119652368193,0.0293783229511111,0.0429287288858508,35213740.0,1.112932054362871,362.8599853515625,-0.0039959812268864,0.0037254269880853,neutral,0.0,0
2026-08-25,TSLA,349.5799865722656,357.0,349.20001220703125,350.25,29816700,0.0037254269880853,0.0148349753563905,0.0397186008749694,0.0524022792865044,0.0293849469974273,0.0222697724281763,35860890.0,0.8314545456066483,348.95001220703125,0.0018053427230161,-0.0126480875825303,neutral,0.0,0
2026-08-26,TSLA,345.2699890136719,351.92999267578125,342.5299987792969,345.82000732421875,28573000,-0.0126480875825303,-0.046960201497099,-0.015094520012168,0.0559066807506032,0.029136639291612,0.0271817526383646,35848300.0,0.7970531378056979,350.25,-0.0142184467846627,0.0259961541957476,spike,0.0,0
2026-08-27,TSLA,346.1600036621094,355.739990234375,345.45001220703125,354.8099975585937,30136200,0.0259961541957476,0.0167931942873402,0.0280473808096402,0.0436816286526993,0.0278826403355429,0.0290013756606293,35391090.0,0.8515194078509591,345.82000732421875,0.0009831598250238,-0.0170795569467935,crash,0.0,0
2026-08-28,TSLA,357.1000061035156,358.79998779296875,345.20001220703125,348.75,32972200,-0.0170795569467935,-0.0042826552462527,-0.0388854817868435,0.0189324544784126,0.0286872673589157,0.038996345766129,34144600.0,0.965663677418977,354.8099975585937,0.0064541826912409,0.0550537984431005,spike,0.0,0
2026-08-31,TSLA,347.2099914550781,368.9200134277344,347.1499938964844,367.9500122070313,61732300,0.0550537984431005,0.0639928414033745,0.0544490595653781,0.0844386249478559,0.0327789629528414,0.059165698624847,37714120.0,1.6368484800918064,348.75,-0.004415795110887,-0.0322326823635692,crash,0.0,0
2026-09-01,TSLA,360.8999938964844,362.7000122070313,352.9599914550781,356.0899963378906,36193900,-0.0322326823635692,0.0036075611964274,0.016673793969709,0.057054654612433,0.0350031596314257,0.0273526941282308,38534060.0,0.9392703493999852,367.9500122070313,-0.0191602611133497,0.0025836542368389,neutral,0.0,0
2026-09-02,TSLA,360.4100036621094,360.6199951171875,349.9200134277344,357.010009765625,33951900,0.0025836542368389,0.0236846158154122,0.0323578804129607,0.0167749337273477,0.0326119090556369,0.0299710971590897,38255710.0,0.8874988857872459,356.0899963378906,0.012131785134788,0.0542281303660707,spike,0.0,0
2026-09-03,TSLA,365.8200073242188,384.0400085449219,365.8200073242188,376.3699951171875,63601000,0.0542281303660707,0.0228834967544955,0.0607649099713809,0.0905165873508517,0.0356035475935712,0.0484098133673754,41539170.0,1.5311090712693585,357.010009765625,0.024677172397428,-0.0592236597871772,crash,0.0,0
2026-09-04,TSLA,362.0700073242188,364.6900024414063,351.32000732421875,354.0799865722656,65018200,-0.0592236597871772,-0.0056446678825476,0.0152831156193995,-0.0241966574815083,0.0381566973568334,0.0377598159292146,42118590.0,1.543693651663078,376.3699951171875,-0.037994494721919,0.039765074626634,spike,0.0,0
2026-09-08,TSLA,357.1000061035156,370.0,355.75,368.1600036621094,51078800,0.039765074626634,0.0312316002114458,0.0005707064767261,0.05505084047305,0.037837778495747,0.0387059970074272,43307420.0,1.179446847676449,354.0799865722656,0.008529201439725,-0.0009506901891408,neutral,0.0,0
2026-09-09,TSLA,368.25,375.4400024414063,366.0,367.80999755859375,32564300,-0.0009506901891408,-0.0227435706077698,0.0329130313719403,0.0501356104456638,0.0378980892091624,0.0256654318916452,43582180.0,0.747193004113149,368.1600036621094,0.0002444489814086,-0.011554878954379,neutral,0.0,0
2026-09-10,TSLA,360.6000061035156,369.2099914550781,357.67999267578125,363.55999755859375,29667200,-0.011554878954379,0.0267736425266535,0.0183467903246432,0.0512983339848902,0.0378412990040718,0.0317141568289251,43691600.0,0.6790138150124967,367.80999755859375,-0.0196024890648317,0.0051710993933251,neutral,0.0,0
2026-09-11,TSLA,364.2000122070313,368.6600036621094,361.6000061035156,365.4400024414063,30153000,0.0051710993933251,-0.0073880953760513,-0.0290405526943718,0.0299597107070161,0.0371646871138972,0.019319170072865,43693280.0,0.6901061215820831,363.55999755859375,0.0017604099811184,-0.0177046879856579,crash,0.0,0
2026-09-14,TSLA,359.7799987792969,367.7300109863281,357.0400085449219,358.9700012207031,32477200,-0.0177046879856579,-0.0240341382685835,0.0138104802131748,0.0293046629984319,0.0372037965805384,0.0297796540241639,43643780.0,0.7441426934147317,365.4400024414063,-0.0154881885515993,-0.0066579787734631,neutral,0.0,0
2026-09-15,TSLA,358.75,362.3900146484375,354.04998779296875,356.5799865722656,30317700,-0.0066579787734631,-0.0191990621443526,-0.0314537618824876,-0.030901006271385,0.0325291775686223,0.0233889370394559,40502320.0,0.7485423057247091,358.9700012207031,-0.0006128679832715,0.0042066298067349,neutral,0.0,0
2026-09-16,TSLA,357.92999267578125,365.1000061035156,354.8900146484375,358.0799865722656,32177400,0.0042066298067349,-0.0201401483690083,-0.0264539056874822,0.0055884474566556,0.0308454586263455,0.0285131586180329,40100670.0,0.8024155207381822,356.5799865722656,0.0037859839428818,0.0226765693120549,spike,0.0,0
2026-09-17,TSLA,367.4800109863281,374.1199951171875,363.2200012207031,366.2000122070313,38924100,0.0226765693120549,0.0201409893911526,0.0072615652606611,0.0257415820005704,0.0316061277712382,0.0297651379932834,40597890.0,0.9587715026569116,358.0799865722656,0.0262511862336808,-0.0052704072338159,neutral,0.0,0
2026-09-18,TSLA,369.0,370.8999938964844,360.75,364.2699890136719,51922300,-0.0052704072338159,0.0215659956559222,-0.0032016566876036,-0.0321492315022299,0.0259915974832175,0.027863931157127,39430020.0,1.3168215486575965,366.2000122070313,0.0076460614408328,0.0302797351194443,spike,0.0,0
2026-09-21,TSLA,371.6400146484375,378.3599853515625,371.0700073242188,375.2999877929688,36599600,0.0302797351194443,0.0480898175447956,0.045491229118685,0.0599299650514766,0.0189069107593221,0.0194244025165413,36588160.0,1.000312669453725,364.2699890136719,0.020232316295727,0.0095923427141209,neutral,0.25,4
2026-09-22,TSLA,379.0700073242188,380.4200134277344,372.8800048828125,378.8999938964844,28229900,0.0095923427141209,0.0346804513001302,0.062594672064399,0.0291720722716852,0.0149026029852328,0.0198997325584064,34303270.0,0.8229506982861984,375.2999877929688,0.0100453494640924,0.0032198501988798,neutral,-0.2,5
2026-09-23,TSLA,380.1000061035156,386.7000122070313,377.5799865722656,380.1199951171875,33522500,0.0032198501988798,0.0435116989638164,0.06155051768154,0.0334683604042946,0.0148386367878312,0.0239924911920354,34399090.0,0.9745170584454416,378.8999938964844,0.0031670948175288,-0.005735011848322,neutral,0.14285714285714285,21
