Date,Ticker,Open,High,Low,Close,Volume
2024-09-25,AAPL,223.06400902085235,225.40443143928672,222.16156973744518,224.4920654296875,42308700
2024-09-26,AAPL,225.41436171300208,226.60440369502516,223.54004142995942,225.63253784179688,36636700
2024-09-27,AAPL,226.56473891662026,227.61594290444046,225.41435845997736,225.90028381347656,34026000
2024-09-30,AAPL,228.13162655878588,231.06707763671875,227.74486252768645,231.06707763671875,54541900
2024-10-01,AAPL,227.61592740519507,227.74483864724098,221.88387896470798,224.33338928222656,63285000
2024-10-02,AAPL,224.016035092931,225.483752901305,221.1698492120793,224.89865112304688,32880600
2024-10-03,AAPL,223.27228007150777,224.928424248049,221.46738631978812,223.79788208007812,34044200
2024-10-04,AAPL,226.00938361911108,226.10856009308668,222.27066963907552,224.91851806640625,37245100
2024-10-07,AAPL,222.63760820325265,223.81773870352313,219.4939074890314,219.85092163085938,39505400
2024-10-08,AAPL,222.43925780658088,224.10531361949606,221.3979653574062,223.89706420898438,31855700
2024-10-09,AAPL,223.36153007501719,227.84403724277382,222.96485445261254,227.63577270507812,33591100
2024-10-10,AAPL,225.8903660776275,227.59609839600836,225.2854259515482,227.13990783691406,28183500
2024-10-11,AAPL,227.39779019694814,227.5068782710055,225.45404318616428,225.6623077392578,31759200
2024-10-14,AAPL,226.80272780199272,229.80759005626183,226.703566469934,229.38116455078125,39882100
2024-10-15,AAPL,231.67201972311165,235.51983687729248,230.44230106244424,231.9100341796875,64751400
2024-10-16,AAPL,229.67870875165642,230.19438406287304,227.9332995992129,229.85720825195312,34082200
2024-10-17,AAPL,231.49351658619665,231.91004568892726,228.6076687095473,230.22413635253906,32993800
2024-10-18,AAPL,234.2206797118992,234.2206797118992,232.0686835146529,233.05047607421875,46431500
2024-10-21,AAPL,232.5050454306036,234.88514457730523,232.5050454306036,234.51820373535156,36254500
2024-10-22,AAPL,231.94970749678197,234.2603802258017,230.67041566655348,233.9033660888672,38846600
2024-10-23,AAPL,232.13812257917175,233.18932661738793,225.87054472777703,228.8456573486328,52287000
2024-10-24,AAPL,228.0721096303277,228.9051525928802,226.5151420282862,228.6572265625,31109500
2024-10-25,AAPL,227.83412074973037,231.28524701350278,227.665532857223,229.49026489257812,38802300
2024-10-28,AAPL,231.38442210065006,232.78271346714027,230.62080565968694,231.4637451171875,36087100
2024-10-29,AAPL,231.1662580738538,232.38605001867157,230.3927299983884,231.7315216064453,35417200
2024-10-30,AAPL,230.68033441798144,231.53320070866118,227.64572172599728,228.191162109375,47070900
2024-10-31,AAPL,227.43744214117888,227.92338265648337,223.50037517792762,224.03590393066406,64370100
2024-11-01,AAPL,219.13688241025088,223.4805517303345,218.44269248362247,221.060791015625,65276700
2024-11-04,AAPL,219.15670083339904,220.94175615916865,217.88732075932978,220.16822814941406,44944500
2024-11-05,AAPL,219.9599923572388,222.09215031274817,219.3054639601429,221.59629821777344,28111300
2024-11-06,AAPL,220.76328741365683,224.19459083458287,219.35506917081855,220.87237548828125,54561100
2024-11-07,AAPL,222.7665321945981,225.9895710313294,222.70703236030374,225.59288024902344,42137700
2024-11-08,AAPL,225.53329235935942,227.01256271730918,224.77877343219782,225.32481384277344,38328800
2024-11-11,AAPL,223.3789433198207,224.07389700260043,219.90415975706793,222.61448669433594,42005600
2024-11-12,AAPL,222.93218846295187,223.96468891324545,221.75075962779928,222.61448669433594,40398300
2024-11-13,AAPL,222.3960891659536,225.01706838141624,221.1550949323282,223.4980926513672,48566200
2024-11-14,AAPL,223.3987876531247,227.2210402122622,223.3789275067786,226.5757293701172,44923900
2024-11-15,AAPL,224.76884409236825,225.28510187679902,222.65420045885568,223.37893676757812,47923700
2024-11-18,AAPL,223.62711979019133,228.08477571151616,223.54769435597734,226.37716674804688,44633700
2024-11-19,AAPL,225.34466282087314,228.50175961033486,225.02697621656037,226.6352996826172,36211800
2024-11-20,AAPL,226.4168677573381,228.2733899080337,224.2625040209905,227.35009765625,35169600
2024-11-21,AAPL,227.230987838277,228.50176458087773,224.0838286281757,226.8735809326172,42108300
2024-11-22,AAPL,226.41689485035167,229.05773399756174,226.41689485035167,228.21385192871094,38168300
2024-11-25,AAPL,229.79240040372403,231.5694972757357,228.08479132337303,231.19223022460938,90152800
2024-11-26,AAPL,231.6489234928732,233.87279036398945,231.6489234928732,233.366455078125,45986200
2024-11-27,AAPL,232.78071887838198,233.99193037541463,232.125470334311,233.23739624023438,33498400
2024-11-29,AAPL,233.11825362062933,236.0966394139658,232.28430923421996,235.62010192871094,28481400
2024-12-02,AAPL,235.5605381566453,239.0551666028684,235.45133007089746,237.8638153076172,48137100
2024-12-03,AAPL,238.08224409194108,241.01098726633802,237.1787967118795,240.9017791748047,38861000
2024-12-04,AAPL,241.12019505186365,242.35126670496282,239.5118714775545,241.25918579101562,44383900
2024-12-05,AAPL,242.2321233137982,242.77814859306412,240.38552350615552,241.28895568847656,40033900
2024-12-06,AAPL,241.1598807416467,242.86748966267425,240.33585892461636,241.0903778076172,36870600
2024-12-09,AAPL,240.08767817050534,245.45870413211114,240.0082527322972,244.97222900390625,44649200
2024-12-10,AAPL,245.11122909402775,246.42172615122828,243.5723933612922,245.98489379882812,36914800
2024-12-11,AAPL,246.17352158557497,248.9930565140259,244.48575750906295,244.714111328125,45205800
2024-12-12,AAPL,245.11122473397327,246.9479020514793,243.9099357862414,246.17352294921875,32777500
2024-12-13,AAPL,246.03453629863122,247.4939314395242,244.46591792091505,246.34230041503906,33155300
2024-12-16,AAPL,246.20329464964811,249.56886987487528,245.86573275817128,249.23130798339844,51694800
2024-12-17,AAPL,248.2782345553336,252.0012166921119,247.98039295462073,251.6537322998047,51356400
2024-12-18,AAPL,250.34325221557475,252.44797328398425,245.95509905753715,246.2628631591797,56774100
2024-12-19,AAPL,245.71683140567848,250.184410158509,245.3097817058068,247.99032592773438,60882300
2024-12-20,AAPL,246.2529371403228,253.16279902630112,243.919877297432,252.65647888183594,147495300
2024-12-23,AAPL,252.93446477293034,253.80811434244586,251.6239676953758,253.4308624267578,40858800
2024-12-24,AAPL,253.64924013847912,256.34962902881983,253.45066898797964,256.3397216796875,23234700
2024-12-26,AAPL,256.329771467171,258.2260137599804,255.77380863027113,257.1537780761719,27237100
2024-12-27,AAPL,255.9724022209019,256.8361595932908,251.23677948504655,253.74855041503906,42355300
2024-12-30,AAPL,250.4127477342041,251.67360197393796,248.9434149702759,250.38296508789062,35557500
2024-12-31,AAPL,250.62123433005314,251.45517870098834,247.63291094425557,248.61578369140625,39480700
2025-01-02,AAPL,247.1365264348607,247.3053149666319,240.07776640397734,242.0931396484375,55740700
2025-01-03,AAPL,241.60667419433594,242.42075849453866,240.147263834766,241.60667419433594,40244100
2025-01-06,AAPL,242.54980162717402,245.54804748087855,241.4477983095151,243.23483276367188,45045600
2025-01-07,AAPL,241.22939201717418,243.78088314896328,239.61114601786818,240.46495056152344,40856000
2025-01-08,AAPL,240.17702168463396,241.95413364050106,238.32049944087447,240.95140075683594,37628900
2025-01-10,AAPL,238.28077607985776,238.42970445265777,231.32128701842691,235.1435546875,61710900
2025-01-13,AAPL,231.84748509521594,232.9792711307645,228.06493742769467,232.71121215820312,49630700
2025-01-14,AAPL,233.05868390458076,234.41880854341963,230.7951119565212,231.59927368164062,39435300
2025-01-15,AAPL,232.94947976770305,237.2383625727966,232.74098609709984,236.1562042236328,39832000
2025-01-16,AAPL,235.63998458586752,236.29521800986595,226.38712456587973,226.61546325683594,71759100
2025-01-17,AAPL,230.447655820989,230.61642921557544,226.83388128979956,228.3230743408203,68488300
2025-01-21,AAPL,222.38615194982364,222.80312416686704,217.79944241349193,221.03594970703125,98070400
2025-01-22,AAPL,218.20644519467228,222.50525012711904,218.20644519467228,222.21734619140625,64126500
2025-01-23,AAPL,223.1208199792776,225.394314538592,220.69839703644928,222.04859924316406,60234800
2025-01-24,AAPL,223.160517277336,224.00439930767484,219.81480209957203,221.1749267578125,54697900
2025-01-27,AAPL,222.4059977899183,230.47741293083342,222.36627749626697,228.20391845703125,94863400
2025-01-28,AAPL,229.18679454547646,238.4594987479956,229.147074251248,236.54339599609375,75707600
2025-01-29,AAPL,232.43322998057818,238.13188043636077,232.32402189200354,237.63548278808594,45486100
2025-01-30,AAPL,236.95044029141235,239.05516137192973,235.50096771104396,235.8782196044922,55658300
2025-01-31,AAPL,245.4090960245911,245.4090960245911,231.7581593483071,234.29971313476562,100959800
2025-02-03,AAPL,228.33299411580026,230.15973381299622,224.0738938399255,226.36724853515625,73063300
2025-02-04,AAPL,225.61273982041166,231.45038123633566,225.01705656002386,231.1227569580078,45067300
2025-02-05,AAPL,226.88350440739822,230.99367626573292,226.625383087866,230.7951202392578,39620300
2025-02-06,AAPL,229.62361584180033,232.11554171369926,228.7698112868805,231.5397186279297,29925300
2025-02-07,AAPL,230.9241838961893,232.31409120281862,225.62264568638093,225.989990234375,39707200
2025-02-10,AAPL,228.16660736242451,229.1803610121675,225.81108525741098,226.25833129882812,33115600
2025-02-11,AAPL,226.80497424991785,233.79199753404617,226.7354100570617,231.1979522705078,53718400
2025-02-12,AAPL,229.78663009476247,235.51142789245534,229.26980470124647,235.42196655273438,45243300
2025-02-13,AAPL,235.4617298072221,240.85852795215618,234.1299251101732,240.05348205566406,53614100
2025-02-14,AAPL,239.77517912233392,244.04889519264196,239.51677402617887,243.10470581054688,40896200
2025-02-18,AAPL,242.6574585849239,243.6811607859394,240.36158248040348,242.9755096435547,48822500
2025-02-19,AAPL,243.16435439309654,244.50609250836237,241.6735241546838,243.37306213378906,32204200
2025-02-20,AAPL,243.44265077076676,245.2713989598738,242.7966152101895,244.32720947265625,32316900
2025-02-21,AAPL,244.44646835255205,247.16972378813352,243.72093519653038,244.04891967773438,53197400
2025-02-24,AAPL,243.43268408373555,247.33866705271078,242.92580728065096,245.5894317626953,51326400
2025-02-25,AAPL,246.48393846255715,248.47171215983582,243.41283173998391,245.52980041503906,48013300
2025-02-26,AAPL,242.83637220684057,243.48239258336395,237.66816369812489,238.89064025878906,44433600
2025-02-27,AAPL,237.94643641845556,240.97779411500133,235.61079643123784,235.84933471679688,41153600
2025-02-28,AAPL,235.50146657809572,240.61004395755495,228.79273089598732,240.361572265625,56833400
2025-03-03,AAPL,240.31188380351972,242.5381957053339,234.66661403302143,236.5748748779297,47184000
2025-03-04,AAPL,236.25683384188991,238.60240725621293,233.24534293735957,234.48770141601562,53798100
2025-03-05,AAPL,233.9808533299346,235.10395038542654,227.82869096216822,234.2989044189453,47227600
2025-03-06,AAPL,233.00684447444675,236.4059358119138,231.73467047090975,233.8914031982422,45170400
2025-03-07,AAPL,233.67273718007357,239.89446338205195,233.32487071745646,237.60853576660156,46273600
2025-03-10,AAPL,234.10009611136832,234.71631625547707,222.84930513729455,226.08937072753906,72071200
2025-03-11,AAPL,222.44182022291236,224.45940937640347,216.12069905845206,219.48997497558594,76137400
2025-03-12,AAPL,218.7942505386503,220.39440897367027,213.5962265598192,215.653564453125,62547500
2025-03-13,AAPL,214.62983690242842,215.51439548794804,207.14587101812543,208.39816284179688,61368300
2025-03-14,AAPL,209.9585940343847,212.64208545758027,208.2988048386841,212.18490600585938,60107600
2025-03-17,AAPL,212.00598815128762,213.904315554563,208.6864099217596,212.6917724609375,48073400
2025-03-18,AAPL,212.85080057479257,213.83473880015984,210.19712464056028,211.38978576660156,42432400
2025-03-19,AAPL,212.91042558181826,217.42266485537363,212.44329758558237,213.9241943359375,54385400
2025-03-20,AAPL,212.6818400591608,216.16044383082547,210.9226561911479,212.79116821289062,48862900
2025-03-21,AAPL,210.26669685360034,217.5021918152461,209.9884097524224,216.93568420410156,94127800
2025-03-24,AAPL,219.64898417718916,220.1260455978378,217.24377992596973,219.38063049316406,44299500
2025-03-25,AAPL,219.42039321145907,222.7300380772677,218.73460889257407,222.38217163085938,34493600
2025-03-26,AAPL,222.1436424317859,223.64442126802376,219.12223310716143,220.17575073242188,34466100
2025-03-27,AAPL,220.03659916949772,223.61459773398053,219.21167130142226,222.4815673828125,37094800
2025-03-28,AAPL,220.31488968867507,222.44180687800483,216.34927581514728,216.56793212890625,39818600
2025-03-31,AAPL,215.6833538383521,224.24071919109113,214.90812340211858,220.77206420898438,65299300
2025-04-01,AAPL,218.46627993939285,222.31261744007998,217.56183920876018,221.82562255859375,36412700
2025-04-02,AAPL,219.96705040499884,223.81338775742097,219.66888130946384,222.52133178710938,35905900
2025-04-03,AAPL,204.2835010267849,206.22159255986557,200.01973301812973,201.9478759765625,103419000
2025-04-04,AAPL,192.70471987275084,198.65810753704542,186.19475800144227,187.22840881347656,125910900
2025-04-07,AAPL,176.11674047268428,192.96311894309866,173.55251067175698,180.3507080078125,160466300
2025-04-08,AAPL,185.55865310846366,189.17640027021665,168.17558356470508,171.36595153808594,120859500
2025-04-09,AAPL,170.89883496621582,199.38363475051753,170.83920418374143,197.6343994140625,184395900
2025-04-10,AAPL,187.9141974958541,193.5892830219747,181.88129692496375,189.2559356689453,121880000
2025-04-11,AAPL,184.96233608452022,198.32016168749274,184.92257212057936,196.93865966796875,87435900
2025-04-14,AAPL,210.14743595954587,211.63826622013798,199.9302804535287,201.28196716308594,101352900
2025-04-15,AAPL,200.62597928160577,202.26588634734406,198.5785750100267,200.90426635742188,51343900
2025-04-16,AAPL,197.1473753495745,199.4730666932086,191.19398828729797,193.08238220214844,59732400
2025-04-17,AAPL,195.9944894564487,197.61452992177487,193.2314851467638,195.7758331298828,52164700
2025-04-21,AAPL,192.08851517151226,192.6152739871965,188.64966000796989,191.97918701171875,46742500
2025-04-22,AAPL,194.9211009149487,200.3576636647513,194.77202394084523,198.51898193359375,52976400
2025-04-23,AAPL,204.74067860292737,206.7284521815966,201.56024391015845,203.3492431640625,52929200
2025-04-24,AAPL,203.6374845300284,207.5534013078127,201.69940812530302,207.09620666503906,47311000
2025-04-25,AAPL,205.10842646651815,208.46776890662989,204.9394675201618,208.00064086914062,38222300
2025-04-28,AAPL,208.71621839949725,210.2070485309222,206.19175271644127,208.85536193847656,38743100
2025-04-29,AAPL,207.41425458581946,210.94255602883885,207.096203506044,209.91885375976562,36827600
2025-04-30,AAPL,208.0205233254963,212.2743578831654,205.4065960245207,211.20095825195312,52286500
2025-05-01,AAPL,207.80187477964563,213.2483707428857,207.62296725165953,212.01596069335938,57365700
2025-05-02,AAPL,204.83013207172814,205.72463931330321,200.92416412992952,204.09466552734375,101010600
2025-05-05,AAPL,201.85843431656065,202.8523212109494,196.99832800962005,197.67416381835938,69018500
2025-05-06,AAPL,196.99832434112832,199.42339557924856,195.81559653234874,197.29647827148438,51216500
2025-05-07,AAPL,197.95242524507105,198.22077891807172,192.0686174137577,195.05027770996094,68536700
2025-05-08,AAPL,196.51130456752412,198.82706269335065,193.48988012199126,196.28271484375,50478900
2025-05-09,AAPL,197.78348851905432,199.3140676367793,196.33240700583877,197.3163604736328,36453900
2025-05-12,AAPL,209.95528044040137,210.25384054136518,205.75557652693038,209.77613830566406,63775800
2025-05-13,AAPL,209.4178625594749,212.3735786127325,207.99474788922345,211.9058380126953,51909300
2025-05-14,AAPL,211.40822571910564,212.9109724892217,209.56713314477625,211.3087158203125,49325800
2025-05-15,AAPL,209.9353730316401,211.93571508448807,208.53215118256114,210.43296813964844,45029500
2025-05-16,AAPL,211.33858120774948,211.54757782116647,208.7610423595207,210.24386596679688,54737900
2025-05-19,AAPL,206.90999202317107,208.47243269467637,203.2775387890809,207.7758026123047,46140500
2025-05-20,AAPL,206.67113760639387,207.46729276724128,204.04383620537516,205.8650360107422,42496600
2025-05-21,AAPL,204.1831685508297,206.04416933851562,199.74462882701684,201.11798095703125,59211800
2025-05-22,AAPL,199.7446272097534,201.77480849030061,198.7394754118135,200.39149475097656,46742400
2025-05-23,AAPL,192.7384848883374,196.74910019358438,192.5295034494263,194.33079528808594,78432900
2025-05-27,AAPL,197.34620772495165,199.77447409530296,196.48038197740732,199.2470245361328,56288500
2025-05-28,AAPL,199.6252046868552,201.75491117265972,198.93852099816252,199.45602416992188,45339700
2025-05-29,AAPL,202.60081106845576,202.8297005493605,197.55518975609246,198.98826599121094,51396800
2025-05-30,AAPL,198.4110493394953,200.98860329086406,195.83351057352263,199.88394165039062,70819900
2025-06-02,AAPL,199.31669015009302,201.15779807678393,199.15745607510846,200.7298583984375,35423300
2025-06-03,AAPL,200.38153417950807,202.78989241693247,199.99341064507593,202.29229736328125,46381600
2025-06-04,AAPL,201.9340306292736,205.24801554678163,201.1279290627925,201.84446716308594,43604000
2025-06-05,AAPL,202.52119947175674,203.76518718349973,199.18730633012683,199.66500854492188,55126100
2025-06-06,AAPL,202.023590138985,204.71060036976428,201.0781625818177,202.9391632080078,46607700
2025-06-09,AAPL,203.40692547634254,205.0091823144686,199.05794913802782,200.48106384277344,72862600
2025-06-10,AAPL,199.63513956616538,203.36710243054736,199.60528507808198,201.69517517089844,54672600
2025-06-11,AAPL,202.5211970741936,203.51638723180633,197.45568281643992,197.8238983154297,60989900
2025-06-12,AAPL,198.12246436103902,198.71956936233477,196.4107360236097,198.24188232421875,43904600
2025-06-13,AAPL,198.769334334526,199.40625545491926,194.7587190445596,195.50511169433594,51447300
2025-06-16,AAPL,196.35101387226533,197.73432753277095,195.61456771612566,197.4656219482422,43020700
2025-06-17,AAPL,196.2515147499311,197.43579358003367,194.27109586617135,194.6990203857422,38856200
2025-06-18,AAPL,194.9975546383106,196.6197193940347,194.13174409281177,195.6344757080078,45394700
2025-06-20,AAPL,197.28651411005004,200.72986375748766,195.9131467510872,200.03323364257812,96813500
2025-06-23,AAPL,200.6602023375907,201.3269779408771,198.00304635957568,200.53082275390625,55814300
2025-06-24,AAPL,201.61555699715424,202.4614746491071,199.23705328583006,199.33657836914062,54064000
2025-06-25,AAPL,200.4810436177515,202.6903668657116,199.65503400834336,200.59051513671875,39525700
2025-06-26,AAPL,200.461158146952,201.66534499125092,198.5006473897771,200.03323364257812,50799100
2025-06-27,AAPL,200.91894034324127,202.24254507531293,199.03803155248616,200.1128387451172,73188600
2025-06-30,AAPL,201.03834688076608,206.39247448465787,198.30157410241034,204.1831512451172,91912800
2025-07-01,AAPL,205.6759415551798,209.17901505124104,205.1484920031366,206.82041931152344,78788900
2025-07-02,AAPL,207.90517762155153,212.3138626915596,207.13887695509675,211.41819763183594,67941800
2025-07-03,AAPL,211.12958235725722,213.61755770997246,210.7912213537831,212.52285766601562,34955800
2025-07-07,AAPL,211.65703516300363,215.18996325511674,207.79570768244494,208.94017028808594,50229000
2025-07-08,AAPL,209.08947184941582,210.41306148236814,207.44739887083225,208.99989318847656,42848900
2025-07-09,AAPL,208.52219391164948,210.31353924447487,206.22330706177223,210.12445068359375,48749400
2025-07-10,AAPL,209.49745072772552,212.453166373689,209.01976375844308,211.38832092285156,44443600
2025-07-11,AAPL,209.55718962168862,211.1096837700706,208.85059795908091,210.14434814453125,39765800
2025-07-14,AAPL,208.92025854176603,209.89555581124029,206.54175471753558,207.61656188964844,38840100
2025-07-15,AAPL,208.21368905566166,210.87084499335577,207.9151289669034,208.10421752929688,42296300
2025-07-16,AAPL,209.28849593835915,211.37838618562168,207.63647661047767,209.149169921875,47490500
2025-07-17,AAPL,209.55721484346458,210.78129457926272,208.5819174807461,209.00985717773438,48068100
2025-07-18,AAPL,209.85575432940058,210.77132749863404,208.6913836081342,210.1642608642578,48974600
2025-07-21,AAPL,211.07984586548804,214.74213848423943,210.61210526026528,211.4580078125,51377400
2025-07-22,AAPL,212.11484021935428,213.91613206526756,211.20921348603295,213.3687744140625,46404100
2025-07-23,AAPL,213.9658669821171,214.1151394198069,211.38832832203676,213.1199493408203,46989300
2025-07-24,AAPL,212.87116805528336,214.65256693634578,212.50295255730364,212.73184204101562,46022600
2025-07-25,AAPL,213.6673206036272,214.2047317845148,212.37357038101962,212.8512725830078,40268800
2025-07-28,AAPL,213.00055398053098,213.81661722083774,212.03521828670327,213.0204620361328,37858000
2025-07-29,AAPL,213.14983725799084,213.77681196541135,209.80601264614248,210.25384521484375,51411700
2025-07-30,AAPL,210.88079278566187,211.36844143995228,206.72090512781878,208.0445098876953,45512500
2025-07-31,AAPL,207.48719786288635,208.83069544134486,206.16359315375274,206.57162475585938,80698400
2025-08-01,AAPL,209.8557561748323,212.5527283441607,200.530828701964,201.40660095214844,104434500
2025-08-04,AAPL,203.52634207300898,206.88014336875773,200.70995198839026,202.37193298339844,75109300
2025-08-05,AAPL,202.42165671427045,204.35232790405936,201.18763073057525,201.9439697265625,44155100
2025-08-06,AAPL,204.64094523363173,214.3440487139093,204.60112912578842,212.2242889404297,108483100
2025-08-07,AAPL,217.8272171299369,219.78774287041324,215.5382768294147,218.9716796875,90224800
2025-08-08,AAPL,219.76784743364436,229.88892965735022,218.19544514014734,228.2468719482422,113854000
2025-08-11,AAPL,227.08115402328403,228.71511750604432,223.9327805410339,226.3438720703125,61806100
2025-08-12,AAPL,227.17081559543826,229.95055565919736,226.23428798669784,228.80477905273438,55626200
2025-08-13,AAPL,230.21959074533873,234.13511970527446,229.5819315694875,232.4712677001953,69878500
2025-08-14,AAPL,233.1985820425246,234.2546784716922,230.00040438081015,231.9232940673828,51916300
2025-08-15,AAPL,233.1387895567921,233.417757832359,228.49593650929467,230.73765563964844,56038700
2025-08-18,AAPL,230.8472385776313,232.26201052585682,229.26309412883964,230.04022216796875,37476200
2025-08-19,AAPL,230.42880766374827,232.0129522601839,228.50591803460907,229.71145629882812,39402600
2025-08-20,AAPL,229.1335667246527,229.6217687789582,224.93906991665554,225.1781768798828,42263900
2025-08-21,AAPL,225.43724912794482,225.68632903786573,222.9564077521854,224.07228088378906,30621200
2025-08-22,AAPL,225.33760837029214,228.2468598588307,224.58041092619504,226.9217529296875,42477800
2025-08-25,AAPL,225.6464693442017,228.45609804536198,225.3973894325087,226.323974609375,30983100
2025-08-26,AAPL,226.03501179732243,228.64537936019502,223.8630424721864,228.46603393554688,54575100
2025-08-27,AAPL,227.7686378094015,230.05020313892598,227.41991984776428,229.6417236328125,31259500
2025-08-28,AAPL,229.9704999102399,232.55096405412047,228.4959359400532,231.70408630371094,38074700
2025-08-29,AAPL,231.65426265633033,232.52107103838586,230.51845893056873,231.28562927246094,39418400
2025-09-02,AAPL,228.4062708029861,230.00038826150748,226.1346633063032,228.87454223632812,44075600
2025-09-03,AAPL,236.33698891571112,237.9709525201245,233.49747185558658,237.59234619140625,66427800
2025-09-04,AAPL,237.57241502764154,239.01707546456905,235.86871695735925,238.89752197265625,47549400
2025-09-05,AAPL,239.11668743272676,240.43183651086895,237.61225041390915,238.80783081054688,54870400
2025-09-08,AAPL,238.41927329094256,239.2661357937392,235.4701607098454,237.00450134277344,48999500
2025-09-09,AAPL,236.12772846479334,237.90117601089239,232.5011259859287,233.48748779296875,66313900
2025-09-10,AAPL,231.33545739080094,231.56460664903227,225.118417424808,225.955322265625,83440800
2025-09-11,AAPL,226.04500979013486,229.60186307827533,225.81584532196928,229.18341064453125,50208600
2025-09-12,AAPL,228.37638560886936,233.6469097348115,228.17712472443904,233.2085418701172,55824200
2025-09-15,AAPL,236.12775635652346,237.31337916896246,234.16500543557729,235.828857421875,42699500
2025-09-16,AAPL,236.30708253667353,240.33222235518573,235.45026224943368,237.2735137939453,63421100
2025-09-17,AAPL,238.09051246512186,239.21635855568803,236.85507060288438,238.11044311523438,46508000
2025-09-18,AAPL,239.0868055705458,240.31227437025743,235.77901734043184,237.00450134277344,44249600
2025-09-19,AAPL,240.34217704154452,245.3935247988757,239.32594197772087,244.59646606445312,163741300
2025-09-22,AAPL,247.38616206443075,255.69547916115815,247.2068166293636,255.13751220703125,105517400
2025-09-23,AAPL,254.93825156077958,256.3928695916873,252.64671355307894,253.4935760498047,60275200
2025-09-24,AAPL,254.2807025242173,254.79879299943292,250.11607847800005,251.38140869140625,42303700
2025-09-25,AAPL,252.27808820484515,256.22352044118514,250.7836088309123,255.9246063232422,55202100
2025-09-26,AAPL,253.16481067495934,256.6519291955366,252.84598111295833,254.51980590820312,46076300
2025-09-29,AAPL,253.62310245626918,254.06148549110597,252.07880411177766,253.4935760498047,40127700
2025-09-30,AAPL,253.92202035086734,254.97811672142575,252.17846100632588,253.69287109375,37704300
2025-10-01,AAPL,254.10136246357334,257.8375764362911,253.99176669154556,254.50985717773438,48713900
2025-10-02,AAPL,255.63566078088252,257.229778167004,253.21461153357077,256.18365478515625,42630200
2025-10-03,AAPL,253.73271197999827,258.2858846694617,253.01536064819075,257.07037353515625,49155600
2025-10-06,AAPL,257.0404883747525,258.1165305885388,254.1113214696764,255.7452850341797,44664100
2025-10-07,AAPL,255.86482860124664,256.45265350411205,254.48990271764998,255.5360565185547,31955800
2025-10-08,AAPL,255.57591915435188,257.5685585594684,255.16742442767125,257.1102600097656,36496900
2025-10-09,AAPL,256.8611554198282,257.0504585775582,252.2083446799687,253.1050262451172,38322000
2025-10-10,AAPL,254.00171816056968,255.436420799504,243.10197943699816,244.3673095703125,61999100
2025-10-13,AAPL,248.46219085423505,248.7710475029622,244.6562426215344,246.74851989746094,38142900
2025-10-14,AAPL,245.69241642712313,247.93413549962378,243.79940008876653,246.8581085205078,35478000
2025-10-15,AAPL,248.57178982967116,250.89321639065437,246.559219921403,248.42233276367188,33893600
2025-10-16,AAPL,247.33635013275978,248.1234359576197,244.22783772705108,246.53929138183594,39777000
2025-10-17,AAPL,247.10719170360767,252.44746537322095,246.35995200283696,251.36146545410156,49147000
2025-10-20,AAPL,254.94825076974757,263.4070106066718,254.68921311729665,261.2748718261719,90483000
2025-10-21,AAPL,260.91620875530236,264.3136625920602,260.86637452698056,261.80291748046875,46695900
2025-10-22,AAPL,261.68336485657886,261.882640960004,254.48993535873984,257.49884033203125,45015300
2025-10-23,AAPL,258.98332466328685,259.6608147081683,257.0604350924048,258.6246337890625,32754900
2025-10-24,AAPL,260.2287163700197,263.15789839957887,258.22610426270086,261.85272216796875,38253700
2025-10-27,AAPL,263.90517991319996,268.12956591820625,263.67601542509226,267.8207092285156,44888200
2025-10-28,AAPL,268.000036838551,268.8967489277785,267.1631319065021,268.010009765625,41534800
2025-10-29,AAPL,268.28892986747474,270.4110953948544,266.1269030442272,268.7073974609375,51086700
2025-10-30,AAPL,270.98897852374654,273.131090148023,267.49191714200913,270.4011535644531,69886500
2025-10-31,AAPL,275.9705701844509,276.29937269597025,268.16940070155243,269.37493896484375,86167100
2025-11-03,AAPL,269.424736694289,269.8531467885877,265.2700709373508,268.05975341796875,50194600
2025-11-04,AAPL,267.3424445625432,270.49081837885313,266.6350661079627,269.0461730957031,49274800
2025-11-05,AAPL,267.6214146886098,270.7000692568828,265.94760492323326,269.14581298828125,43683100
2025-11-06,AAPL,266.90407480138714,272.3937751745226,266.90407480138714,268.7771301269531,51204000
2025-11-07,AAPL,268.8069946610708,271.28785094446636,265.78814772800683,267.4819030761719,48227400
2025-11-10,AAPL,268.22988302493957,272.9869540449525,266.7339548671466,268.6986083984375,41312400
2025-11-11,AAPL,269.07757258136417,275.16101963639426,269.0675899882029,274.5028076171875,46208300
2025-11-12,AAPL,274.2535066981436,274.9815360542478,270.9624767916609,272.7276611328125,48398000
2025-11-13,AAPL,273.36590026791555,275.9488963676571,271.3513946141157,272.2090759277344,49602800
2025-11-14,AAPL,270.31417782757546,275.21085247368256,268.8681323529343,271.6705017089844,47431300
2025-11-17,AAPL,268.09027174019775,269.7557213346742,265.00866346949266,266.73394775390625,45018300
2025-11-18,AAPL,269.2570854665072,269.9751321987233,264.59977951795884,266.7140197753906,45677300
2025-11-19,AAPL,264.80918960656476,271.47104873805114,264.77927226211665,267.8309631347656,40424500
2025-11-20,AAPL,270.09480618650156,274.68232536305425,265.1981613886433,265.5272521972656,45823600
2025-11-21,AAPL,265.2280517805383,272.5879921198442,264.9488130991126,270.75299072265625,59030800
2025-11-24,AAPL,270.16459800357205,276.24804478801667,270.16459800357205,275.1709899902344,65585800
2025-11-25,AAPL,274.52277261748515,279.6189174225992,274.50283786370125,276.2181701660156,46914200
2025-11-26,AAPL,276.2081750495132,278.7712060098946,275.8790842359358,276.79656982421875,33431400
2025-11-28,AAPL,276.50736791500816,278.242634823177,275.2407959413455,278.0930480957031,20135600
2025-12-01,AAPL,277.2553332443013,282.65065109438723,275.3904143522869,282.3315124511719,46587700
2025-12-02,AAPL,282.231773534172,286.619823290159,281.86278279875575,285.4131164550781,53669500
2025-12-03,AAPL,285.4231155973949,287.8365294074879,282.5309633672564,283.378662109375,43538700
2025-12-04,AAPL,283.3287830094401,283.95707766942763,277.83373081751637,279.9380187988281,43989100
2025-12-05,AAPL,279.77845592816414,280.37683325787106,277.2951945750906,278.0232238769531,47265800
2025-12-08,AAPL,277.374989388386,278.9108174051644,275.4003533668138,277.1356506347656,38211800
2025-12-09,AAPL,277.4049018876359,279.26982065807096,276.16827776921565,276.42755126953125,32193300
2025-12-10,AAPL,276.9960211276047,278.9905919368044,275.68957968235776,278.0232238769531,33038300
2025-12-11,AAPL,278.34237127554803,278.8310314000742,273.0667227973629,277.2752685546875,33248000
2025-12-12,AAPL,277.14562382282355,278.4620479370953,276.0685689150702,277.52459716796875,39532900
2025-12-15,AAPL,279.3894873363706,279.3894873363706,272.0993337942639,273.3658752441406,50409100
2025-12-16,AAPL,272.07941349564567,274.752131096348,271.0522107383373,273.8645324707031,37648600
2025-12-17,AAPL,274.2634587890498,275.41033087528734,270.9026119684932,271.10205078125,50138700
2025-12-18,AAPL,272.8672697170699,272.88723490520505,266.22537510199504,271.4511413574219,51630700
2025-12-19,AAPL,271.4112306527045,273.8545921928022,269.1673383776201,272.9271240234375,144632000
2025-12-22,AAPL,272.1192896847017,273.13654030849926,269.7756932559407,270.23443603515625,36571800
2025-12-23,AAPL,270.1048034873943,271.7603010837797,268.8282792538215,271.62066650390625,29642000
2025-12-24,AAPL,271.60070067851706,274.6823088952694,271.46109654935304,273.06671142578125,17910600
2025-12-26,AAPL,273.41578359787746,274.6224904749486,272.11929424741834,272.6578369140625,21521800
2025-12-29,AAPL,271.9497734782625,273.61522314661676,271.6107000753325,273.0168762207031,23715200
2025-12-30,AAPL,272.0694584675055,273.3360001129787,271.54089836280934,272.3387145996094,22139600
2025-12-31,AAPL,272.3187639976345,272.9370761103812,271.0123224859311,271.12200927734375,27293600
2026-01-02,AAPL,271.52092924369913,277.0857683126949,268.2697691424855,270.2743225097656,37838100
2026-01-05,AAPL,269.9053450243044,270.7729784841199,265.41756056202854,266.5345153808594,45647200
2026-01-06,AAPL,266.27521573774703,266.82371056256306,261.40845786144683,261.6477966308594,52352100
2026-01-07,AAPL,262.48552563718374,262.964203143993,259.1047135716701,259.623291015625,48309800
2026-01-08,AAPL,256.3222864925608,258.58614386359903,255.00587765735156,258.3368225097656,50419300
2026-01-09,AAPL,258.3767027680543,259.5036402038468,255.52448097015204,258.6659240722656,39997000
2026-01-12,AAPL,258.4565110528425,260.59068617382866,256.1029014720883,259.5435485839844,45263800
2026-01-13,AAPL,258.01770778709204,261.0993163539261,257.68861696081353,260.34136962890625,45730800
2026-01-14,AAPL,258.78557762508564,261.1092696408236,256.0131254420647,259.2543029785156,40019400
2026-01-15,AAPL,259.9424426175537,260.3313985459844,256.35220896361545,257.5090637207031,39388600
2026-01-16,AAPL,257.1999111311508,258.1971965798445,254.23797213114116,254.8363494873047,72142800
2026-01-20,AAPL,252.04394930256512,254.09835490933511,242.75922413209136,246.0303192138672,80267500
2026-01-21,AAPL,248.02489020045314,250.87712721718017,244.51444112970407,246.9777374267578,54641700
2026-01-22,AAPL,248.52352576906395,250.31864258405668,247.47637302553753,247.67584228515625,39708300
2026-01-23,AAPL,246.64863719927277,248.73296007338791,244.0157890837153,247.36666870117188,41689000
2026-01-26,AAPL,250.7973351598156,255.86354695988197,249.12190294519746,254.7166748046875,55969200
2026-01-27,AAPL,258.4664593428383,261.23891141767155,257.50904348719195,257.5688781738281,49648300
2026-01-28,AAPL,256.95060341967536,258.15731035497566,253.8191275531099,255.743896484375,41288000
2026-01-29,AAPL,257.29964922744847,258.94516415300217,253.7193980705993,257.5788879394531,67253000
2026-01-30,AAPL,254.47732177254832,261.1890484668085,251.49543285360957,258.775634765625,92443400
2026-02-02,AAPL,259.3241487899344,269.7557466562268,258.50636737104884,269.2770690917969,73913400
2026-02-03,AAPL,268.4692659190308,271.1419837262723,266.88355520832346,268.7485046386719,64394700
2026-02-04,AAPL,271.55083028665655,278.19275421850585,271.55083028665655,275.7394104003906,90545700
2026-02-05,AAPL,277.37501624935936,278.7412924914769,272.48832346973,275.1610412597656,52977400
2026-02-06,AAPL,276.3677049075235,280.1474248180158,276.1782182606431,277.364990234375,50453400
2026-02-09,AAPL,277.41494619870406,277.70443813431814,271.2160169672847,274.13079833984375,44623400
2026-02-10,AAPL,274.40031021957236,274.87943562430115,272.4537718732244,273.19244384765625,34376900
2026-02-11,AAPL,274.2106536370846,279.6808719096702,273.9610989943363,275.00921630859375,51931300
2026-02-12,AAPL,275.09909064411113,275.22886395053104,259.7165366668213,261.2637939453125,81077200
2026-02-13,AAPL,261.5432690161623,261.7628783299504,254.9949421084194,255.32435607910156,56290700
2026-02-17,AAPL,257.5903108294174,265.8156532326085,255.08478749757862,263.4099426269531,58469100
2026-02-18,AAPL,263.13045584681157,266.3447212846438,261.9825104325609,263.8791198730469,34203300
2026-02-19,AAPL,262.13220471573277,264.00886051677537,259.5867290635135,260.11578369140625,30845300
2026-02-20,AAPL,258.50868117461044,264.2783836675007,257.7001265171608,264.1086730957031,42070500
2026-02-23,AAPL,263.0206001676805,268.95002088588865,262.91081074777924,265.705810546875,37308200
2026-02-24,AAPL,267.38283777638213,274.4003442568012,267.233111068832,271.6552429199219,47014600
2026-02-25,AAPL,271.29586819299504,274.45024283739696,270.567157599074,273.74151611328125,33714300
2026-02-26,AAPL,274.4602128097023,275.61811956353745,270.31758130113775,272.4637756347656,32345100
2026-02-27,AAPL,272.3240124520744,272.3240124520744,262.4217010495403,263.7093811035156,72366500
2026-03-02,AAPL,261.94253069595567,266.05518620599753,259.73647625260065,264.2484130859375,41827900
2026-03-03,AAPL,263.0106738027697,265.08695529305965,259.6666350681776,263.2801818847656,38568900
2026-03-04,AAPL,264.17854815272653,265.67587606267574,260.95432154975975,262.0523376464844,39803100
2026-03-05,AAPL,260.3254337562426,261.09405110124777,256.79173142961054,259.8263244628906,49658600
2026-03-06,AAPL,258.16927189629365,258.3090066542827,253.916851068475,257.0013427734375,41120000
2026-03-09,AAPL,255.2345148744848,260.68477987096253,253.22808575123491,259.41705322265625,38218500
2026-03-10,AAPL,257.19102845716964,262.01244158439727,256.4922936817907,260.3653564453125,30590800
2026-03-11,AAPL,260.62486739620806,261.6630231774062,259.08760235948154,260.3453674316406,26218900
2026-03-12,AAPL,258.1992253881205,258.48871731031414,253.72719511663234,255.30438232421875,40794000
2026-03-13,AAPL,255.024890934378,255.87336762960538,249.07551643845036,249.6744384765625,36930000
2026-03-16,AAPL,251.66090222791988,253.43773019062647,249.4348789230203,252.36964416503906,32074200
2026-03-17,AAPL,252.5093881906664,254.67552076289968,251.7307636559193,253.77711486816406,32361600
2026-03-18,AAPL,252.1799767808244,254.48585937367065,248.55643828829037,249.49476623535156,35757900
2026-03-19,AAPL,248.95572868612365,251.38140795985734,246.85947863088072,248.5165252685547,34864100
2026-03-20,AAPL,247.53824109812177,248.75606899357115,245.56177255944445,247.54823303222656,88331100
2026-03-23,AAPL,253.51758537106093,254.14646797882926,249.83415620831627,251.04200744628906,40546100
2026-03-24,AAPL,249.90403139868116,254.37604644028636,249.10545347620703,251.1917266845703,45152300
2026-03-25,AAPL,253.6473574345128,254.5457480998694,251.15181088451408,252.16998291015625,28476700
2026-03-26,AAPL,251.67088153367666,256.5421934269488,250.32329549316128,252.43951416015625,41796700
2026-03-27,AAPL,253.4477020992108,255.03488128462607,247.6281009352486,248.35679626464844,47900000
2026-03-30,AAPL,249.62453299565456,250.4230956915925,245.07264337813007,246.19065856933594,39446200
2026-03-31,AAPL,247.46837564153284,255.02488248828539,246.65982101631488,253.337890625,49598100
2026-04-01,AAPL,253.62737973002484,255.7236296181179,252.8787157917901,255.17462158203125,40059400
2026-04-02,AAPL,253.74717405681358,255.6737439434535,250.20349485503914,255.464111328125,31289400
2026-04-06,AAPL,256.053045051996,261.6929736576745,256.003115847535,258.3988342285156,29329900
2026-04-07,AAPL,255.70368128016966,255.7436185540334,245.2623079794448,253.0484161376953,62148000
2026-04-08,AAPL,257.98960165960847,259.2872736156141,256.0730086009651,258.43878173828125,41032800
2026-04-09,AAPL,258.5386040524215,260.65482250105316,255.6138310165902,260.02593994140625,28121600
2026-04-10,AAPL,259.5168819122501,261.7229364827484,258.5585701252562,260.0159912109375,31291500
2026-04-13,AAPL,259.2673359057164,259.71651601158027,256.2027973984465,258.73828125,36234700
2026-04-14,AAPL,258.78816168339415,261.4633801130582,256.73183388682423,258.368896484375,48370700
2026-04-15,AAPL,257.7001261657452,266.08515659729386,257.35074355126085,265.95538330078125,49913500
2026-04-16,AAPL,266.3246925362851,266.6840670491935,260.804545264895,262.9307556152344,43323100
2026-04-17,AAPL,266.4844323486072,271.8149160854778,266.24486962975914,269.7486267089844,61436200
2026-04-20,AAPL,269.84841238867654,273.7913879220191,269.80850557942483,272.5635681152344,36590200
2026-04-21,AAPL,271.0163536236942,272.3140256362382,264.9272139873882,265.69586181640625,50209800
2026-04-22,AAPL,267.3429346055621,273.2523721409737,266.39461467279705,272.68341064453125,43249200
2026-04-23,AAPL,274.56001085217736,275.2787294551341,271.1660737405759,272.9429016113281,33399600
2026-04-24,AAPL,272.2741016414235,272.5735550213531,269.16962610782736,270.5771179199219,38157100
2026-04-27,AAPL,265.6159889280984,267.88193422863776,264.59781690250213,267.1332702636719,41466800
2026-04-28,AAPL,271.8548539018017,272.7432830913257,268.181416710472,270.2277526855469,40018900
2026-04-29,AAPL,267.07336249706583,270.55716597281076,266.56429174844374,269.688720703125,30047900
2026-04-30,AAPL,270.018146234023,275.50834883767226,267.6623648300734,270.86663818359375,91848200
2026-05-01,AAPL,278.36321169794013,286.7083346607987,277.87409435408995,279.6409606933594,79915400
2026-05-04,AAPL,279.16182884121525,280.13010214166496,274.3703610857382,276.33685302734375,46668400
2026-05-05,AAPL,276.43668191704,284.0630869835518,276.00745521106614,283.67376708984375,49311700
2026-05-06,AAPL,281.4177950537395,287.5168959460148,280.5693031693742,286.9978332519531,58336100
2026-05-07,AAPL,288.75467457606095,291.60959552514373,285.2709015174152,286.9279479980469,45224300
2026-05-08,AAPL,289.49338424193445,294.2349225642168,289.48339230776435,292.7974853515625,52692800
2026-05-11,AAPL,291.72841688276577,293.6267735875138,289.979924827367,292.42779541015625,42247300
2026-05-12,AAPL,292.3078994315659,295.0155556946294,292.3078994315659,294.54595947265625,45748100
2026-05-13,AAPL,293.24708951115105,300.6607090744109,293.24708951115105,298.6124572753906,52684300
2026-05-14,AAPL,299.5616620172475,300.1911240450107,295.12548538387824,297.9530334472656,35324900
2026-05-15,AAPL,297.643304079477,302.93875555297063,296.26448829773227,299.9713134765625,54862800
2026-05-18,AAPL,299.98126929450746,300.4009207908792,294.6558756451712,297.5833435058594,34483000
2026-05-19,AAPL,296.7140952726279,300.2510533099592,296.09463441963413,298.7123718261719,42243600
2026-05-20,AAPL,297.9230626302997,302.5390768782648,297.82314269813475,301.98956298828125,38229800
2026-05-21,AAPL,300.80056674721834,305.27671719779084,300.1411318265125,304.7271728515625,42965100
2026-05-22,AAPL,305.85620846339293,311.13165741506583,305.57645096183757,308.55389404296875,43670200
2026-05-26,AAPL,309.29325163060713,311.5513139598484,307.4048960873393,308.0643005371094,48000500
2026-05-27,AAPL,308.0643052358437,312.9900803339556,308.0343323058515,310.5821533203125,50430900
2026-05-28,AAPL,310.412282475935,312.5304508120942,309.30325358892543,312.24072265625,48220400
2026-05-29,AAPL,311.5113496628706,314.7285763294451,309.2632884033746,311.7911071777344,70026800
2026-06-01,AAPL,309.363197507879,310.67206624496237,304.7571540774977,306.0460510253906,48849900
2026-06-02,AAPL,307.1950545511415,315.1781903378333,306.42572903356995,314.92840576171875,44534700
2026-06-03,AAPL,313.9092501546009,316.6668815001487,308.5838566628498,309.9926452636719,50836700
2026-06-04,AAPL,312.96009909963743,313.26982953176514,309.38316692864953,310.9618225097656,44869100
2026-06-05,AAPL,312.5903972939029,314.8984348439246,306.8853260765596,307.0751647949219,65310500
2026-06-08,AAPL,308.4739595974908,317.1265012321255,300.9105055796523,301.2801818847656,77949100
2026-06-09,AAPL,300.0212482417878,300.4908444635933,287.5320194610898,290.29962158203125,70108800
2026-06-10,AAPL,290.4894628291428,294.4960172141002,287.1323727394638,291.3287353515625,52793300
2026-06-11,AAPL,293.4668864344149,296.7440586571729,289.3404406054596,295.375244140625,42572500
2026-06-12,AAPL,295.7749221682621,296.88398158337014,289.3704417369658,290.879150390625,38742100
2026-06-15,AAPL,293.8665449684006,297.5233947188816,291.4486474146935,296.1645812988281,45732600
2026-06-16,AAPL,294.99559499590845,300.2210994929347,293.71669913987887,298.9821472167969,39874400
2026-06-17,AAPL,300.59074812548096,301.8096980081642,294.10632015937927,295.6949768066406,42745100
2026-06-18,AAPL,297.8530937792582,300.31099586682666,295.3652492546472,297.7532043457031,85962200
2026-06-22,AAPL,297.05381866220307,302.1594314563154,296.5043047694293,296.75408935546875,44879900
2026-06-23,AAPL,297.2836155142734,301.3800886038737,293.9264950024863,294.04638671875,52010900
2026-06-24,AAPL,295.1054570720635,299.4417438827621,292.68755959702736,292.8274230957031,53081900
2026-06-25,AAPL,287.1523472601469,288.55113481081804,273.5141152813601,274.91290283203125,107013700
2026-06-26,AAPL,274.7630284991681,285.70360492137456,273.9737007161028,283.53546142578125,261775500
2026-06-29,AAPL,286.4829438934296,288.12151489662153,279.6088673150861,281.4972229003906,66427000
2026-06-30,AAPL,280.9277417485351,289.69017405322865,280.45814550695326,289.11065673828125,65100200
2026-07-01,AAPL,293.1871503157195,296.33442991747245,288.95081360688545,294.1263427734375,50164200
2026-07-02,AAPL,293.866538367699,309.15337194761725,293.4269150966668,308.3640441894531,75352800
2026-07-06,AAPL,307.0951430290638,313.9292760509671,306.7354678654279,312.3905944824219,53590000
2026-07-07,AAPL,315.0183186077797,315.20815732134815,309.88273318392555,310.3923034667969,42490000
2026-07-08,AAPL,311.6412289475945,314.5487250421545,306.7854009831778,313.1199645996094,41323500
2026-07-09,AAPL,310.24243869469103,316.2572401947346,307.8944576262147,315.947509765625,48124500
2026-07-10,AAPL,314.4488202226986,316.6369356310425,311.9010296470402,315.0483093261719,34132300
2026-07-13,AAPL,316.7468014245228,323.171283634363,315.5078797345754,317.03656005859375,43257800
2026-07-14,AAPL,313.48965629761443,315.91755515351207,311.64124426456783,314.58868408203125,36336800
2026-07-15,AAPL,317.34631234952286,328.44675508114506,317.0465830462295,327.2178039550781,60957600
2026-07-16,AAPL,327.72736328456057,334.3915986652446,326.50841333986017,332.97283935546875,62970600
2026-07-17,AAPL,331.693929977533,334.7013154010385,328.71648699084636,333.452392578125,63407100
2026-07-20,AAPL,333.2226134619852,333.4224228207836,323.4010672140761,326.3085632324219,53468000
2026-07-21,AAPL,322.85156758462244,329.3159936819017,321.94234806189104,327.45758056640625,41338900
2026-07-22,AAPL,327.58746619388995,328.7164973399543,323.0613709608057,325.60919189453125,38755900
2026-07-23,AAPL,321.4527900194849,323.0214140443725,319.0748358849152,321.3828430175781,40840800
2026-07-24,AAPL,321.5127284115298,334.0818750563203,321.3428614810286,332.7330322265625,47489400
2026-07-27,AAPL,334.2517370375488,339.277401491225,333.73216560461384,336.61968994140625,49604300
2026-07-28,AAPL,339.73698155301014,342.59453283396704,335.31080637618777,339.78692626953125,51859000
2026-07-29,AAPL,339.43727163464206,344.2730974331505,337.0593175600121,337.8985900878906,56090800
2026-07-30,AAPL,332.8129674612056,334.4615395264105,329.30598233808786,333.1426696777344,74817800
2026-07-31,AAPL,304.54735603914753,310.4222943774597,299.7415030462749,308.6438293457031,132489100
2026-08-03,AAPL,309.313234694189,311.5313230344714,302.29929450581176,303.1585693359375,75052000
2026-08-04,AAPL,302.46913991298527,310.1525156602479,301.0603512911937,309.1134033203125,68001000
2026-08-05,AAPL,309.09342362565195,311.4414048335362,305.40663118634393,310.7320251464844,49438800
2026-08-06,AAPL,314.06913775686996,316.0174696892129,308.96355554648414,312.14080810546875,46139900
2026-08-07,AAPL,311.1816431226555,314.53873325457766,310.47223295908327,313.05999755859375,34437200
2026-08-10,AAPL,306.8299865722656,308.260009765625,304.6099853515625,308.260009765625,44812500
2026-08-11,AAPL,307.75,309.9700012207031,302.7900085449219,304.9100036621094,37476700
2026-08-12,AAPL,305.1000061035156,305.6600036621094,300.57000732421875,302.25,41657800
2026-08-13,AAPL,304.2099914550781,306.0,302.04998779296875,305.260009765625,40349300
2026-08-14,AAPL,306.0,307.489990234375,304.29998779296875,305.92999267578125,28229400
2026-08-17,AAPL,306.2099914550781,307.6600036621094,302.94000244140625,305.5899963378906,38169300
2026-08-18,AAPL,307.5799865722656,311.489990234375,305.739990234375,310.0299987792969,53424500
2026-08-19,AAPL,310.1400146484375,319.2799987792969,309.6000061035156,316.8299865722656,50505600
2026-08-20,AAPL,317.4599914550781,320.2799987792969,310.6499938964844,311.29998779296875,40959200
2026-08-21,AAPL,312.04998779296875,312.3800048828125,307.010009765625,309.3500061035156,46876800
2026-08-24,AAPL,311.4700012207031,313.3599853515625,309.9700012207031,310.3399963378906,34673600
2026-08-25,AAPL,310.7900085449219,313.5899963378906,308.2099914550781,309.8999938964844,25869800
2026-08-26,AAPL,310.29998779296875,315.42999267578125,308.79998779296875,313.45001220703125,34024500
2026-08-27,AAPL,310.54998779296875,315.3999938964844,309.3999938964844,314.5799865722656,32419200
2026-08-28,AAPL,316.8500061035156,322.3699951171875,315.45001220703125,319.70001220703125,38649400
2026-08-31,AAPL,319.6000061035156,321.239990234375,312.79998779296875,316.8500061035156,41242700
2026-09-01,AAPL,316.9800109863281,327.29998779296875,314.7300109863281,325.1300048828125,53167400
2026-09-02,AAPL,326.8699951171875,328.3999938964844,323.5299987792969,324.9599914550781,33776400
2026-09-03,AAPL,324.8699951171875,330.80999755859375,324.1099853515625,328.2099914550781,37225800
2026-09-04,AAPL,328.30999755859375,328.92999267578125,317.8599853515625,319.9700012207031,39606900
2026-09-08,AAPL,317.1000061035156,320.70001220703125,314.8999938964844,316.2200012207031,35477100
2026-09-09,AAPL,315.489990234375,319.1499938964844,309.8999938964844,315.3399963378906,65640000
2026-09-10,AAPL,316.6700134277344,326.739990234375,316.510009765625,326.57000732421875,70011900
2026-09-11,AAPL,327.45001220703125,336.2200012207031,326.29998779296875,332.2699890136719,50716900
2026-09-14,AAPL,334.7900085449219,335.5,331.3399963378906,333.0799865722656,39269100
2026-09-15,AAPL,330.1400146484375,331.7799987792969,328.3500061035156,331.3399963378906,31748200
2026-09-16,AAPL,332.5299987792969,335.4800109863281,330.70001220703125,332.4100036621094,35981000
2026-09-17,AAPL,334.7699890136719,338.3399963378906,330.17999267578125,337.0,36700200
2026-09-18,AAPL,337.9100036621094,338.489990234375,332.5299987792969,336.1300048828125,86588200
2026-09-21,AAPL,335.2799987792969,339.6400146484375,333.04998779296875,338.9800109863281,34999200
2026-09-22,AAPL,340.1400146484375,345.3399963378906,338.75,339.75,40711800
2026-09-23,AAPL,341.0799865722656,341.79998779296875,335.5,337.0199890136719,31658800
2026-09-24,AAPL,336.7200012207031,338.9100036621094,334.29998779296875,335.9200134277344,24686400
2024-09-25,AMZN,193.75,193.9499969482422,192.16000366210938,192.52999877929688,26391100
2024-09-26,AMZN,194.30999755859375,194.52999877929688,189.5399932861328,191.16000366210938,36334900
2024-09-27,AMZN,190.67999267578125,190.89999389648438,187.33999633789062,187.97000122070312,36002300
2024-09-30,AMZN,187.13999938964844,188.49000549316406,184.64999389648438,186.3300018310547,41583900
2024-10-01,AMZN,184.89999389648438,186.19000244140625,183.4499969482422,185.1300048828125,36044900
2024-10-02,AMZN,184.44000244140625,186.60000610351562,184.0399932861328,184.75999450683594,23704100
2024-10-03,AMZN,183.0500030517578,183.44000244140625,180.8800048828125,181.9600067138672,30204300
2024-10-04,AMZN,185.75,187.60000610351562,183.60000610351562,186.50999450683594,40890300
2024-10-07,AMZN,182.9499969482422,183.60000610351562,180.25,180.8000030517578,42364200
2024-10-08,AMZN,181.9199981689453,183.08999633789062,180.9199981689453,182.72000122070312,26372100
2024-10-09,AMZN,182.82000732421875,185.85000610351562,182.0500030517578,185.1699981689453,26343100
2024-10-10,AMZN,187.1300048828125,188.1300048828125,185.8300018310547,186.64999389648438,27785000
2024-10-11,AMZN,186.6300048828125,189.92999267578125,186.3000030517578,188.82000732421875,25751600
2024-10-14,AMZN,189.77999877929688,189.8300018310547,187.36000061035156,187.5399932861328,22614400
2024-10-15,AMZN,187.6300048828125,188.41000366210938,184.5800018310547,187.69000244140625,32178900
2024-10-16,AMZN,187.0500030517578,187.77999877929688,185.61000061035156,186.88999938964844,23456800
2024-10-17,AMZN,188.22000122070312,188.94000244140625,186.0,187.52999877929688,25039400
2024-10-18,AMZN,187.14999389648438,190.74000549316406,186.27999877929688,188.99000549316406,37417700
2024-10-21,AMZN,188.0500030517578,189.4600067138672,186.39999389648438,189.07000732421875,24639400
2024-10-22,AMZN,188.35000610351562,191.52000427246094,186.97999572753906,189.6999969482422,29650600
2024-10-23,AMZN,188.85000610351562,189.16000366210938,183.69000244140625,184.7100067138672,31937100
2024-10-24,AMZN,185.25,187.11000061035156,183.86000061035156,186.3800048828125,21647400
2024-10-25,AMZN,187.85000610351562,190.4499969482422,187.52999877929688,187.8300018310547,29362100
2024-10-28,AMZN,189.57000732421875,190.2100067138672,188.2100067138672,188.38999938964844,27930800
2024-10-29,AMZN,188.5800018310547,191.4600067138672,187.82000732421875,190.8300018310547,35690200
2024-10-30,AMZN,194.6999969482422,195.61000061035156,192.4199981689453,192.72999572753906,37707600
2024-10-31,AMZN,190.50999450683594,190.60000610351562,185.22999572753906,186.39999389648438,75146800
2024-11-01,AMZN,199.0,200.5,197.02000427246094,197.92999267578125,99687800
2024-11-04,AMZN,196.4499969482422,197.3300018310547,194.30999755859375,195.77999877929688,38492100
2024-11-05,AMZN,196.0399932861328,199.82000732421875,195.99000549316406,199.5,30564800
2024-11-06,AMZN,200.00999450683594,207.5500030517578,199.13999938964844,207.08999633789062,72292200
2024-11-07,AMZN,207.44000244140625,212.25,207.19000244140625,210.0500030517578,52878400
2024-11-08,AMZN,209.72000122070312,209.9600067138672,207.44000244140625,208.17999267578125,36075800
2024-11-11,AMZN,208.5,209.64999389648438,205.58999633789062,206.83999633789062,35456000
2024-11-12,AMZN,208.3699951171875,209.5399932861328,206.00999450683594,208.91000366210938,38942900
2024-11-13,AMZN,209.39999389648438,215.08999633789062,209.13999938964844,214.10000610351562,46212900
2024-11-14,AMZN,214.16000366210938,215.89999389648438,210.8800048828125,211.47999572753906,42620300
2024-11-15,AMZN,206.75999450683594,207.33999633789062,199.61000061035156,202.61000061035156,86591100
2024-11-18,AMZN,204.14999389648438,204.6699981689453,200.9499969482422,201.6999969482422,36409900
2024-11-19,AMZN,199.3300018310547,205.3000030517578,198.77999877929688,204.61000061035156,31197900
2024-11-20,AMZN,202.97999572753906,203.1300048828125,199.4499969482422,202.8800048828125,32769000
2024-11-21,AMZN,203.49000549316406,203.49000549316406,195.75,198.3800048828125,58800000
2024-11-22,AMZN,198.25,199.25999450683594,196.75,197.1199951171875,31530800
2024-11-25,AMZN,199.27999877929688,201.9499969482422,199.0,201.4499969482422,40685700
2024-11-26,AMZN,201.89999389648438,208.0,201.7899932861328,207.86000061035156,41673700
2024-11-27,AMZN,206.97999572753906,207.63999938964844,205.0500030517578,205.74000549316406,28061600
2024-11-29,AMZN,205.8300018310547,208.1999969482422,204.58999633789062,207.88999938964844,24892400
2024-12-02,AMZN,209.9600067138672,212.99000549316406,209.50999450683594,210.7100067138672,39523200
2024-12-03,AMZN,210.30999755859375,214.02000427246094,209.64999389648438,213.44000244140625,32214800
2024-12-04,AMZN,215.9600067138672,220.0,215.75,218.16000366210938,48745700
2024-12-05,AMZN,218.02999877929688,222.14999389648438,217.3000030517578,220.5500030517578,41140200
2024-12-06,AMZN,220.75,227.14999389648438,220.60000610351562,227.02999877929688,44178100
2024-12-09,AMZN,227.2100067138672,230.0800018310547,225.6699981689453,226.08999633789062,46819400
2024-12-10,AMZN,226.08999633789062,229.05999755859375,224.1999969482422,225.0399932861328,31199900
2024-12-11,AMZN,226.41000366210938,231.1999969482422,226.25999450683594,230.25999450683594,35385800
2024-12-12,AMZN,229.8300018310547,231.08999633789062,227.6300048828125,228.97000122070312,28204100
2024-12-13,AMZN,228.39999389648438,230.1999969482422,225.86000061035156,227.4600067138672,28768100
2024-12-16,AMZN,230.22999572753906,233.0,228.00999450683594,232.92999267578125,37552100
2024-12-17,AMZN,232.38999938964844,232.72999572753906,227.85000610351562,231.14999389648438,35948100
2024-12-18,AMZN,230.77000427246094,231.39999389648438,220.11000061035156,220.52000427246094,43281400
2024-12-19,AMZN,224.91000366210938,226.08999633789062,222.9199981689453,223.2899932861328,39918700
2024-12-20,AMZN,219.83999633789062,226.2100067138672,218.72999572753906,224.9199981689453,88279200
2024-12-23,AMZN,225.00999450683594,226.8800048828125,223.89999389648438,225.05999755859375,28070000
2024-12-24,AMZN,226.94000244140625,229.13999938964844,226.1300048828125,229.0500030517578,15007500
2024-12-26,AMZN,228.5,228.5,226.6699981689453,227.0500030517578,16146700
2024-12-27,AMZN,225.60000610351562,226.02999877929688,220.89999389648438,223.75,27367100
2024-12-30,AMZN,220.05999755859375,223.0,218.42999267578125,221.3000030517578,28321200
2024-12-31,AMZN,222.97000122070312,223.22999572753906,218.94000244140625,219.38999938964844,24819700
2025-01-02,AMZN,222.02999877929688,225.14999389648438,218.19000244140625,220.22000122070312,33956600
2025-01-03,AMZN,222.50999450683594,225.36000061035156,221.6199951171875,224.19000244140625,27515600
2025-01-06,AMZN,226.77999877929688,228.83999633789062,224.83999633789062,227.61000061035156,31849800
2025-01-07,AMZN,227.89999389648438,228.3800048828125,221.4600067138672,222.11000061035156,28084200
2025-01-08,AMZN,223.19000244140625,223.52000427246094,220.1999969482422,222.1300048828125,25033300
2025-01-10,AMZN,221.4600067138672,221.7100067138672,216.5,218.94000244140625,36811500
2025-01-13,AMZN,218.05999755859375,219.39999389648438,216.47000122070312,218.4600067138672,27262700
2025-01-14,AMZN,220.44000244140625,221.82000732421875,216.1999969482422,217.75999450683594,24711700
2025-01-15,AMZN,222.8300018310547,223.57000732421875,220.75,223.35000610351562,31291300
2025-01-16,AMZN,224.4199981689453,224.64999389648438,220.30999755859375,220.66000366210938,24757300
2025-01-17,AMZN,225.83999633789062,226.50999450683594,223.0800018310547,225.94000244140625,42370100
2025-01-21,AMZN,228.89999389648438,231.77999877929688,226.94000244140625,230.7100067138672,39951500
2025-01-22,AMZN,232.02000427246094,235.44000244140625,231.19000244140625,235.00999450683594,41448200
2025-01-23,AMZN,234.10000610351562,235.52000427246094,231.50999450683594,235.4199981689453,26404400
2025-01-24,AMZN,234.5,236.39999389648438,232.92999267578125,234.85000610351562,25890700
2025-01-27,AMZN,226.2100067138672,235.61000061035156,225.86000061035156,235.4199981689453,49428300
2025-01-28,AMZN,234.2899932861328,241.77000427246094,233.97999572753906,238.14999389648438,41587200
2025-01-29,AMZN,239.02000427246094,240.38999938964844,236.14999389648438,237.07000732421875,26091700
2025-01-30,AMZN,237.13999938964844,237.9499969482422,232.22000122070312,234.63999938964844,32020700
2025-01-31,AMZN,236.5,240.2899932861328,236.41000366210938,237.67999267578125,36110200
2025-02-03,AMZN,234.05999755859375,239.25,232.89999389648438,237.4199981689453,37285900
2025-02-04,AMZN,239.00999450683594,242.52000427246094,238.02999877929688,242.05999755859375,29713800
2025-02-05,AMZN,237.02000427246094,238.32000732421875,235.1999969482422,236.1699981689453,38727300
2025-02-06,AMZN,238.00999450683594,239.66000366210938,236.00999450683594,238.8300018310547,60897100
2025-02-07,AMZN,232.5,234.80999755859375,228.05999755859375,229.14999389648438,77539300
2025-02-10,AMZN,230.5500030517578,233.9199981689453,229.1999969482422,233.13999938964844,35419900
2025-02-11,AMZN,231.9199981689453,233.44000244140625,230.1300048828125,232.75999450683594,23713700
2025-02-12,AMZN,230.4600067138672,231.17999267578125,228.16000366210938,228.92999267578125,32285200
2025-02-13,AMZN,228.85000610351562,230.4199981689453,227.52000427246094,230.3699951171875,31346500
2025-02-14,AMZN,229.1999969482422,229.88999938964844,227.22999572753906,228.67999267578125,27031100
2025-02-18,AMZN,228.82000732421875,229.3000030517578,223.72000122070312,226.64999389648438,42975100
2025-02-19,AMZN,225.52000427246094,226.8300018310547,223.7100067138672,226.6300048828125,28566700
2025-02-20,AMZN,224.77999877929688,225.1300048828125,221.80999755859375,222.8800048828125,30001700
2025-02-21,AMZN,223.27999877929688,223.30999755859375,214.74000549316406,216.5800018310547,55323900
2025-02-24,AMZN,217.4499969482422,217.72000122070312,212.4199981689453,212.7100067138672,42387600
2025-02-25,AMZN,211.6300048828125,213.33999633789062,204.16000366210938,212.8000030517578,58958000
2025-02-26,AMZN,214.94000244140625,218.16000366210938,213.08999633789062,214.35000610351562,39120600
2025-02-27,AMZN,218.35000610351562,219.97000122070312,208.3699951171875,208.74000549316406,40548600
2025-02-28,AMZN,208.64999389648438,212.6199951171875,206.99000549316406,212.27999877929688,51771700
2025-03-03,AMZN,213.35000610351562,214.00999450683594,202.5500030517578,205.02000427246094,42948400
2025-03-04,AMZN,200.11000061035156,206.8000030517578,197.42999267578125,203.8000030517578,60853100
2025-03-05,AMZN,204.8000030517578,209.97999572753906,203.25999450683594,208.36000061035156,38610100
2025-03-06,AMZN,204.39999389648438,205.77000427246094,198.3000030517578,200.6999969482422,49863800
2025-03-07,AMZN,199.49000549316406,202.27000427246094,192.52999877929688,199.25,59802800
2025-03-10,AMZN,195.60000610351562,196.72999572753906,190.85000610351562,194.5399932861328,62350900
2025-03-11,AMZN,193.89999389648438,200.17999267578125,193.39999389648438,196.58999633789062,54002900
2025-03-12,AMZN,200.72000122070312,201.52000427246094,195.2899932861328,198.88999938964844,43679300
2025-03-13,AMZN,198.1699981689453,198.8800048828125,191.82000732421875,193.88999938964844,41270800
2025-03-14,AMZN,197.41000366210938,198.64999389648438,195.32000732421875,197.9499969482422,38096700
2025-03-17,AMZN,198.77000427246094,199.0,194.32000732421875,195.74000549316406,47341800
2025-03-18,AMZN,192.52000427246094,194.0,189.3800048828125,192.82000732421875,40414900
2025-03-19,AMZN,193.3800048828125,195.97000122070312,191.9600067138672,195.5399932861328,39442900
2025-03-20,AMZN,193.07000732421875,199.32000732421875,192.3000030517578,194.9499969482422,38921100
2025-03-21,AMZN,192.89999389648438,196.99000549316406,192.52000427246094,196.2100067138672,60056900
2025-03-24,AMZN,200.0,203.63999938964844,199.9499969482422,203.25999450683594,41625400
2025-03-25,AMZN,203.60000610351562,206.2100067138672,203.22000122070312,205.7100067138672,31171200
2025-03-26,AMZN,205.83999633789062,206.00999450683594,199.92999267578125,201.1300048828125,32855300
2025-03-27,AMZN,200.88999938964844,203.7899932861328,199.27999877929688,201.36000061035156,27317700
2025-03-28,AMZN,198.4199981689453,199.25999450683594,191.8800048828125,192.72000122070312,52548200
2025-03-31,AMZN,188.19000244140625,191.3300018310547,184.39999389648438,190.25999450683594,63547600
2025-04-01,AMZN,187.86000061035156,193.92999267578125,187.1999969482422,192.1699981689453,41267300
2025-04-02,AMZN,187.66000366210938,198.33999633789062,187.66000366210938,196.00999450683594,53679200
2025-04-03,AMZN,183.0,184.1300048828125,176.9199981689453,178.41000366210938,95553600
2025-04-04,AMZN,167.14999389648438,178.13999938964844,166.0,171.0,123159400
2025-04-07,AMZN,162.0,183.41000366210938,161.3800048828125,175.25999450683594,109327100
2025-04-08,AMZN,185.22999572753906,185.89999389648438,168.57000732421875,170.66000366210938,87710400
2025-04-09,AMZN,172.1199951171875,192.64999389648438,169.92999267578125,191.10000610351562,116804300
2025-04-10,AMZN,185.44000244140625,186.8699951171875,175.85000610351562,181.22000122070312,68302000
2025-04-11,AMZN,179.92999267578125,185.86000061035156,178.0,184.8699951171875,50594300
2025-04-14,AMZN,186.83999633789062,187.44000244140625,179.22999572753906,182.1199951171875,48002500
2025-04-15,AMZN,181.41000366210938,182.35000610351562,177.92999267578125,179.58999633789062,43642000
2025-04-16,AMZN,176.2899932861328,179.10000610351562,171.41000366210938,174.3300018310547,51875300
2025-04-17,AMZN,176.0,176.2100067138672,172.0,172.61000061035156,44726500
2025-04-21,AMZN,169.60000610351562,169.60000610351562,165.2899932861328,167.32000732421875,48126100
2025-04-22,AMZN,169.85000610351562,176.77999877929688,169.35000610351562,173.17999267578125,56607200
2025-04-23,AMZN,183.4499969482422,187.3800048828125,180.19000244140625,180.60000610351562,63470100
2025-04-24,AMZN,180.9199981689453,186.74000549316406,180.17999267578125,186.5399932861328,43763200
2025-04-25,AMZN,187.6199951171875,189.94000244140625,185.49000549316406,188.99000549316406,36414300
2025-04-28,AMZN,190.11000061035156,190.22000122070312,184.88999938964844,187.6999969482422,33224700
2025-04-29,AMZN,183.99000549316406,188.02000427246094,183.67999267578125,187.38999938964844,41667300
2025-04-30,AMZN,182.1699981689453,185.0500030517578,178.85000610351562,184.4199981689453,55176500
2025-05-01,AMZN,190.6300048828125,191.80999755859375,187.5,190.1999969482422,74266000
2025-05-02,AMZN,191.44000244140625,192.8800048828125,186.39999389648438,189.97999572753906,77903500
2025-05-05,AMZN,186.50999450683594,188.17999267578125,185.52999877929688,186.35000610351562,35217500
2025-05-06,AMZN,184.57000732421875,187.92999267578125,183.85000610351562,185.00999450683594,29314100
2025-05-07,AMZN,185.55999755859375,190.99000549316406,185.00999450683594,188.7100067138672,43948600
2025-05-08,AMZN,191.42999267578125,194.3300018310547,188.82000732421875,192.0800018310547,41043600
2025-05-09,AMZN,193.3800048828125,194.69000244140625,191.16000366210938,193.05999755859375,29663100
2025-05-12,AMZN,210.7100067138672,211.66000366210938,205.75,208.63999938964844,75205000
2025-05-13,AMZN,211.0800018310547,214.83999633789062,210.10000610351562,211.3699951171875,56193700
2025-05-14,AMZN,211.4499969482422,211.92999267578125,208.85000610351562,210.25,38492100
2025-05-15,AMZN,206.4499969482422,206.8800048828125,202.6699981689453,205.1699981689453,64347300
2025-05-16,AMZN,206.85000610351562,206.85000610351562,204.3699951171875,205.58999633789062,43318500
2025-05-19,AMZN,201.64999389648438,206.6199951171875,201.25999450683594,206.16000366210938,34314800
2025-05-20,AMZN,204.6300048828125,205.58999633789062,202.64999389648438,204.07000732421875,29470400
2025-05-21,AMZN,201.61000061035156,203.4600067138672,200.05999755859375,201.1199951171875,42460900
2025-05-22,AMZN,201.3800048828125,205.75999450683594,200.16000366210938,203.10000610351562,38938900
2025-05-23,AMZN,198.89999389648438,202.3699951171875,197.85000610351562,200.99000549316406,33393500
2025-05-27,AMZN,203.08999633789062,206.69000244140625,202.19000244140625,206.02000427246094,34892000
2025-05-28,AMZN,205.9199981689453,207.66000366210938,204.41000366210938,204.72000122070312,28549800
2025-05-29,AMZN,208.02999877929688,208.80999755859375,204.22999572753906,205.6999969482422,34650000
2025-05-30,AMZN,204.83999633789062,205.99000549316406,201.6999969482422,205.00999450683594,51679400
2025-06-02,AMZN,204.97999572753906,207.0,202.67999267578125,206.64999389648438,29113300
2025-06-03,AMZN,207.11000061035156,208.9499969482422,205.02999877929688,205.7100067138672,33139100
2025-06-04,AMZN,206.5500030517578,208.17999267578125,205.17999267578125,207.22999572753906,29915600
2025-06-05,AMZN,209.5500030517578,212.80999755859375,207.55999755859375,207.91000366210938,51864200
2025-06-06,AMZN,212.39999389648438,213.8699951171875,210.5,213.57000732421875,39832500
2025-06-09,AMZN,214.75,217.85000610351562,212.8800048828125,216.97999572753906,38102500
2025-06-10,AMZN,216.77999877929688,217.69000244140625,214.14999389648438,217.61000061035156,31303300
2025-06-11,AMZN,217.41000366210938,218.39999389648438,212.88999938964844,213.1999969482422,39326000
2025-06-12,AMZN,211.77999877929688,213.5800018310547,211.3300018310547,213.24000549316406,27640000
2025-06-13,AMZN,209.9600067138672,214.0500030517578,209.6199951171875,212.10000610351562,29337800
2025-06-16,AMZN,212.30999755859375,217.05999755859375,211.60000610351562,216.10000610351562,33284200
2025-06-17,AMZN,215.1999969482422,217.41000366210938,214.55999755859375,214.82000732421875,32086300
2025-06-18,AMZN,215.08999633789062,217.9600067138672,212.33999633789062,212.52000427246094,44360500
2025-06-20,AMZN,214.67999267578125,214.88999938964844,208.27000427246094,209.69000244140625,75350700
2025-06-23,AMZN,209.7899932861328,210.38999938964844,207.30999755859375,208.47000122070312,37311700
2025-06-24,AMZN,212.13999938964844,214.33999633789062,211.0500030517578,212.77000427246094,38378800
2025-06-25,AMZN,214.6199951171875,216.02999877929688,211.11000061035156,211.99000549316406,31755700
2025-06-26,AMZN,213.1199951171875,218.0399932861328,212.00999450683594,217.1199951171875,50480800
2025-06-27,AMZN,219.9199981689453,223.3000030517578,216.74000549316406,223.3000030517578,119217100
2025-06-30,AMZN,223.52000427246094,223.82000732421875,219.1199951171875,219.38999938964844,58887800
2025-07-01,AMZN,219.5,221.8800048828125,217.92999267578125,220.4600067138672,39256800
2025-07-02,AMZN,219.72999572753906,221.60000610351562,219.05999755859375,219.9199981689453,30894200
2025-07-03,AMZN,221.82000732421875,224.00999450683594,221.36000061035156,223.41000366210938,29632400
2025-07-07,AMZN,223.0,224.2899932861328,222.3699951171875,223.47000122070312,36604100
2025-07-08,AMZN,223.9199981689453,224.0,218.42999267578125,219.36000061035156,45692000
2025-07-09,AMZN,221.07000732421875,224.2899932861328,220.47000122070312,222.5399932861328,38155100
2025-07-10,AMZN,221.5500030517578,222.7899932861328,219.6999969482422,222.25999450683594,30370600
2025-07-11,AMZN,223.5800018310547,226.67999267578125,222.3699951171875,225.02000427246094,50518300
2025-07-14,AMZN,225.07000732421875,226.66000366210938,224.24000549316406,225.69000244140625,35702600
2025-07-15,AMZN,226.1999969482422,227.27000427246094,225.4600067138672,226.35000610351562,34907300
2025-07-16,AMZN,225.8800048828125,226.10000610351562,222.17999267578125,223.19000244140625,39535900
2025-07-17,AMZN,223.32000732421875,224.5,222.50999450683594,223.8800048828125,31855800
2025-07-18,AMZN,225.13999938964844,226.39999389648438,222.97999572753906,226.1300048828125,37833800
2025-07-21,AMZN,225.83999633789062,229.69000244140625,225.64999389648438,229.3000030517578,40297600
2025-07-22,AMZN,229.67999267578125,230.0,226.35000610351562,227.47000122070312,37483700
2025-07-23,AMZN,228.47000122070312,228.7899932861328,227.08999633789062,228.2899932861328,28294900
2025-07-24,AMZN,229.1699981689453,236.0,228.63999938964844,232.22999572753906,42902300
2025-07-25,AMZN,232.22000122070312,232.47999572753906,231.17999267578125,231.44000244140625,28712100
2025-07-28,AMZN,233.35000610351562,234.2899932861328,232.25,232.7899932861328,26300100
2025-07-29,AMZN,234.14999389648438,234.72000122070312,230.30999755859375,231.00999450683594,33716200
2025-07-30,AMZN,231.63999938964844,231.8000030517578,229.2899932861328,230.19000244140625,32993300
2025-07-31,AMZN,235.77000427246094,236.52999877929688,231.39999389648438,234.11000061035156,104357300
2025-08-01,AMZN,217.2100067138672,220.44000244140625,212.8000030517578,214.75,122258800
2025-08-04,AMZN,217.39999389648438,217.44000244140625,211.4199981689453,211.64999389648438,77890100
2025-08-05,AMZN,213.0500030517578,216.3000030517578,212.8699951171875,213.75,51505100
2025-08-06,AMZN,214.6999969482422,222.64999389648438,213.74000549316406,222.30999755859375,54823000
2025-08-07,AMZN,221.0,226.22000122070312,220.82000732421875,223.1300048828125,40603500
2025-08-08,AMZN,223.13999938964844,223.8000030517578,221.8800048828125,222.69000244140625,32970500
2025-08-11,AMZN,221.77999877929688,223.0500030517578,220.39999389648438,221.3000030517578,31646200
2025-08-12,AMZN,222.22999572753906,223.5,219.0500030517578,221.47000122070312,37185800
2025-08-13,AMZN,222.0,224.9199981689453,222.0,224.55999755859375,36508300
2025-08-14,AMZN,227.39999389648438,233.11000061035156,227.02000427246094,230.97999572753906,61545800
2025-08-15,AMZN,232.5800018310547,234.0800018310547,229.80999755859375,231.02999877929688,39649200
2025-08-18,AMZN,230.22999572753906,231.91000366210938,228.3300018310547,231.49000549316406,25248900
2025-08-19,AMZN,230.08999633789062,230.52999877929688,227.1199951171875,228.00999450683594,29891000
2025-08-20,AMZN,227.1199951171875,227.27000427246094,220.9199981689453,223.80999755859375,36604300
2025-08-21,AMZN,222.64999389648438,222.77999877929688,220.5,221.9499969482422,32140500
2025-08-22,AMZN,222.7899932861328,229.13999938964844,220.82000732421875,228.83999633789062,37315300
2025-08-25,AMZN,227.35000610351562,229.60000610351562,227.30999755859375,227.94000244140625,22633700
2025-08-26,AMZN,227.11000061035156,229.0,226.02000427246094,228.7100067138672,26105400
2025-08-27,AMZN,228.57000732421875,229.8699951171875,227.80999755859375,229.1199951171875,21254500
2025-08-28,AMZN,229.00999450683594,232.7100067138672,228.02000427246094,231.60000610351562,33679600
2025-08-29,AMZN,231.32000732421875,231.80999755859375,228.16000366210938,229.0,26199200
2025-09-02,AMZN,223.52000427246094,226.1699981689453,221.8300018310547,225.33999633789062,38843900
2025-09-03,AMZN,225.2100067138672,227.1699981689453,224.36000061035156,225.99000549316406,29223100
2025-09-04,AMZN,231.19000244140625,235.77000427246094,230.77999877929688,235.67999267578125,59391800
2025-09-05,AMZN,235.19000244140625,236.0,231.92999267578125,232.3300018310547,36721800
2025-09-08,AMZN,234.94000244140625,237.60000610351562,233.75,235.83999633789062,33947100
2025-09-09,AMZN,236.36000061035156,238.85000610351562,235.0800018310547,238.24000549316406,27033800
2025-09-10,AMZN,237.52000427246094,237.67999267578125,229.10000610351562,230.3300018310547,60907700
2025-09-11,AMZN,231.49000549316406,231.52999877929688,229.33999633789062,229.9499969482422,37485600
2025-09-12,AMZN,230.35000610351562,230.7899932861328,226.2899932861328,228.14999389648438,38496200
2025-09-15,AMZN,230.6300048828125,233.72999572753906,230.32000732421875,231.42999267578125,33243300
2025-09-16,AMZN,232.94000244140625,235.89999389648438,232.22999572753906,234.0500030517578,38203900
2025-09-17,AMZN,233.77000427246094,234.3000030517578,228.7100067138672,231.6199951171875,42815200
2025-09-18,AMZN,232.5,233.47999572753906,228.7899932861328,231.22999572753906,37931700
2025-09-19,AMZN,232.3699951171875,234.16000366210938,229.6999969482422,231.47999572753906,97943200
2025-09-22,AMZN,230.55999755859375,230.57000732421875,227.50999450683594,227.6300048828125,45914500
2025-09-23,AMZN,227.8300018310547,227.86000061035156,220.07000732421875,220.7100067138672,70956200
2025-09-24,AMZN,224.14999389648438,224.55999755859375,219.4499969482422,220.2100067138672,49509000
2025-09-25,AMZN,220.05999755859375,220.6699981689453,216.47000122070312,218.14999389648438,52226300
2025-09-26,AMZN,219.0800018310547,221.0500030517578,218.02000427246094,219.77999877929688,41650100
2025-09-29,AMZN,220.0800018310547,222.60000610351562,219.3000030517578,222.1699981689453,44259200
2025-09-30,AMZN,222.02999877929688,222.24000549316406,217.88999938964844,219.57000732421875,48396400
2025-10-01,AMZN,217.36000061035156,222.14999389648438,216.61000061035156,220.6300048828125,43933800
2025-10-02,AMZN,221.00999450683594,222.80999755859375,218.9499969482422,222.41000366210938,41258600
2025-10-03,AMZN,223.44000244140625,224.1999969482422,219.33999633789062,219.50999450683594,43639000
2025-10-06,AMZN,221.0,221.72999572753906,216.02999877929688,220.89999389648438,43690900
2025-10-07,AMZN,220.8800048828125,222.88999938964844,220.1699981689453,221.77999877929688,31194700
2025-10-08,AMZN,222.9199981689453,226.72999572753906,221.19000244140625,225.22000122070312,46686000
2025-10-09,AMZN,225.0,228.2100067138672,221.75,227.74000549316406,46412100
2025-10-10,AMZN,226.2100067138672,228.25,216.0,216.3699951171875,72367500
2025-10-13,AMZN,217.6999969482422,220.67999267578125,217.0399932861328,220.07000732421875,37809700
2025-10-14,AMZN,215.55999755859375,219.32000732421875,212.60000610351562,216.38999938964844,45665600
2025-10-15,AMZN,216.6199951171875,217.7100067138672,212.66000366210938,215.57000732421875,45909500
2025-10-16,AMZN,215.6699981689453,218.58999633789062,212.80999755859375,214.47000122070312,42414600
2025-10-17,AMZN,214.55999755859375,214.8000030517578,211.02999877929688,213.0399932861328,45986900
2025-10-20,AMZN,213.8800048828125,216.69000244140625,213.58999633789062,216.47999572753906,38882800
2025-10-21,AMZN,218.42999267578125,223.32000732421875,217.99000549316406,222.02999877929688,50494600
2025-10-22,AMZN,219.3000030517578,220.00999450683594,216.52000427246094,217.9499969482422,44308500
2025-10-23,AMZN,219.0,221.3000030517578,218.17999267578125,221.08999633789062,31540000
2025-10-24,AMZN,221.97000122070312,225.39999389648438,221.89999389648438,224.2100067138672,38685100
2025-10-27,AMZN,227.66000366210938,228.39999389648438,225.5399932861328,226.97000122070312,38267000
2025-10-28,AMZN,228.22000122070312,231.49000549316406,226.2100067138672,229.25,47100000
2025-10-29,AMZN,231.6699981689453,232.82000732421875,227.75999450683594,230.3000030517578,52036200
2025-10-30,AMZN,227.05999755859375,228.44000244140625,222.75,222.86000061035156,102252900
2025-10-31,AMZN,250.10000610351562,250.5,243.97999572753906,244.22000122070312,166340800
2025-11-03,AMZN,255.36000061035156,258.6000061035156,252.89999389648438,254.0,95997800
2025-11-04,AMZN,250.3800048828125,257.010009765625,248.66000366210938,249.32000732421875,51546300
2025-11-05,AMZN,249.02999877929688,251.0,246.16000366210938,250.1999969482422,40610700
2025-11-06,AMZN,249.16000366210938,250.3800048828125,242.1699981689453,243.0399932861328,46004200
2025-11-07,AMZN,242.89999389648438,244.89999389648438,238.49000549316406,244.41000366210938,46374300
2025-11-10,AMZN,248.33999633789062,251.75,245.58999633789062,248.39999389648438,36476500
2025-11-11,AMZN,248.41000366210938,249.75,247.22999572753906,249.10000610351562,23564100
2025-11-12,AMZN,250.24000549316406,250.3699951171875,243.75,244.1999969482422,31190100
2025-11-13,AMZN,243.0500030517578,243.75,236.5,237.5800018310547,41401700
2025-11-14,AMZN,235.05999755859375,238.72999572753906,232.88999938964844,234.69000244140625,38956700
2025-11-17,AMZN,233.25,234.60000610351562,229.19000244140625,232.8699951171875,59919000
2025-11-18,AMZN,228.10000610351562,230.1999969482422,222.4199981689453,222.5500030517578,60608400
2025-11-19,AMZN,223.74000549316406,223.74000549316406,218.52000427246094,222.69000244140625,58335600
2025-11-20,AMZN,227.0500030517578,227.41000366210938,216.74000549316406,217.13999938964844,50309000
2025-11-21,AMZN,216.35000610351562,222.2100067138672,215.17999267578125,220.69000244140625,68490500
2025-11-24,AMZN,222.55999755859375,227.3300018310547,222.27000427246094,226.27999877929688,54318400
2025-11-25,AMZN,226.3800048828125,230.52000427246094,223.8000030517578,229.6699981689453,39379300
2025-11-26,AMZN,230.74000549316406,231.75,228.77000427246094,229.16000366210938,38497900
2025-11-28,AMZN,231.24000549316406,233.2899932861328,230.22000122070312,233.22000122070312,20292300
2025-12-01,AMZN,233.22000122070312,235.8000030517578,232.25,233.8800048828125,42904000
2025-12-02,AMZN,235.00999450683594,238.97000122070312,233.5500030517578,234.4199981689453,45785400
2025-12-03,AMZN,233.35000610351562,233.3800048828125,230.61000061035156,232.3800048828125,35495100
2025-12-04,AMZN,232.77000427246094,233.5,226.8000030517578,229.11000061035156,45683200
2025-12-05,AMZN,230.32000732421875,231.24000549316406,228.5500030517578,229.52999877929688,33117400
2025-12-08,AMZN,229.58999633789062,230.8300018310547,226.27000427246094,226.88999938964844,35019200
2025-12-09,AMZN,226.83999633789062,228.57000732421875,225.11000061035156,227.9199981689453,25841700
2025-12-10,AMZN,228.80999755859375,232.4199981689453,228.4600067138672,231.77999877929688,38790700
2025-12-11,AMZN,230.7100067138672,232.11000061035156,228.69000244140625,230.27999877929688,28249600
2025-12-12,AMZN,229.8699951171875,230.0800018310547,225.1199951171875,226.19000244140625,35639100
2025-12-15,AMZN,227.92999267578125,227.92999267578125,221.5,222.5399932861328,47286100
2025-12-16,AMZN,223.0399932861328,223.66000366210938,221.1300048828125,222.55999755859375,39298900
2025-12-17,AMZN,224.66000366210938,225.19000244140625,220.99000549316406,221.27000427246094,44034400
2025-12-18,AMZN,225.7100067138672,229.22999572753906,224.41000366210938,226.75999450683594,50272400
2025-12-19,AMZN,226.75999450683594,229.1300048828125,225.5800018310547,227.35000610351562,85544400
2025-12-22,AMZN,228.61000061035156,229.47999572753906,226.7100067138672,228.42999267578125,32261300
2025-12-23,AMZN,229.05999755859375,232.4499969482422,228.72999572753906,232.13999938964844,29230200
2025-12-24,AMZN,232.1300048828125,232.9499969482422,231.3300018310547,232.3800048828125,11420500
2025-12-26,AMZN,232.0399932861328,232.99000549316406,231.17999267578125,232.52000427246094,15994700
2025-12-29,AMZN,231.94000244140625,232.60000610351562,230.77000427246094,232.07000732421875,19797900
2025-12-30,AMZN,231.2100067138672,232.77000427246094,230.1999969482422,232.52999877929688,21910500
2025-12-31,AMZN,232.91000366210938,232.99000549316406,230.1199951171875,230.82000732421875,24383700
2026-01-02,AMZN,231.33999633789062,235.4600067138672,224.6999969482422,226.5,51456200
2026-01-05,AMZN,228.83999633789062,234.0,227.17999267578125,233.05999755859375,49733300
2026-01-06,AMZN,232.10000610351562,243.17999267578125,232.07000732421875,240.92999267578125,53764700
2026-01-07,AMZN,239.61000061035156,245.2899932861328,239.52000427246094,241.55999755859375,42236500
2026-01-08,AMZN,243.05999755859375,246.41000366210938,241.8800048828125,246.2899932861328,39509800
2026-01-09,AMZN,244.57000732421875,247.86000061035156,242.24000549316406,247.3800048828125,34560000
2026-01-12,AMZN,246.72999572753906,248.94000244140625,245.9600067138672,246.47000122070312,35867800
2026-01-13,AMZN,246.52999877929688,247.66000366210938,240.25,242.60000610351562,38371800
2026-01-14,AMZN,241.14999389648438,241.27999877929688,236.22000122070312,236.64999389648438,41410600
2026-01-15,AMZN,239.30999755859375,240.64999389648438,236.6300048828125,238.17999267578125,43003600
2026-01-16,AMZN,239.08999633789062,239.57000732421875,236.41000366210938,239.1199951171875,45888300
2026-01-20,AMZN,233.75999450683594,235.08999633789062,229.33999633789062,231.0,47737900
2026-01-21,AMZN,231.08999633789062,232.3000030517578,226.8800048828125,231.30999755859375,47276100
2026-01-22,AMZN,234.0500030517578,235.72000122070312,230.89999389648438,234.33999633789062,31913300
2026-01-23,AMZN,234.9600067138672,240.4499969482422,234.57000732421875,239.16000366210938,33778500
2026-01-26,AMZN,239.97999572753906,240.9499969482422,237.5399932861328,238.4199981689453,32825500
2026-01-27,AMZN,239.69000244140625,244.8800048828125,238.0800018310547,244.67999267578125,38029200
2026-01-28,AMZN,246.3699951171875,247.77999877929688,241.52999877929688,243.00999450683594,40882700
2026-01-29,AMZN,242.82000732421875,243.0,236.74000549316406,241.72999572753906,47229600
2026-01-30,AMZN,239.88999938964844,243.32000732421875,237.63999938964844,239.3000030517578,46585000
2026-02-02,AMZN,238.30999755859375,245.6300048828125,238.1699981689453,242.9600067138672,37546100
2026-02-03,AMZN,244.97999572753906,246.35000610351562,235.4499969482422,238.6199951171875,53831300
2026-02-04,AMZN,238.86000061035156,238.86000061035156,231.82000732421875,232.99000549316406,51299900
2026-02-05,AMZN,224.91000366210938,226.30999755859375,220.3800048828125,222.69000244140625,103509200
2026-02-06,AMZN,202.6999969482422,211.44000244140625,200.30999755859375,210.32000732421875,179210900
2026-02-09,AMZN,208.97000122070312,212.80999755859375,203.35000610351562,208.72000122070312,91178400
2026-02-10,AMZN,208.8000030517578,212.64999389648438,206.41000366210938,206.9600067138672,67175000
2026-02-11,AMZN,208.05999755859375,208.57000732421875,202.49000549316406,204.0800018310547,65545500
2026-02-12,AMZN,203.9600067138672,203.9600067138672,197.55999755859375,199.60000610351562,83975400
2026-02-13,AMZN,198.8800048828125,201.16000366210938,197.27999877929688,198.7899932861328,66321600
2026-02-17,AMZN,198.1300048828125,201.74000549316406,196.0,201.14999389648438,69879200
2026-02-18,AMZN,202.07000732421875,206.86000061035156,201.50999450683594,204.7899932861328,51003300
2026-02-19,AMZN,203.8000030517578,205.63999938964844,202.80999755859375,204.86000061035156,35669600
2026-02-20,AMZN,204.75999450683594,211.1699981689453,203.75,210.11000061035156,65881600
2026-02-23,AMZN,208.10000610351562,208.42999267578125,203.11000061035156,205.27000427246094,53581500
2026-02-24,AMZN,205.47000122070312,210.36000061035156,203.25,208.55999755859375,41137200
2026-02-25,AMZN,210.4600067138672,211.58999633789062,208.92999267578125,210.63999938964844,41346400
2026-02-26,AMZN,210.72999572753906,211.0500030517578,205.35000610351562,207.9199981689453,47756800
2026-02-27,AMZN,206.8300018310547,210.3300018310547,205.1999969482422,210.0,57422800
2026-03-02,AMZN,204.5500030517578,209.72999572753906,203.4600067138672,208.38999938964844,46001000
2026-03-03,AMZN,203.10000610351562,209.17999267578125,202.47999572753906,208.72999572753906,43184900
2026-03-04,AMZN,210.47000122070312,217.5399932861328,210.14999389648438,216.82000732421875,54731100
2026-03-05,AMZN,215.97999572753906,220.47000122070312,215.58999633789062,218.94000244140625,60943400
2026-03-06,AMZN,214.99000549316406,217.32000732421875,212.52999877929688,213.2100067138672,51152700
2026-03-09,AMZN,210.4499969482422,213.82000732421875,207.11000061035156,213.49000549316406,54642900
2026-03-10,AMZN,214.19000244140625,215.64999389648438,212.42999267578125,214.3300018310547,35678800
2026-03-11,AMZN,215.7100067138672,217.0,211.35000610351562,212.64999389648438,34199300
2026-03-12,AMZN,210.38999938964844,211.7100067138672,208.14999389648438,209.52999877929688,44349500
2026-03-13,AMZN,209.61000061035156,210.55999755859375,206.22000122070312,207.6699981689453,35662100
2026-03-16,AMZN,208.35000610351562,212.72000122070312,207.4499969482422,211.74000549316406,42209300
2026-03-17,AMZN,212.82000732421875,215.6999969482422,212.42999267578125,215.1999969482422,44969900
2026-03-18,AMZN,213.92999267578125,215.13999938964844,208.8300018310547,209.8699951171875,37846600
2026-03-19,AMZN,207.05999755859375,209.1199951171875,206.0500030517578,208.75999450683594,36440600
2026-03-20,AMZN,207.39999389648438,207.5399932861328,204.32000732421875,205.3699951171875,63694600
2026-03-23,AMZN,209.7899932861328,212.8000030517578,209.50999450683594,210.13999938964844,44277400
2026-03-24,AMZN,207.9499969482422,209.35000610351562,206.63999938964844,207.24000549316406,35351400
2026-03-25,AMZN,211.55999755859375,213.07000732421875,209.89999389648438,211.7100067138672,36388800
2026-03-26,AMZN,210.61000061035156,212.88999938964844,207.1199951171875,207.5399932861328,46746000
2026-03-27,AMZN,206.4600067138672,206.60000610351562,199.13999938964844,199.33999633789062,56009800
2026-03-30,AMZN,201.47999572753906,203.8000030517578,199.97999572753906,200.9499969482422,46373800
2026-03-31,AMZN,204.85000610351562,210.27999877929688,204.13999938964844,208.27000427246094,58470100
2026-04-01,AMZN,210.44000244140625,213.5800018310547,208.19000244140625,210.57000732421875,45955400
2026-04-02,AMZN,206.5399932861328,212.2100067138672,204.89999389648438,209.77000427246094,31453000
2026-04-06,AMZN,209.8000030517578,212.9499969482422,209.58999633789062,212.7899932861328,25385500
2026-04-07,AMZN,211.24000549316406,213.97000122070312,209.0800018310547,213.77000427246094,28154600
2026-04-08,AMZN,223.7899932861328,226.10000610351562,219.6199951171875,221.25,51092700
2026-04-09,AMZN,225.22999572753906,233.8000030517578,223.27000427246094,233.64999389648438,65964200
2026-04-10,AMZN,235.3000030517578,240.42999267578125,235.2100067138672,238.3800048828125,56912800
2026-04-13,AMZN,237.4499969482422,240.0,235.75,239.88999938964844,42166200
2026-04-14,AMZN,241.77999877929688,252.17999267578125,241.77999877929688,249.02000427246094,72685000
2026-04-15,AMZN,249.25,250.44000244140625,247.1999969482422,248.5,43045200
2026-04-16,AMZN,248.50999450683594,250.0,244.1999969482422,249.6999969482422,41895700
2026-04-17,AMZN,254.99000549316406,256.17999267578125,250.11000061035156,250.55999755859375,52029300
2026-04-20,AMZN,249.19000244140625,250.17999267578125,245.3699951171875,248.27999877929688,39463100
2026-04-21,AMZN,255.08999633789062,255.08999633789062,249.10000610351562,249.91000366210938,42922400
2026-04-22,AMZN,252.44000244140625,255.94000244140625,250.3300018310547,255.36000061035156,36065100
2026-04-23,AMZN,255.38999938964844,258.7900085449219,253.07000732421875,255.0800018310547,39091400
2026-04-24,AMZN,259.9800109863281,264.5,257.69000244140625,263.989990234375,53777400
2026-04-27,AMZN,263.4599914550781,264.1499938964844,260.3399963378906,261.1199951171875,44906800
2026-04-28,AMZN,258.3900146484375,261.0299987792969,256.6300048828125,259.70001220703125,42204400
2026-04-29,AMZN,257.989990234375,265.9100036621094,257.70001220703125,263.0400085449219,72367900
2026-04-30,AMZN,273.1700134277344,273.8800048828125,256.1600036621094,265.05999755859375,100974900
2026-05-01,AMZN,265.5799865722656,273.32000732421875,262.739990234375,268.260009765625,50825200
2026-05-04,AMZN,268.79998779296875,276.1000061035156,268.79998779296875,272.04998779296875,49083700
2026-05-05,AMZN,276.0799865722656,278.55999755859375,272.3800048828125,273.54998779296875,41908500
2026-05-06,AMZN,272.8900146484375,277.79998779296875,272.2099914550781,274.989990234375,44552000
2026-05-07,AMZN,275.0199890136719,276.6300048828125,270.489990234375,271.1700134277344,35892900
2026-05-08,AMZN,271.6300048828125,274.0,269.95001220703125,272.67999267578125,34732700
2026-05-11,AMZN,269.8399963378906,273.6300048828125,268.4800109863281,268.989990234375,38176700
2026-05-12,AMZN,266.7099914550781,267.6499938964844,262.6300048828125,265.82000732421875,36776200
2026-05-13,AMZN,264.42999267578125,270.7200012207031,263.20001220703125,270.1300048828125,39670900
2026-05-14,AMZN,269.1499938964844,270.7799987792969,266.6300048828125,267.2200012207031,31338400
2026-05-15,AMZN,262.5,264.3599853515625,260.8900146484375,264.1400146484375,40770300
2026-05-18,AMZN,263.8699951171875,268.8500061035156,262.5299987792969,264.8599853515625,33690800
2026-05-19,AMZN,262.0400085449219,262.25,255.19000244140625,259.3399963378906,40340700
2026-05-20,AMZN,260.04998779296875,265.5799865722656,259.5299987792969,265.010009765625,34933200
2026-05-21,AMZN,263.5,269.489990234375,261.3699951171875,268.4599914550781,36591700
2026-05-22,AMZN,268.6600036621094,269.7900085449219,266.239990234375,266.32000732421875,27535500
2026-05-26,AMZN,267.94000244140625,269.29998779296875,262.07000732421875,265.2900085449219,38028100
2026-05-27,AMZN,266.1499938964844,272.4100036621094,265.70001220703125,271.8500061035156,40061900
2026-05-28,AMZN,272.2699890136719,274.5,267.44000244140625,274.0,40630400
2026-05-29,AMZN,271.2900085449219,274.75,269.6400146484375,270.6400146484375,54749600
2026-06-01,AMZN,266.2900085449219,266.6300048828125,260.70001220703125,261.260009765625,53604400
2026-06-02,AMZN,257.1600036621094,261.20001220703125,254.3699951171875,256.5199890136719,41811000
2026-06-03,AMZN,254.6999969482422,257.0899963378906,247.7100067138672,250.02000427246094,51394200
2026-06-04,AMZN,253.1199951171875,255.8300018310547,251.75,253.7899932861328,35609800
2026-06-05,AMZN,254.25999450683594,256.3800048828125,245.77999877929688,246.02999877929688,55607800
2026-06-08,AMZN,246.67999267578125,249.4199981689453,243.36000061035156,245.22000122070312,33899500
2026-06-09,AMZN,247.72999572753906,250.42999267578125,240.39999389648438,244.19000244140625,44425400
2026-06-10,AMZN,243.61000061035156,244.07000732421875,237.4499969482422,238.0,38590200
2026-06-11,AMZN,237.92999267578125,242.13999938964844,235.17999267578125,241.50999450683594,41335400
2026-06-12,AMZN,243.2100067138672,243.36000061035156,233.58999633789062,238.5500030517578,51186600
2026-06-15,AMZN,245.02000427246094,247.80999755859375,244.72999572753906,246.02000427246094,41711600
2026-06-16,AMZN,248.0,249.50999450683594,245.4499969482422,246.0,35187400
2026-06-17,AMZN,244.89999389648438,245.91000366210938,236.0,237.5,44780800
2026-06-18,AMZN,240.1199951171875,245.72999572753906,236.02000427246094,244.38999938964844,75624400
2026-06-22,AMZN,240.0800018310547,242.0,232.24000549316406,232.7899932861328,68388500
2026-06-23,AMZN,232.5500030517578,236.8699951171875,232.0,234.11000061035156,60492600
2026-06-24,AMZN,233.85000610351562,242.4199981689453,232.9499969482422,234.27000427246094,70282600
2026-06-25,AMZN,232.02000427246094,232.32000732421875,225.5500030517578,227.00999450683594,77674100
2026-06-26,AMZN,227.2100067138672,233.89999389648438,226.1300048828125,232.69000244140625,248372100
2026-06-29,AMZN,234.22000122070312,249.7100067138672,233.8000030517578,240.13999938964844,77619200
2026-06-30,AMZN,237.35000610351562,241.5399932861328,237.1699981689453,238.33999633789062,66228300
2026-07-01,AMZN,239.75,244.89999389648438,234.89999389648438,241.6999969482422,53829900
2026-07-02,AMZN,241.61000061035156,246.72000122070312,241.0800018310547,242.6699981689453,48246400
2026-07-06,AMZN,243.8000030517578,246.0399932861328,240.8800048828125,244.16000366210938,40044000
2026-07-07,AMZN,246.97999572753906,248.92999267578125,242.6999969482422,245.97999572753906,40579600
2026-07-08,AMZN,244.27000427246094,244.8000030517578,240.52000427246094,243.6199951171875,29653000
2026-07-09,AMZN,239.82000732421875,247.5,238.25,247.0399932861328,38091700
2026-07-10,AMZN,249.5500030517578,251.02999877929688,244.41000366210938,245.33999633789062,31654000
2026-07-13,AMZN,244.67999267578125,249.64999389648438,244.17999267578125,247.30999755859375,34636100
2026-07-14,AMZN,245.5500030517578,248.55999755859375,243.8000030517578,247.49000549316406,30108100
2026-07-15,AMZN,249.75,256.4800109863281,249.75,254.9600067138672,45240600
2026-07-16,AMZN,255.1199951171875,258.0799865722656,248.0,249.88999938964844,45343700
2026-07-17,AMZN,244.4600067138672,250.24000549316406,243.58999633789062,247.22999572753906,43572400
2026-07-20,AMZN,248.75999450683594,252.88999938964844,248.0,249.99000549316406,32406500
2026-07-21,AMZN,249.11000061035156,249.33999633789062,246.4199981689453,247.5500030517578,27732100
2026-07-22,AMZN,248.27000427246094,248.4499969482422,242.4499969482422,244.85000610351562,34112700
2026-07-23,AMZN,236.25999450683594,238.35000610351562,232.0500030517578,233.66000366210938,47465300
2026-07-24,AMZN,234.3800048828125,234.9499969482422,231.33999633789062,232.11000061035156,35017400
2026-07-27,AMZN,235.6699981689453,235.88999938964844,230.99000549316406,231.38999938964844,34999500
2026-07-28,AMZN,232.85000610351562,233.11000061035156,228.10000610351562,230.86000061035156,44521600
2026-07-29,AMZN,229.32000732421875,232.82000732421875,226.16000366210938,226.64999389648438,44957500
2026-07-30,AMZN,233.35000610351562,239.82000732421875,231.05999755859375,235.5,101839800
2026-07-31,AMZN,265.0,273.2300109863281,262.010009765625,271.5799865722656,129054800
2026-08-03,AMZN,278.2900085449219,287.20001220703125,278.0,284.0199890136719,90830200
2026-08-04,AMZN,276.05999755859375,281.07000732421875,275.82000732421875,277.4200134277344,69748100
2026-08-05,AMZN,281.5899963378906,282.7900085449219,270.7300109863281,272.6499938964844,45119800
2026-08-06,AMZN,272.7699890136719,275.4800109863281,271.05999755859375,272.260009765625,30672900
2026-08-07,AMZN,272.8699951171875,278.30999755859375,272.75,274.4800109863281,33861400
2026-08-10,AMZN,274.010009765625,280.1400146484375,273.6000061035156,278.0899963378906,35731900
2026-08-11,AMZN,278.69000244140625,278.8399963378906,271.3599853515625,272.2699890136719,31895700
2026-08-12,AMZN,273.17999267578125,273.4599914550781,267.1000061035156,267.2799987792969,29941100
2026-08-13,AMZN,267.239990234375,269.5799865722656,264.7099914550781,265.1300048828125,32170200
2026-08-14,AMZN,264.8800048828125,265.80999755859375,262.4200134277344,262.6499938964844,27251700
2026-08-17,AMZN,265.44000244140625,265.75,258.3399963378906,261.30999755859375,43896500
2026-08-18,AMZN,260.6300048828125,262.17999267578125,257.7300109863281,259.45001220703125,33171300
2026-08-19,AMZN,260.8500061035156,266.3999938964844,258.5799865722656,265.8399963378906,35762400
2026-08-20,AMZN,263.1600036621094,263.8399963378906,259.5199890136719,260.1099853515625,28374100
2026-08-21,AMZN,260.739990234375,261.0899963378906,257.0400085449219,258.6300048828125,35723000
2026-08-24,AMZN,259.6000061035156,263.32000732421875,259.04998779296875,262.07000732421875,28070500
2026-08-25,AMZN,262.510009765625,263.8900146484375,259.8299865722656,261.05999755859375,25550200
2026-08-26,AMZN,261.2799987792969,262.04998779296875,258.239990234375,260.2799987792969,21528400
2026-08-27,AMZN,259.2300109863281,259.6600036621094,255.02000427246094,256.260009765625,35927800
2026-08-28,AMZN,258.32000732421875,267.55999755859375,257.7799987792969,266.42999267578125,49547400
2026-08-31,AMZN,263.8299865722656,264.3599853515625,257.1199951171875,259.7699890136719,46089400
2026-09-01,AMZN,254.8300018310547,255.82000732421875,251.92999267578125,254.9199981689453,31700100
2026-09-02,AMZN,254.25999450683594,256.239990234375,253.39999389648438,254.97999572753906,24013300
2026-09-03,AMZN,256.20001220703125,259.5,256.0,258.8999938964844,26891500
2026-09-04,AMZN,259.07000732421875,261.1199951171875,255.2899932861328,258.510009765625,30749900
2026-09-08,AMZN,256.67999267578125,257.989990234375,254.75,256.9700012207031,29398000
2026-09-09,AMZN,253.1199951171875,254.69000244140625,250.64999389648438,252.39999389648438,33055500
2026-09-10,AMZN,250.11000061035156,253.14999389648438,249.5800018310547,251.88999938964844,25484800
2026-09-11,AMZN,254.08999633789062,257.5899963378906,253.13999938964844,256.7799987792969,26724100
2026-09-14,AMZN,253.14999389648438,255.9499969482422,250.74000549316406,253.5399932861328,34352800
2026-09-15,AMZN,252.24000549316406,253.27000427246094,247.22000122070312,248.4199981689453,36275400
2026-09-16,AMZN,248.10000610351562,249.25999450683594,244.3000030517578,245.9600067138672,33488500
2026-09-17,AMZN,251.07000732421875,252.72999572753906,249.24000549316406,251.19000244140625,30438800
2026-09-18,AMZN,252.9199981689453,255.42999267578125,251.8800048828125,253.7100067138672,52274700
2026-09-21,AMZN,256.3999938964844,259.489990234375,253.60000610351562,258.45001220703125,42979400
2026-09-22,AMZN,255.11000061035156,259.0,253.77999877929688,254.97999572753906,41982600
2026-09-23,AMZN,253.0,253.99000549316406,247.75999450683594,249.27000427246094,44209200
2026-09-24,AMZN,246.02000427246094,250.42999267578125,245.60000610351562,249.3800048828125,32986900
2024-09-25,GOOGL,160.34402682435416,161.6746790019905,160.17521409904674,160.3638916015625,18869200
2024-09-26,GOOGL,162.498918721295,162.93585297471674,161.14840155271324,161.5952606201172,20319300
2024-09-27,GOOGL,161.6746974446782,164.54454440704646,161.4959598865702,162.80674743652344,21101300
2024-09-30,GOOGL,162.1811552014193,164.99140790109868,162.12156086139018,164.69351196289062,20413900
2024-10-01,GOOGL,166.52067729796633,167.98042800067057,163.4323631439142,165.8255615234375,28338100
2024-10-02,GOOGL,165.2595227746661,166.35185834560912,163.58130501221132,164.70343017578125,17760200
2024-10-03,GOOGL,163.26354430672865,165.47798988885472,162.77695570651093,164.70343017578125,15073100
2024-10-04,GOOGL,166.88807682048628,167.05688955338184,164.32606593132192,165.89505004882812,19047400
2024-10-07,GOOGL,166.55045841132394,167.30515333490106,161.6151139348849,161.843505859375,22463100
2024-10-08,GOOGL,162.79683039346867,163.58131496769886,161.73428435048646,163.2337646484375,23072700
2024-10-09,GOOGL,162.31021685596906,163.69052341195479,158.62609615330425,160.73130798339844,31181800
2024-10-10,GOOGL,159.74822939172097,161.9329006503817,159.2815055457696,160.94979858398438,14144100
2024-10-11,GOOGL,160.99942432308654,162.7570706789559,160.11563116287005,162.1016845703125,15344300
2024-10-14,GOOGL,162.49890499208357,165.07084076824168,162.26057310515668,163.80970764160156,19016100
2024-10-15,GOOGL,164.63391416283739,166.51073429604153,163.4820145370709,164.3062286376953,20247200
2024-10-16,GOOGL,163.38270428394787,164.64385260964121,162.59821974974642,164.00831604003906,16406000
2024-10-17,GOOGL,164.57431638671383,165.20985289039217,161.62502577447916,161.79383850097656,21453400
2024-10-18,GOOGL,162.0520493579974,163.5614543687219,161.94281580158204,162.2804412841797,19757700
2024-10-21,GOOGL,161.8137333852295,163.35292813982096,161.48603268374447,162.92593383789062,20946500
2024-10-22,GOOGL,161.84350752043144,164.61406084451548,161.84350752043144,163.9884490966797,16568100
2024-10-23,GOOGL,163.6111016800633,164.66372289048581,160.80083381909756,161.64491271972656,18280500
2024-10-24,GOOGL,161.69454543683605,162.19105880543688,159.88722950198394,161.58531188964844,22412500
2024-10-25,GOOGL,162.52868955985642,164.43529913917524,162.2804328674599,164.11753845214844,19828900
2024-10-28,GOOGL,167.57326188738554,167.57326188738554,162.80673051877835,165.5574188232422,32138600
2024-10-29,GOOGL,166.56036607974156,169.19189595668735,165.92482959046737,168.49676513671875,42169000
2024-10-30,GOOGL,179.42006644238907,180.75073380709983,172.84623418689728,173.2434539794922,68890800
2024-10-31,GOOGL,171.92275825269778,175.58703007037118,169.80760603057018,169.91683959960938,44769000
2024-11-01,GOOGL,168.8840566551811,171.11836671050878,167.702352468204,170.0955352783203,31796500
2024-11-04,GOOGL,168.74502066899333,169.539445063289,166.83841121411467,168.05984497070312,21492700
2024-11-05,GOOGL,168.2485301772737,169.34086576189884,167.66264797842342,168.55638122558594,18242100
2024-11-06,GOOGL,172.58808035816057,175.706184256144,172.2901692540448,175.2791748046875,33695500
2024-11-07,GOOGL,176.17290261823987,179.8173094537086,175.95443549219976,179.48960876464844,25352900
2024-11-08,GOOGL,179.39030350893603,179.6385602340535,176.8382322539701,177.10635375976562,22006200
2024-11-11,GOOGL,177.3347151552712,179.29097902438812,177.22548160894132,179.09237670898438,17450400
2024-11-12,GOOGL,178.56610979083834,181.2174898751334,178.13910033177982,180.35354614257812,25134900
2024-11-13,GOOGL,179.2016442605843,179.69815771950462,177.29501924422846,177.63265991210938,23184000
2024-11-14,GOOGL,177.03682125408577,177.57306422524127,173.10444351008397,174.35565185546875,31007500
2024-11-15,GOOGL,172.51854448191054,172.92568911299827,170.02605262888574,171.28720092773438,32504600
2024-11-18,GOOGL,172.2106958182379,174.21661408019878,171.69431766961333,174.0775909423828,20135300
2024-11-19,GOOGL,172.50863268758198,177.6227151144133,172.34974474847573,176.87794494628906,23434900
2024-11-20,GOOGL,176.1033704582549,176.4409959363333,172.56819744687726,174.7528533935547,18997100
2024-11-21,GOOGL,172.6873573172244,172.91576439472308,162.55848682005697,166.46109008789062,59734400
2024-11-22,GOOGL,164.69352539111725,165.29927243550884,162.75711072055498,163.61111450195312,38604600
2024-11-25,GOOGL,164.93182234405353,167.4541189743164,164.45517370894052,166.48094177246094,33135300
2024-11-26,GOOGL,166.4611039634079,168.63583529706082,166.41144958796977,167.94070434570312,20486700
2024-11-27,GOOGL,167.82153482882035,168.29818346613916,166.8483727748482,168.0499267578125,19266500
2024-11-29,GOOGL,167.32502205728218,168.24852974267216,165.9943697320939,167.77188110351562,14257200
2024-12-02,GOOGL,167.59314004161567,170.88005637942206,167.3945377088188,170.29417419433594,23789100
2024-12-03,GOOGL,170.2941657432139,171.47585486804743,169.6586292183714,170.14520263671875,22248700
2024-12-04,GOOGL,169.956535651712,173.69032622472676,169.86716687371202,173.15408325195312,31615100
2024-12-05,GOOGL,174.13719150933292,174.83230728378396,171.12832132304757,171.4361572265625,21356200
2024-12-06,GOOGL,170.83039484206162,173.85912953542012,170.66158210864637,173.49171447753906,21462400
2024-12-09,GOOGL,172.9449339559485,175.23150110703355,172.6367300920802,174.34669494628906,25389600
2024-12-10,GOOGL,181.78305343524673,185.27256668487914,179.99355362655623,184.08950805664062,54813000
2024-12-11,GOOGL,184.22870587804087,194.46860797595772,183.7713984925761,194.25982666015625,67894100
2024-12-12,GOOGL,193.86214396789393,194.04108635776814,190.59134831615194,190.8398895263672,34817500
2024-12-13,GOOGL,189.8954152094274,191.60537989902093,188.53341427180683,188.71237182617188,25143500
2024-12-16,GOOGL,191.74455812406867,197.83879313889875,191.496016926658,195.512451171875,44934900
2024-12-17,GOOGL,196.09903250515634,200.2446984442106,193.84227386580446,194.2797088623047,43504000
2024-12-18,GOOGL,194.0808868210915,195.8504992556076,186.64453708673446,187.30067443847656,34166100
2024-12-19,GOOGL,190.5118237091531,191.90364849444197,187.28078779996244,187.41001892089844,32265200
2024-12-20,GOOGL,184.69595286927182,191.76446587529261,184.13922295556452,190.29310607910156,63462900
2024-12-23,GOOGL,191.49605762870533,193.96159775328474,189.04046886277803,193.4943389892578,25675000
2024-12-24,GOOGL,193.70310444798892,194.9656982421875,192.64929197793106,194.9656982421875,10403300
2024-12-26,GOOGL,194.01127759173056,195.6019475277096,193.24578152744004,194.4586639404297,12046600
2024-12-27,GOOGL,193.81244697780068,194.18029831146464,189.53753481304466,191.63522338867188,18891400
2024-12-30,GOOGL,188.6925150012565,191.42646867833813,188.01647493101535,190.12411499023438,14264700
2024-12-31,GOOGL,189.96503162659658,190.83990159620672,187.41002054250913,188.19541931152344,17466900
2025-01-02,GOOGL,189.5375437207165,190.87967248578354,186.405930161898,188.3246612548828,20370800
2025-01-03,GOOGL,190.25332050764314,192.08259534159248,188.87143198733318,190.67086791992188,18596200
2025-01-06,GOOGL,192.84811629000748,197.06338121642014,192.7188851595698,195.72125244140625,29563600
2025-01-07,GOOGL,195.9598465030939,199.82714740579908,193.46449803391354,194.34930419921875,26487200
2025-01-08,GOOGL,191.44634580773328,195.14462535167834,191.2574520458894,192.8182830810547,24864800
2025-01-10,GOOGL,193.16624068951896,195.37328795351274,189.19951732698908,190.91941833496094,26665200
2025-01-13,GOOGL,188.96092925794855,190.06443773067767,186.26673571233505,189.8954315185547,21823700
2025-01-14,GOOGL,190.12412730679594,190.85979972619006,187.21121585751197,188.5533447265625,17174900
2025-01-15,GOOGL,191.96331352397246,195.21423727602792,190.74049483860904,194.40896606445312,21776000
2025-01-16,GOOGL,193.00718142531574,194.33935880818177,191.6849402307685,191.78436279296875,17815400
2025-01-17,GOOGL,195.3832294332928,196.07914183949293,192.61945218456034,194.8563232421875,27735100
2025-01-21,GOOGL,197.9084311961374,201.10962849733662,196.71542107622028,196.89437866210938,29971300
2025-01-22,GOOGL,197.8984854427286,199.3101979435439,196.37741418348202,197.21250915527344,26200600
2025-01-23,GOOGL,196.9838533666416,199.1312534169042,194.06100582652098,196.8247833251953,26951400
2025-01-24,GOOGL,196.9440747387753,199.72772435097139,196.8446521798743,199.04176330566406,23877500
2025-01-27,GOOGL,191.28728569008513,195.731204323553,189.61708065071457,190.69078063964844,41728900
2025-01-28,GOOGL,191.6252920206379,194.33935805697908,189.56736331512153,194.16041564941406,24157900
2025-01-29,GOOGL,194.4188940643566,195.6417126982154,192.3013178788486,194.269775390625,18218300
2025-01-30,GOOGL,196.84464293202117,200.2247973993167,196.51656670676422,199.69789123535156,24354700
2025-01-31,GOOGL,200.82131144659704,204.28100107943342,200.62248149891727,202.82952880859375,32001100
2025-02-03,GOOGL,199.51894379490375,202.56108577247366,198.93239018113732,200.0557861328125,27838300
2025-02-04,GOOGL,202.20322238534604,205.84186999162728,201.62660485458937,205.17578125,43856400
2025-02-05,GOOGL,189.9550846125892,191.62527427419866,186.93281498241248,190.21356201171875,70373900
2025-02-06,GOOGL,188.39427252291964,190.97910765973745,187.61882501582517,190.48202514648438,29297400
2025-02-07,GOOGL,189.93518678981877,190.06441789751437,182.17076218147335,184.2584991455078,49315000
2025-02-10,GOOGL,186.2567974441607,187.10182849533746,184.77548630303588,185.38192749023438,23105600
2025-02-11,GOOGL,183.95033114344977,185.8491897525843,183.20470746476104,184.2386474609375,21239500
2025-02-12,GOOGL,182.15091151282658,184.0298827457132,180.769022777209,182.53863525390625,22072600
2025-02-13,GOOGL,183.24447609175039,185.1930307415901,182.0713536570594,185.05384826660156,21402500
2025-02-14,GOOGL,183.98016370030402,185.31234109604222,183.2444913440249,184.149169921875,20448400
2025-02-18,GOOGL,184.51701650776232,184.87491648825042,180.679539282988,182.69769287109375,29916700
2025-02-19,GOOGL,182.99593948623902,184.3778280833638,182.51872941446393,184.18893432617188,19549400
2025-02-20,GOOGL,183.72168304847523,184.22870170428735,181.65381816300632,183.4830780029297,20441500
2025-02-21,GOOGL,184.0696192348162,184.25851298688883,178.03504637457257,178.61166381835938,35199200
2025-02-24,GOOGL,180.9280885264688,182.0514846282233,177.84617104858543,178.20407104492188,29854200
2025-02-25,GOOGL,177.00113079837024,177.69705843760613,173.67068713379516,174.39642333984375,41913400
2025-02-26,GOOGL,174.04844897153603,175.05255001700533,170.57880815600546,171.7220916748047,35431300
2025-02-27,GOOGL,172.97475539808346,173.5414214994902,166.96005475439284,167.51678466796875,39991000
2025-02-28,GOOGL,167.6957223580091,169.61446843814767,165.79687899247813,169.28639221191406,48130600
2025-03-03,GOOGL,170.92675052861034,172.35835029914594,164.96176159787956,166.03546142578125,40770500
2025-03-04,GOOGL,165.2699838540156,172.27883449293637,164.8325488565178,169.92266845703125,45388000
2025-03-05,GOOGL,169.52499437059117,172.76596631858905,168.07350701574754,172.01040649414062,30954900
2025-03-06,GOOGL,169.5349574978289,173.78998251590772,169.50513376118735,171.34434509277344,28302000
2025-03-07,GOOGL,170.26067003299855,173.94902837231132,169.2764565211612,172.8455047607422,27385800
2025-03-10,GOOGL,167.47083096485238,167.66990508590422,162.9222728186128,165.092041015625,43604000
2025-03-11,GOOGL,164.1365751658598,165.96794191446463,160.61316927344419,163.27064514160156,39587400
2025-03-12,GOOGL,165.79871989426576,166.85374592604674,162.76302175465403,166.32623291015625,28372400
2025-03-13,GOOGL,165.26122737644823,165.35081679795445,161.3496672738118,161.99661254882812,31756200
2025-03-14,GOOGL,162.50424753259463,165.70914654485404,161.68808614528302,164.71383666992188,31995900
2025-03-17,GOOGL,164.2559897412009,165.52003755245735,162.90236768488202,163.5194549560547,31184300
2025-03-18,GOOGL,162.91233580467724,163.47966980253605,155.9849866119549,159.9164581298828,42074800
2025-03-19,GOOGL,161.0013078964,165.09203178483114,160.24487791525596,163.12132263183594,34275600
2025-03-20,GOOGL,160.81222633390425,164.11664727374668,160.20508669307458,162.0364532470703,28138500
2025-03-21,GOOGL,160.45392574948156,163.4697137211131,160.1354192715889,163.22088623046875,36625800
2025-03-24,GOOGL,166.2864302357092,167.53056759539257,164.36547425500177,166.8935546875,30879100
2025-03-25,GOOGL,168.1874640642974,169.82973452544573,167.53057106706197,169.7600555419922,24174400
2025-03-26,GOOGL,168.20738179291607,168.81452147078184,164.06688875000268,164.28585815429688,28901600
2025-03-27,GOOGL,163.85788568655383,164.64417388270883,161.24021559810473,161.47909545898438,24508300
2025-03-28,GOOGL,159.73728296251087,161.06104688273138,152.90945679818688,153.60617065429688,48669300
2025-03-31,GOOGL,152.39189573252094,154.81049144150305,149.95338957359485,153.9147186279297,54603500
2025-04-01,GOOGL,152.89949705290155,157.35849619606978,152.89949705290155,156.3333282470703,30672900
2025-04-02,GOOGL,154.4223014614319,157.66702096255182,153.97441511188723,156.30343627929688,25041700
2025-04-03,GOOGL,150.40127754802887,152.06344323592336,149.68465321481136,150.0131072998047,46883400
2025-04-04,GOOGL,147.31581486644404,150.36147595978116,144.69816012059908,144.91712951660156,62259500
2025-04-07,GOOGL,140.8861135726325,152.13311801627722,139.87089326407514,146.0617218017578,76794100
2025-04-08,GOOGL,150.5107721866655,151.5259925903324,142.35918124819136,144.02134704589844,52200200
2025-04-09,GOOGL,143.74265056471972,158.80169385849172,143.23504799502373,157.96563720703125,70406200
2025-04-10,GOOGL,155.805779208126,156.9802525925821,149.22678125340175,152.10324096679688,48022000
2025-04-11,GOOGL,152.18288035899425,156.9305129193936,152.10326893032627,156.4029998779297,33636200
2025-04-14,GOOGL,159.24957495636372,160.96150910212248,156.8210165083235,158.32394409179688,30333000
2025-04-15,GOOGL,158.38367026397722,158.90122048049952,154.48205725338974,155.57688903808594,27551500
2025-04-16,GOOGL,152.38193809849218,155.15884578806632,150.7993839571337,152.61085510253906,28187400
2025-04-17,GOOGL,153.5663283495849,153.9544985286828,147.80349181571307,150.45101928710938,33046600
2025-04-21,GOOGL,148.18173331794077,148.25139710913984,145.41477318745027,146.97740173339844,26049100
2025-04-22,GOOGL,148.19166631370922,151.4761914872268,147.84330183044926,150.7595672607422,26971800
2025-04-23,GOOGL,154.88018931651595,156.79118268922488,153.08862828359344,154.6214141845703,31128800
2025-04-24,GOOGL,155.41761919174232,158.8414873336237,155.05930705626122,158.53294372558594,45894000
2025-04-25,GOOGL,164.29580798857202,165.32097594255075,160.2846952290497,161.2003936767578,56034000
2025-04-28,GOOGL,161.66816061799582,162.38478487609163,157.85613751727615,159.85670471191406,29745800
2025-04-29,GOOGL,159.56808195579998,159.98611026905985,156.78121134684457,159.40882873535156,26809000
2025-04-30,GOOGL,157.2390449367046,158.52300314058715,154.67114371616248,158.05520629882812,34981100
2025-05-01,GOOGL,159.69748324974734,161.19044821971175,158.1647125629629,160.5435028076172,30203200
2025-05-02,GOOGL,162.64357867514303,164.19625953903196,161.11079307252896,163.2606658935547,25715000
2025-05-05,GOOGL,162.23551815903613,164.61430827792813,161.95683259435438,163.43984985351562,21341800
2025-05-06,GOOGL,161.40939053220953,164.02706019999394,160.43399116800987,162.46441650390625,21277200
2025-05-07,GOOGL,163.31046231573168,164.22614566911673,147.1466228745946,150.67002868652344,127490100
2025-05-08,GOOGL,154.27302076354474,155.19865159825923,152.18286408476257,153.556396484375,57498700
2025-05-09,GOOGL,153.44693820644628,154.32281585111178,151.4861763255997,152.03359985351562,32435300
2025-05-12,GOOGL,156.75137548916837,158.35382517745646,155.5171856365556,157.71682739257812,44138800
2025-05-13,GOOGL,158.04526446648646,159.81693019668407,155.42760955592857,158.78179931640625,42382100
2025-05-14,GOOGL,159.209775932056,166.21675084206151,158.86141139731794,164.59439086914062,48755900
2025-05-15,GOOGL,165.06218171025907,165.43045668169412,161.60845531931332,163.19100952148438,33146700
2025-05-16,GOOGL,166.9433389262676,168.55575142343383,164.84323425804385,165.4105682373047,42846900
2025-05-19,GOOGL,163.73841809182645,165.85843293399518,163.44978491746534,165.75889587402344,30426100
2025-05-20,GOOGL,165.6493976210667,167.70969613346296,162.13595535028108,163.2108917236328,46607700
2025-05-21,GOOGL,162.92227037071072,172.32794533461094,162.7928752314158,167.76942443847656,73416000
2025-05-22,GOOGL,171.0440181854767,175.94094123693523,169.90936546851952,170.068603515625,74864400
2025-05-23,GOOGL,168.26711515066486,169.16290331080938,167.10260421098053,167.6798858642578,35211400
2025-05-27,GOOGL,169.3619263053745,172.3578034614341,169.20267308577203,172.0890655517578,37995700
2025-05-28,GOOGL,172.34784080720212,174.44794499757612,171.1037036135498,171.5515899658203,34784000
2025-05-29,GOOGL,173.1839175950813,173.60194591853366,169.82972818892713,171.053955078125,29317300
2025-05-30,GOOGL,170.54636951392982,171.40233669601804,166.65470388448085,170.93453979492188,52639900
2025-06-02,GOOGL,167.0528072022302,169.07328505076367,166.6049207920985,168.2372283935547,38612300
2025-06-03,GOOGL,166.70444231356663,167.68978928654823,164.50480099371782,165.40057373046875,45084900
2025-06-04,GOOGL,165.95797207058334,167.4310264158141,165.57974946262576,167.26182556152344,26900800
2025-06-05,GOOGL,169.54109671137655,170.12832594897296,166.8039942928028,167.4210968017578,36379100
2025-06-06,GOOGL,170.0287933558417,173.68157889465496,170.0287933558417,172.86541748046875,35731800
2025-06-09,GOOGL,173.93168685751374,175.85496833236684,173.76228116584014,175.47628784179688,28935900
2025-06-10,GOOGL,175.5859246650274,180.47881653819462,174.30042711746592,177.97756958007812,61766100
2025-06-11,GOOGL,179.14346702948194,179.74136677669094,176.133988123354,176.73190307617188,31646800
2025-06-12,GOOGL,175.5659846289993,176.104111180473,174.14097564629483,175.08766174316406,20941900
2025-06-13,GOOGL,171.83900983498697,176.51266655178486,171.7891810552309,174.0612335205078,27663100
2025-06-16,GOOGL,174.1210168140944,176.323321086937,174.0412938099689,176.15391540527344,27389200
2025-06-17,GOOGL,175.08763279527471,176.74185087540272,173.97154117764998,175.33676147460938,24973000
2025-06-18,GOOGL,175.39656976170295,175.94465595934807,172.596365522182,172.71595764160156,28707500
2025-06-20,GOOGL,173.3437557670882,173.7323959518227,164.88335439041927,166.05923461914062,75659900
2025-06-23,GOOGL,165.69052617853575,166.7567891470348,161.43540356766906,164.61428833007812,57671000
2025-06-24,GOOGL,166.3382528798913,167.63372519441324,165.55101285806253,166.18878173828125,40524300
2025-06-25,GOOGL,167.04577098702603,171.7592814568519,166.96604798303133,170.0851287841797,35479000
2025-06-26,GOOGL,171.8290485705118,173.08466701517526,169.34773632150527,172.9351806640625,31796700
2025-06-27,GOOGL,172.93517666884486,178.057262279745,171.13148726193396,177.9077911376953,108140200
2025-06-30,GOOGL,180.14992867866547,180.5983572585905,173.97154049647858,175.61578369140625,63378900
2025-07-01,GOOGL,175.12751523681553,175.47628629108172,172.92521085330227,175.22715759277344,35904500
2025-07-02,GOOGL,174.92819320035304,178.23662948182692,174.4598452552033,178.01739501953125,29128900
2025-07-03,GOOGL,177.8778878701253,179.0438083356934,176.43294448317042,178.904296875,21689700
2025-07-07,GOOGL,178.43592076444193,178.6750897678216,175.06769619348157,176.173828125,34175600
2025-07-08,GOOGL,177.23014586171172,177.32978820856331,172.2077032476762,173.75230407714844,40442500
2025-07-09,GOOGL,174.63921988812407,178.81461936142807,172.16786742488128,176.0044403076172,43025600
2025-07-10,GOOGL,175.0179065004666,177.80813589252995,173.77226294843484,177.00096130371094,29252400
2025-07-11,GOOGL,176.17385213436023,180.797680390592,175.86493496639972,179.56201171875,34282900
2025-07-14,GOOGL,180.37914463511837,183.02987774300456,179.05377808117527,180.92723083496094,32536600
2025-07-15,GOOGL,182.17288201396957,183.57797163820845,180.96710752938097,181.36570739746094,33448300
2025-07-16,GOOGL,182.60138443088442,183.68758195520638,181.39559478616047,182.3323211669922,33104200
2025-07-17,GOOGL,181.50518668846405,183.4184930860907,179.8509686385884,182.94017028808594,31992600
2025-07-18,GOOGL,184.75383518149354,185.7702845204503,183.069737966418,184.41502380371094,34014500
2025-07-21,GOOGL,185.60086647203485,189.62677924759166,185.5012089178604,189.4374542236328,45803100
2025-07-22,GOOGL,190.83257222804642,190.98204335642563,186.8066593790816,190.67312622070312,44660200
2025-07-23,GOOGL,190.83261008559217,191.85901925237124,188.52068813729787,189.56703186035156,58681900
2025-07-24,GOOGL,196.34329095248222,197.26008265567518,190.33430850259245,191.50022888183594,74881700
2025-07-25,GOOGL,191.31091436137532,193.65273031316045,190.59342246149265,192.50672912597656,39785900
2025-07-28,GOOGL,192.97507635824056,193.37369138388394,190.17487232763284,191.9088134765625,38139500
2025-07-29,GOOGL,191.7593429801203,195.23718523880464,191.41057191018163,195.06777954101562,41389200
2025-07-30,GOOGL,194.91831074404357,196.91134044406198,194.0114785811888,195.84506225585938,32445400
2025-07-31,GOOGL,195.02793567277016,195.3069586253216,190.42402654445044,191.231201171875,51329200
2025-08-01,GOOGL,188.371198147092,190.16492789219942,187.16542371122097,188.47085571289062,34832200
2025-08-04,GOOGL,189.62681422005014,194.58946938551787,189.45740851119675,194.36026000976562,31547400
2025-08-05,GOOGL,194.0313852166864,197.1704004603002,193.2142358585653,193.99151611328125,31602300
2025-08-06,GOOGL,193.82213079278006,195.94471220658852,192.99502167474958,195.40658569335938,21562900
2025-08-07,GOOGL,196.37319428256532,196.85151710519096,193.65271327152095,195.8350830078125,26321800
2025-08-08,GOOGL,196.53264334375206,201.90385732363322,196.48281456433622,200.71800231933594,39161800
2025-08-11,GOOGL,200.2396805407711,200.77779182670545,198.3762027845806,200.29946899414062,25832400
2025-08-12,GOOGL,200.66818175308578,203.7872779637538,199.8909014203329,202.63131713867188,30397900
2025-08-13,GOOGL,203.41856930663727,203.81716914109546,196.82163104540848,201.25613403320312,28342900
2025-08-14,GOOGL,200.79772807656252,203.72748396129663,200.52866482851726,202.2327117919922,25230400
2025-08-15,GOOGL,203.13954799676898,205.7205176785909,200.57849766290207,203.18936157226562,34931400
2025-08-18,GOOGL,203.4883135252893,204.5545916306713,201.7842817792717,202.79075622558594,18526600
2025-08-19,GOOGL,202.32241111724275,202.73098585981091,199.26311839930437,200.8675079345703,24240200
2025-08-20,GOOGL,200.03040999419306,200.57849617106174,195.9148142419443,198.62533569335938,28955500
2025-08-21,GOOGL,199.05384826660156,201.77432964491462,198.73495620472804,199.05384826660156,19774600
2025-08-22,GOOGL,202.02344423178036,207.81319287530533,200.59843534470966,205.37173461914062,42827000
2025-08-25,GOOGL,205.71053353164982,209.78629043498435,204.56454764589003,207.76336669921875,29928900
2025-08-26,GOOGL,206.7867811726176,207.12560776169755,204.98309181316571,206.41807556152344,28464100
2025-08-27,GOOGL,204.98307149903536,208.18189038820913,204.93324272273148,206.75686645507812,23022900
2025-08-28,GOOGL,206.5276902069273,211.4803699291827,206.17890394821848,210.9023895263672,32339300
2025-08-29,GOOGL,209.77632411753885,213.90189476250458,209.46740696384475,212.16796875,39728400
2025-09-02,GOOGL,207.7135567307211,210.94225509702446,205.48135800383685,210.61341857910156,47523000
2025-09-03,GOOGL,225.42163672219405,230.50385346488952,224.00657221776532,229.8561248779297,103336100
2025-09-04,GOOGL,228.8496136665047,231.56013509073304,225.32195802772998,231.49038696289062,51684200
2025-09-05,GOOGL,231.3907399385365,234.9383302920627,231.09178244912047,234.1809844970703,46588900
2025-09-08,GOOGL,234.85922103336074,237.51232497352402,233.06388696786647,233.43292236328125,32474700
2025-09-09,GOOGL,233.5625938915042,239.84625561503273,232.6250296851758,239.00843811035156,38061000
2025-09-10,GOOGL,238.280317666347,241.03316831731985,237.23305340830441,238.54962158203125,35141100
2025-09-11,GOOGL,239.2578017033376,241.621649503253,235.63721236385354,239.74652099609375,30599300
2025-09-12,GOOGL,239.746507229255,241.45207841249842,237.38265956507763,240.17539978027344,26771600
2025-09-15,GOOGL,244.02536743382055,251.75526430827645,244.02536743382055,250.95733642578125,58383800
2025-09-16,GOOGL,251.42612617048883,252.38362748338088,248.82289569604956,250.50851440429688,34109700
2025-09-17,GOOGL,250.56835490468708,250.94737408261642,245.6411664684413,248.8827362060547,34108000
2025-09-18,GOOGL,251.02715300766394,253.33117381914667,249.15203994052993,251.37625122070312,31239500
2025-09-19,GOOGL,252.59309222605677,255.33595897283527,251.1568250217611,254.0592803955078,55571400
2025-09-22,GOOGL,253.7700196733437,255.11652395864965,249.65074294375358,251.8749542236328,32290500
2025-09-23,GOOGL,252.38362744671002,253.7002107757565,249.8302703204236,251.00721740722656,26628000
2025-09-24,GOOGL,251.00722705371746,251.69543970951247,245.80076590550527,246.4989471435547,28201000
2025-09-25,GOOGL,243.76604145127706,245.85063173864694,240.1155467413105,245.15243530273438,31020400
2025-09-26,GOOGL,246.42912138871642,248.77301648715127,245.33196864020064,245.90048217773438,18503200
2025-09-29,GOOGL,247.2071078925349,250.49853584610034,242.14028307987255,243.41696166992188,32505800
2025-09-30,GOOGL,242.18018034462705,242.6589310263489,238.6294169517045,242.4694366455078,34724300
2025-10-01,GOOGL,240.1255258955177,245.6611329631193,237.99107738521485,244.26475524902344,31658200
2025-10-02,GOOGL,244.51411127313986,246.1698091326398,241.6715128807893,245.05271911621094,25483300
2025-10-03,GOOGL,243.85580746990237,245.661109961835,241.03314655883116,244.7135772705078,30249600
2025-10-06,GOOGL,244.14507219866994,250.66811683606912,243.94559401576447,249.78041076660156,28894700
2025-10-07,GOOGL,247.62602723387863,249.7903967365714,244.88316034229135,245.12252807617188,23181300
2025-10-08,GOOGL,244.3246032710778,245.37186749350337,243.18756093367097,243.9854736328125,21307100
2025-10-09,GOOGL,243.83586445575082,244.12510552114733,238.52965682972516,240.9034881591797,27892100
2025-10-10,GOOGL,240.80372315157257,243.45682676282496,235.22822726703515,235.9563446044922,33180300
2025-10-13,GOOGL,239.58694087972822,243.865806618421,239.08823779870895,243.51670837402344,24995000
2025-10-14,GOOGL,240.60426901896764,246.47899033376285,239.88613541009548,244.81332397460938,22111600
2025-10-15,GOOGL,246.60865147753682,251.45604559967558,245.3519253048375,250.37884521484375,27007700
2025-10-16,GOOGL,251.11691742955023,256.2934418791717,249.45125120568702,250.80772399902344,27997200
2025-10-17,GOOGL,250.10955476977685,253.5605866634714,247.1672097408255,252.64297485351562,29671600
2025-10-20,GOOGL,254.0293759063695,256.6625123260812,253.5705623788801,255.88453674316406,22350200
2025-10-21,GOOGL,254.0792145331533,254.21885076692087,243.516673234733,249.81031799316406,47312100
2025-10-22,GOOGL,253.71019631561148,255.69502480450944,248.64337127106648,251.0371551513672,35029400
2025-10-23,GOOGL,252.3237915100895,254.3784456458486,251.19673296350098,252.4235382080078,19901400
2025-10-24,GOOGL,255.9144557753844,261.0012332121926,254.65774472843228,259.2458190917969,28655100
2025-10-27,GOOGL,264.13306424820985,269.43927147389144,263.5944564854066,268.5715026855469,35235200
2025-10-28,GOOGL,268.99045739081123,270.0277682724026,265.80872945123696,266.7762145996094,29738600
2025-10-29,GOOGL,267.0555012387311,274.6258103943446,266.97572213826885,273.8578186035156,43580300
2025-10-30,GOOGL,290.8336705300809,290.8336705300809,279.3335782487789,280.7499084472656,74876000
2025-10-31,GOOGL,282.47538175038454,285.25815337777135,276.3114191679317,280.46063232421875,39267900
2025-11-03,GOOGL,281.44802550171426,284.78934178113053,279.07419428639605,282.9840393066406,29786000
2025-11-04,GOOGL,276.03213953132416,280.5404041676455,275.5434202802167,276.8200988769531,30078400
2025-11-05,GOOGL,278.1466184544242,285.677052345188,276.62058842555,283.572509765625,31010300
2025-11-06,GOOGL,284.5898957734926,287.60208195818814,280.41079182644177,284.01141357421875,37173600
2025-11-07,GOOGL,282.47533241266484,283.0438611130793,274.4761475995039,278.106689453125,34479600
2025-11-10,GOOGL,283.6822445549795,290.0456696400176,282.12626310035637,289.3475036621094,29557300
2025-11-11,GOOGL,287.00361887503476,291.16281590202783,286.5747415369323,290.55438232421875,19842100
2025-11-12,GOOGL,290.9234183741868,291.2525794490294,282.95415298016115,285.96630859375,24829900
2025-11-13,GOOGL,281.60765291032834,282.1063559927165,276.5208753822851,277.8474426269531,29494000
2025-11-14,GOOGL,270.7059931829425,277.8374407083971,269.99784337488455,275.6930236816406,31647200
2025-11-17,GOOGL,285.038677928695,293.1874981262189,282.8344192497114,284.2806396484375,52670200
2025-11-18,GOOGL,287.17320623173055,288.05089811864593,277.47841675914583,283.5426330566406,49158700
2025-11-19,GOOGL,286.4151077996695,303.02191144888764,285.88648384239787,292.0504455566406,68198900
2025-11-20,GOOGL,303.75007371618807,305.625202125324,287.921243180084,288.69921875,62025200
2025-11-21,GOOGL,295.6511046778972,303.1316497984607,293.0877639113642,298.8826904296875,74137700
2025-11-24,GOOGL,310.3229443803346,318.651290855991,308.79691436510495,317.75360107421875,85165100
2025-11-25,GOOGL,325.3638169665917,327.9770159307299,316.82602366827604,322.60101318359375,88632100
2025-11-26,GOOGL,319.8482042131112,323.658303098724,315.9683100285969,319.1201171875,51373400
2025-11-28,GOOGL,322.5312152935296,326.0021995827445,315.9682963529555,319.3494873046875,26018600
2025-12-01,GOOGL,316.8759202886677,319.02033724928003,313.07580560094704,314.0732116699219,41183000
2025-12-02,GOOGL,315.91839456558273,317.554155160306,313.09574872951146,314.9908142089844,35854700
2025-12-03,GOOGL,315.0706445626379,320.74585757492326,313.2852790244178,318.8009338378906,41838300
2025-12-04,GOOGL,321.39416988540876,321.52380710663783,313.8837033726762,316.7961120605469,31240900
2025-12-05,GOOGL,318.6612335259534,322.32172694260385,318.34208673882245,320.4366149902344,28851700
2025-12-08,GOOGL,319.4285975207571,319.81785493964355,310.6157547321785,313.11090087890625,33909400
2025-12-09,GOOGL,311.7635388280278,317.3726229056239,311.2944500995635,316.4643859863281,30194000
2025-12-10,GOOGL,315.2168165746965,320.6861883612462,314.069055340672,319.58831787109375,33428900
2025-12-11,GOOGL,319.45856710455377,320.49655652430846,308.0008744502611,311.82342529296875,42353700
2025-12-12,GOOGL,313.0909556884665,314.25866704717134,304.96674508462553,308.68951416015625,35940200
2025-12-15,GOOGL,310.7155693717638,310.81538131016634,304.288070405232,307.62158203125,29151900
2025-12-16,GOOGL,304.3579426322819,310.16661977978157,302.00250880457793,305.97479248046875,30585000
2025-12-17,GOOGL,307.4120099511304,307.4918412298865,295.54507970361715,296.1439208984375,43930400
2025-12-18,GOOGL,301.1342186567393,303.3698600006946,298.6490626821344,301.8727722167969,33518000
2025-12-19,GOOGL,301.1442091965169,306.65348128006514,300.3856749721532,306.56365966796875,59943200
2025-12-22,GOOGL,309.2783702904479,309.52788491338026,304.70724534166345,309.1785583496094,26429900
2025-12-23,GOOGL,309.02884787804055,314.328535898872,308.7194521900694,313.73968505859375,25478700
2025-12-24,GOOGL,314.15886656933606,314.4682622711062,311.3144241794057,313.4801940917969,10097400
2025-12-26,GOOGL,313.8694546536391,314.4782557314601,311.67371372407564,312.9013366699219,10899000
2025-12-29,GOOGL,310.76548227407176,313.41033130955566,310.0169383701615,312.95123291015625,19621800
2025-12-30,GOOGL,311.8932765746258,316.3346490163796,311.85334570689247,313.24066162109375,17380900
2025-12-31,GOOGL,312.24263128978663,313.9692531312569,310.8353650439947,312.392333984375,16377700
2026-01-02,GOOGL,316.28471875384633,321.87385220157,309.7274673850438,314.5381164550781,32009400
2026-01-05,GOOGL,317.0432662013207,318.4006111389099,314.01915017003046,315.9254455566406,30195600
2026-01-06,GOOGL,315.7856731700802,320.31686685595974,311.17464821348415,313.72967529296875,31212100
2026-01-07,GOOGL,313.74965751082357,325.51677583182123,313.58000462136766,321.3548889160156,35104400
2026-01-08,GOOGL,328.3313118537803,329.67869694461876,320.8758135066914,324.80816650390625,31896100
2026-01-09,GOOGL,326.45496079982934,330.1876899539591,325.16745676828174,327.9320983886719,26214200
2026-01-12,GOOGL,325.1674658209474,333.39148904567276,324.36903115835116,331.2156982421875,33923900
2026-01-13,GOOGL,334.2996793666924,339.82890107364614,332.97224461379506,335.31768798828125,33517600
2026-01-14,GOOGL,334.40947336413166,335.8666302231012,329.83837890700147,335.1879577636719,28525600
2026-01-15,GOOGL,336.9944821877514,337.0344130603199,330.09789356603824,332.1339416503906,28442400
2026-01-16,GOOGL,333.7607557246461,334.00028002450074,327.0637915356931,329.35931396484375,40341600
2026-01-20,GOOGL,320.2470363972373,327.0937337673917,319.80788820634325,321.3748474121094,35361000
2026-01-21,GOOGL,320.2969541162656,331.83450818795274,318.729994927537,327.7424621582031,35386600
2026-01-22,GOOGL,333.8006666576773,334.49928930997066,328.11172120927307,329.89825439453125,26253600
2026-01-23,GOOGL,331.8444795396569,333.0421619901957,326.814286347386,327.2933349609375,27280000
2026-01-26,GOOGL,327.1735452193246,335.1879535299186,326.3651202937951,332.61297607421875,26042100
2026-01-27,GOOGL,334.71886692218493,337.2539439848537,332.8325522369338,333.90045166015625,21636200
2026-01-28,GOOGL,335.40752623810386,336.8846637353836,331.2955302242731,335.3576354980469,27434400
2026-01-29,GOOGL,339.6393000059441,341.62545715973704,325.9060355700189,337.5932922363281,39785600
2026-01-30,GOOGL,339.33989756206086,339.33989756206086,331.64487488391205,337.3437805175781,31024000
2026-02-02,GOOGL,335.5672073695487,344.16047585276425,334.97835654941485,343.022705078125,32006100
2026-02-03,GOOGL,346.66563680855586,348.322417578686,336.81480425638233,339.0504455566406,36506700
2026-02-04,GOOGL,342.2941565134455,342.6434831024425,327.8821884154679,332.3934326171875,70618400
2026-02-05,GOOGL,311.6138496060838,332.0441098613053,305.8650224655501,330.6069030761719,88205800
2026-02-06,GOOGL,326.54477434837446,329.7385737476322,319.2988903139048,322.233154296875,56380500
2026-02-09,GOOGL,320.30690521957837,327.0637807183464,316.6440476026885,323.6903381347656,39640100
2026-02-10,GOOGL,320.3468306795893,321.0454837970353,313.9991629255859,317.9614562988281,39170000
2026-02-11,GOOGL,318.3507205277581,320.43665913490463,309.0587983421378,310.35626220703125,45406400
2026-02-12,GOOGL,311.4840826487114,315.62601945223736,306.60359228041904,308.40008544921875,47761300
2026-02-13,GOOGL,307.1325723003695,308.03081891465297,303.1203573871305,305.12646484375,38499700
2026-02-17,GOOGL,299.4574878846074,303.8489392958333,295.67483755264817,301.4336242675781,39247600
2026-02-18,GOOGL,301.5035060024616,304.7871271852118,300.66514046909924,302.7410888671875,28482100
2026-02-19,GOOGL,301.23402488534225,304.87693233204385,299.4574819671566,302.26202392578125,25834400
2026-02-20,GOOGL,303.72916224594877,315.885507154404,303.30996428502766,314.36846923828125,53210800
2026-02-23,GOOGL,318.43054299285177,318.8996316925602,309.2683735389658,310.8852233886719,31423000
2026-02-24,GOOGL,309.91711960911005,311.6637220131571,305.33603467292323,310.29638671875,25615600
2026-02-25,GOOGL,311.4541454679639,313.031095017384,308.8392369672335,312.2925109863281,29963600
2026-02-26,GOOGL,312.0330001798944,312.53202939170336,301.762970472535,306.783203125,36431200
2026-02-27,GOOGL,303.549553083736,311.7635557563691,303.21018636103327,311.1547546386719,44640600
2026-03-02,GOOGL,302.6412753457796,307.8910420913047,300.71499938521333,305.92486572265625,34790200
2026-03-03,GOOGL,298.01029817831704,303.34991750153205,296.13394323483243,302.9906005859375,35497000
2026-03-04,GOOGL,302.30194909897057,304.87692658824284,300.1660893213747,302.5414733886719,29536200
2026-03-05,GOOGL,302.4516780897468,302.7111526067185,297.41146402777275,300.2958679199219,35752300
2026-03-06,GOOGL,295.515124433063,299.94650641213514,294.6068875835616,297.9403991699219,25576900
2026-03-09,GOOGL,293.99527562141907,306.4198649966507,293.71562375842984,305.98040771484375,29312100
2026-03-10,GOOGL,305.79068968096857,309.1265479913924,305.1914269440574,306.65960693359375,23239700
2026-03-11,GOOGL,306.3699695674413,311.0341973481569,305.54101125974313,308.31756591796875,24125700
2026-03-12,GOOGL,306.43985713507476,308.5572255769297,300.65702241451555,303.17388916015625,24928300
2026-03-13,GOOGL,306.6296377698095,307.3087879643589,300.0677703977713,301.9054870605469,23693100
2026-03-16,GOOGL,303.97293465389924,306.11026747244654,302.64456537566065,305.1814270019531,23519700
2026-03-17,GOOGL,305.48103123176395,311.03417054952814,305.1214918945171,310.5347900390625,21955200
2026-03-18,GOOGL,308.88680583632095,312.08285325242963,306.5497087361953,307.30877685546875,20009800
2026-03-19,GOOGL,303.63335165234247,307.67832164750223,301.9754046785898,306.7494812011719,25075800
2026-03-20,GOOGL,305.0815409313132,305.62088043111504,297.9004465638477,300.6270751953125,44364100
2026-03-23,GOOGL,301.7357168812967,305.60094814101865,300.5571860375472,301.685791015625,29326900
2026-03-24,GOOGL,298.82932646685043,299.5484356615691,289.97029010977093,290.0801696777344,36864300
2026-03-25,GOOGL,293.07644958925243,295.6332754793409,288.8816409209488,290.5695495605469,29460700
2026-03-26,GOOGL,287.55329025783345,287.5932492331535,278.15494535852446,280.57196044921875,39080600
2026-03-27,GOOGL,276.9364822022131,279.02388928595167,273.6106210828978,274.0001220703125,35890600
2026-03-30,GOOGL,276.07755917965534,276.74671205405957,271.772870758184,273.1611633300781,35141200
2026-03-31,GOOGL,277.6955407888773,287.72308014338427,276.74670556560056,287.2037353515625,43875400
2026-04-01,GOOGL,290.47967248402244,300.14767254424095,290.05021252939383,297.0215759277344,37684500
2026-04-02,GOOGL,290.3298713924274,297.71070019384774,289.0914173614996,295.403564453125,21666500
2026-04-06,GOOGL,295.50342601468935,300.2475409865838,294.8142784540748,299.6183166503906,16945500
2026-04-07,GOOGL,302.3549447988444,305.2513457589993,297.3511421656273,305.08154296875,23205400
2026-04-08,GOOGL,320.0530070056894,321.68096199730417,314.6297110626625,316.9268798828125,33547100
2026-04-09,GOOGL,315.51860784412145,319.1441153425082,310.6746106421415,318.09539794921875,23739200
2026-04-10,GOOGL,319.62350892085055,321.4312640320202,315.9281112234418,316.8469543457031,19152600
2026-04-13,GOOGL,316.74710955552524,321.2315371363443,315.0791651091577,320.91192626953125,18866400
2026-04-14,GOOGL,324.38762340838895,332.8770926852431,323.3489033390031,332.49755859375,27721400
2026-04-15,GOOGL,332.4775916674409,337.0619013824557,330.49003638532656,336.70233154296875,24918800
2026-04-16,GOOGL,338.33029678032364,339.458901613874,334.105526677332,335.6036682128906,20541500
2026-04-17,GOOGL,337.2316773591919,341.89590508018404,335.8234205588037,341.2566833496094,25581900
2026-04-20,GOOGL,340.3378420577138,340.97703331198585,336.1929591105031,337.0019836425781,18784200
2026-04-21,GOOGL,337.2716301294484,338.9195798085849,330.9394885663705,331.8783264160156,23123800
2026-04-22,GOOGL,336.60245884112476,339.3990082413208,334.7547751685775,338.8996276855469,20293000
2026-04-23,GOOGL,340.7572947145818,341.53632713037314,335.7634893621326,338.47015380859375,18650300
2026-04-24,GOOGL,338.3103390739037,344.8422143498026,334.97448084779876,343.9732971191406,26426100
2026-04-27,GOOGL,345.55136124882,352.74242256668157,342.3053878156813,349.90594482421875,28576900
2026-04-28,GOOGL,348.11816206941427,351.9833930501032,345.69117996136276,349.3466491699219,27824100
2026-04-29,GOOGL,347.1394107424554,355.3492283904879,343.78355752060145,349.5064697265625,35376300
2026-04-30,GOOGL,373.6065555628184,385.3619622201579,365.3667768501622,384.3232421875,72040000
2026-05-01,GOOGL,381.1572209075714,386.2808704617397,378.5804000830116,385.2121887207031,30105200
2026-05-04,GOOGL,385.15223320621686,386.90006506467324,379.31947226185457,382.7751770019531,26298600
2026-05-05,GOOGL,385.7515048868787,392.33333678038815,383.5442209432822,387.9487609863281,23878600
2026-05-06,GOOGL,393.7615619135972,399.3546301445318,392.2734176347804,397.546875,31308500
2026-05-07,GOOGL,399.42454979908837,399.6043194807176,392.1934987581594,397.4969177246094,24433500
2026-05-08,GOOGL,396.5081562950806,401.5019617899809,395.86893456144384,400.3034362792969,21461800
2026-05-11,GOOGL,393.16228042470647,396.94759333072534,387.9887055115338,388.15850830078125,30753700
2026-05-12,GOOGL,386.8601198229993,388.0386506028281,382.2957742925754,386.8701171875,26017500
2026-05-13,GOOGL,385.1222825184223,403.1998643489371,384.5230197682841,402.1211853027344,28144600
2026-05-14,GOOGL,396.7878070287349,402.43080112559403,395.349588612008,400.5731201171875,21136700
2026-05-15,GOOGL,395.82900006662373,399.0450119758119,392.69287563304505,396.2884216308594,20309700
2026-05-18,GOOGL,395.1997907850553,408.10376741205215,394.04122422601415,396.4482421875,26837200
2026-05-19,GOOGL,396.4681837278221,396.65795076850566,385.63162007935824,387.1797180175781,39545700
2026-05-20,GOOGL,387.2196997137571,393.37204141137994,382.42562803382646,388.4281921386719,31744400
2026-05-21,GOOGL,385.22215486500835,392.01371791338363,382.5454520468608,387.1797180175781,24852800
2026-05-22,GOOGL,386.87012298265273,388.258385079403,381.29701890681014,382.49554443359375,20442100
2026-05-26,GOOGL,384.0336125447445,388.7777274266938,382.12597532411496,388.398193359375,27747400
2026-05-27,GOOGL,386.1909390913781,393.39199754996946,385.421873594791,388.3482360839844,23087300
2026-05-28,GOOGL,387.5193014898567,391.38450201712897,384.68282366229704,389.64666748046875,24357500
2026-05-29,GOOGL,384.7626974671623,384.7626974671623,377.9910987617443,379.8687744140625,44415800
2026-06-01,GOOGL,376.05352511273605,378.09100632744554,373.05724175924524,375.9037170410156,28672100
2026-06-02,GOOGL,366.13582064636165,373.07722234401785,357.99592394061045,361.4017028808594,50412300
2026-06-03,GOOGL,361.5814692403301,365.9960065843375,357.6363508187865,358.54522705078125,55441600
2026-06-04,GOOGL,358.4553682250688,372.7875967270043,357.76622059782807,371.7289123535156,44055500
2026-06-05,GOOGL,365.88613605551615,371.6190149899659,363.6688852043904,368.07342529296875,37471200
2026-06-08,GOOGL,364.9454235864071,365.9647879200631,360.2984165590168,363.0766296386719,27942500
2026-06-09,GOOGL,366.85420025674074,371.84098522768176,357.0704802123837,364.0260314941406,29535100
2026-06-10,GOOGL,362.95671584537644,368.3232616719084,354.97185779418805,356.1510925292969,32357100
2026-06-11,GOOGL,355.70134679025995,358.5694982511428,346.13748714351743,357.5401611328125,35538200
2026-06-12,GOOGL,362.3870579560934,366.33453278338226,354.7119986974298,359.4489440917969,24704600
2026-06-15,GOOGL,367.69366113705985,372.7504085202595,366.3145426692825,369.1127624511719,27727500
2026-06-16,GOOGL,369.3626044753487,375.7584875251172,366.8242274297617,373.01025390625,24876100
2026-06-17,GOOGL,368.8929017493238,372.0908279957741,361.78745285393074,363.55633544921875,24543600
2026-06-18,GOOGL,365.51504497617543,369.2426598317581,358.4396065335441,367.7935791015625,44470100
2026-06-22,GOOGL,357.72009076397745,358.68946892539066,341.50050477393233,349.45538330078125,52814800
2026-06-23,GOOGL,340.47114598010614,349.0656275102868,339.98147051143604,345.90765380859375,34007700
2026-06-24,GOOGL,348.8157979233392,353.25294826847323,341.7103492701006,345.0682067871094,44997300
2026-06-25,GOOGL,336.51370015420923,345.34801779729577,335.6242572392167,343.48919677734375,44491400
2026-06-26,GOOGL,342.32993723999033,346.1374872957393,329.98789515004995,337.17327880859375,114706300
2026-06-29,GOOGL,341.6104064955248,354.122383587675,340.4511784786947,353.4228210449219,34213900
2026-06-30,GOOGL,353.64269008629407,358.3896389689017,350.1749177879227,357.14044189453125,35237200
2026-07-01,GOOGL,358.1397942573561,362.7368455226467,356.20103798676814,360.97796630859375,26736400
2026-07-02,GOOGL,359.2490860357571,363.97602803095486,353.19298133516355,359.6788024902344,25974800
2026-07-06,GOOGL,361.31772936423556,367.693635754559,357.15042523629825,366.2245788574219,26915800
2026-07-07,GOOGL,368.8329180211536,372.9202869594668,365.26520405735874,366.7942199707031,24045600
2026-07-08,GOOGL,364.525702555654,367.6037106679975,357.79001132287857,361.6875305175781,22094800
2026-07-09,GOOGL,354.08240970637695,359.41897594546776,350.8544734886641,358.65948486328125,24729100
2026-07-10,GOOGL,357.30034280387986,357.5901650645865,352.52341441108456,356.9505615234375,18146100
2026-07-13,GOOGL,355.96119810970276,357.8999543595846,351.52404777471276,352.2835693359375,15901700
2026-07-14,GOOGL,350.97442351070157,359.92865963343,350.86447830880365,359.2790832519531,18259400
2026-07-15,GOOGL,357.74006858863044,373.40998963278184,357.5302120160503,370.6817626953125,28284600
2026-07-16,GOOGL,372.8203579699616,375.02892981037553,352.07368364698067,354.2322998046875,41158500
2026-07-17,GOOGL,345.77774679993126,348.2961170979314,341.1407126662452,346.5472412109375,29959300
2026-07-20,GOOGL,350.6546131580819,359.4489481797366,350.2948285491913,351.7638854980469,24736600
2026-07-21,GOOGL,351.09433677099497,351.09433677099497,346.77710440528256,346.927001953125,23369800
2026-07-22,GOOGL,347.93634723653764,349.7152025525983,341.51048515922605,341.8702392578125,39334100
2026-07-23,GOOGL,320.92372412122546,324.2815511558238,314.69771503877246,317.4859313964844,69419700
2026-07-24,GOOGL,318.2154780071113,323.97175736278774,317.11617848672984,319.53460693359375,31806600
2026-07-27,GOOGL,324.83120713377,330.2077559724587,324.2415898017393,326.3502197265625,28471600
2026-07-28,GOOGL,327.68937042492354,335.66425552638333,324.2316014627561,333.4956359863281,29511900
2026-07-29,GOOGL,334.455045685483,342.2800028423013,331.40698648547414,336.49371337890625,27501600
2026-07-30,GOOGL,333.98534038388266,336.29385412629074,330.12780397797883,333.4456787109375,30168000
2026-07-31,GOOGL,340.611054758666,358.3496530632621,339.78160132747564,355.9012451171875,46498000
2026-08-03,GOOGL,365.2152604560987,376.4480305309448,363.1166033198653,373.27008056640625,38669700
2026-08-04,GOOGL,367.9834743668337,380.2755612380555,367.263935640354,377.40740966796875,35705700
2026-08-05,GOOGL,383.0937455186354,384.2330278418686,356.54080629618977,362.1971740722656,46926300
2026-08-06,GOOGL,360.5382517887205,363.8961093831237,356.65076635274994,357.52020263671875,25235900
2026-08-07,GOOGL,356.49084652154687,358.6694387836589,353.5527327193329,354.0723876953125,19859900
2026-08-10,GOOGL,354.951850943437,357.38028276908574,352.4834362714388,357.29034423828125,18991400
2026-08-11,GOOGL,355.6613923515014,356.5807842683805,343.1694223006263,343.5791320800781,29081800
2026-08-12,GOOGL,346.0875456512855,346.25744987105145,340.66104092628797,343.3193359375,25012000
2026-08-13,GOOGL,345.5478948342235,347.7065110877775,343.5392066313974,346.13751220703125,17866100
2026-08-14,GOOGL,346.5772111705174,350.22489088982945,344.27870083870846,345.67779541015625,17808600
2026-08-17,GOOGL,346.04755304110785,347.0269344906474,341.7103446182459,343.7790222167969,18291300
2026-08-18,GOOGL,342.19005363605754,344.6484648943574,339.97147845233087,343.9789123535156,19248800
2026-08-19,GOOGL,342.2400076559886,346.5072842825429,340.44117610948047,344.4985656738281,19733800
2026-08-20,GOOGL,342.83962071417653,343.6790774504127,338.3525147854226,340.451171875,18570400
2026-08-21,GOOGL,342.359928876986,345.97762917305914,340.1813365286692,344.5985107421875,20849800
2026-08-24,GOOGL,343.39927531721605,351.3741604480826,342.2699962782288,347.83642578125,26338200
2026-08-25,GOOGL,349.41542326154587,349.9350782600912,345.37800981753963,346.73712158203125,20649700
2026-08-26,GOOGL,346.3973312516375,346.65717399060424,339.96146577825954,341.7803039550781,20420300
2026-08-27,GOOGL,339.45183186724313,341.4705233735174,338.3025461528343,340.4311828613281,23391400
2026-08-28,GOOGL,340.49114263603377,348.91575095848634,340.0514228221321,346.36737060546875,25347200
2026-08-31,GOOGL,343.60912172254496,344.3686432833908,336.94342338566804,339.13201904296875,33493600
2026-09-01,GOOGL,335.7841605001305,336.9834018439635,332.8360433203593,334.8047790527344,23342700
2026-09-02,GOOGL,333.84541044728496,339.78159726283246,332.6062167342666,336.9034423828125,22582300
2026-09-03,GOOGL,340.34122971001256,344.4585782378343,339.841550898423,342.260009765625,20726900
2026-09-04,GOOGL,342.4700012207031,343.5299987792969,337.0899963378906,338.4599914550781,23189300
2026-09-08,GOOGL,335.4200134277344,339.67999267578125,333.2200012207031,338.3599853515625,22915800
2026-09-09,GOOGL,331.6499938964844,331.8500061035156,327.8999938964844,330.6499938964844,33151600
2026-09-10,GOOGL,328.2300109863281,333.2300109863281,327.739990234375,332.6000061035156,23557600
2026-09-11,GOOGL,335.0299987792969,342.9800109863281,335.0299987792969,338.5,24708300
2026-09-14,GOOGL,343.1199951171875,349.9100036621094,342.1400146484375,349.3900146484375,35905400
2026-09-15,GOOGL,346.79998779296875,348.07000732421875,342.70001220703125,344.9800109863281,21928600
2026-09-16,GOOGL,347.0799865722656,348.3999938964844,340.6400146484375,342.8699951171875,18928900
2026-09-17,GOOGL,348.67999267578125,349.5,343.8900146484375,347.3299865722656,19238400
2026-09-18,GOOGL,357.30999755859375,359.44000244140625,348.45001220703125,349.5400085449219,47631800
2026-09-21,GOOGL,350.6400146484375,357.6099853515625,349.1000061035156,354.9700012207031,30455400
2026-09-22,GOOGL,357.6499938964844,364.1700134277344,350.2200012207031,351.1600036621094,29788600
2026-09-23,GOOGL,349.8599853515625,350.0,337.45001220703125,337.8299865722656,35576200
2026-09-24,GOOGL,336.2200012207031,343.0899963378906,336.0199890136719,342.3599853515625,23746900
2024-09-25,MSFT,423.1455340479856,426.38437839634133,421.9051492250097,425.39007568359375,13396400
2024-09-26,MSFT,428.3237537072511,428.53047950890726,422.45644824495844,424.6025390625,14492000
2024-09-27,MSFT,424.8093096047705,425.1341945131492,420.82230422369577,421.3637390136719,14896100
2024-09-30,MSFT,421.55078212730024,423.7264354508624,418.75495134014767,423.6082763671875,16807300
2024-10-01,MSFT,421.78703621784,421.81656847562806,412.2969368087723,414.147705078125,19092900
2024-10-02,MSFT,416.00832438993655,416.24461251055664,410.22961524498584,410.6430969238281,16582300
2024-10-03,MSFT,411.1353013004486,413.02542591560956,407.84724636027164,410.062255859375,13686400
2024-10-04,MSFT,411.7357819472086,413.2223089798081,408.5166457695598,409.5896911621094,19169700
2024-10-07,MSFT,409.5306729821077,410.6233966552464,402.6395318501973,403.171142578125,20919800
2024-10-08,MSFT,404.5099947662806,409.19598053892946,401.82246884384335,408.2607421875,19229300
2024-10-09,MSFT,409.3928629741536,413.842590771439,407.85712525174335,410.9679870605469,14974300
2024-10-10,MSFT,408.77260867644156,410.8596349305785,406.72493873590105,409.37310791015625,13848400
2024-10-11,MSFT,409.6684790592566,410.6430736171545,406.8234080163179,409.8456726074219,14144900
2024-10-14,MSFT,411.27310627026066,417.4456186019399,411.02699410502277,412.621826171875,16653100
2024-10-15,MSFT,415.61453317923247,415.9098858066577,408.80216519233556,412.22802734375,18900200
2024-10-16,MSFT,408.7135954364056,409.88506179410496,404.0965284555642,409.6488037109375,15508900
2024-10-17,MSFT,415.7917465890575,415.9295838303706,409.127039576057,410.2394714355469,14820000
2024-10-18,MSFT,410.65288622498497,413.1238316782615,409.78656668639167,411.6570129394531,17145300
2024-10-21,MSFT,409.6488187127166,412.4446496235521,407.3156799270225,412.2674560546875,14206100
2024-10-22,MSFT,411.9819772653469,423.88395989968774,411.53899332193106,420.8617248535156,25482200
2024-10-23,MSFT,424.1595150969288,424.3760949935698,415.95907136722593,417.99688720703125,19654400
2024-10-24,MSFT,418.7155536346828,419.35546932603506,415.83112614516494,418.1249084472656,13581600
2024-10-25,MSFT,420.1233007480341,425.79370434385993,419.9362531076575,421.4916687011719,16899100
2024-10-28,MSFT,424.9471252042487,425.2227696357769,419.670464602579,419.9559631347656,14882400
2024-10-29,MSFT,421.3440812856283,426.43369473876635,419.17828193472,425.232666015625,17644100
2024-10-30,MSFT,430.6372355196224,431.68074872313076,425.3802831426112,425.8035888671875,29749100
2024-10-31,MSFT,408.9005934690843,409.6881704469,399.9814907408766,400.0307312011719,53971000
2024-11-01,MSFT,402.64935394725995,409.0384161036912,401.162826864631,403.9881896972656,24230400
2024-11-04,MSFT,403.42703719981586,404.0374205874987,399.26283871579096,402.1078796386719,19672300
2024-11-05,MSFT,402.0193362267301,408.44778544240023,401.7338376736444,405.061279296875,17626000
2024-11-06,MSFT,406.0063586804049,413.91148078515863,404.13588205792996,413.6456604003906,26681800
2024-11-07,MSFT,414.7285393416903,420.2119257079772,413.35031719618456,418.8139953613281,19901800
2024-11-08,MSFT,418.70576053564287,419.8674028807744,415.2208034572557,415.968994140625,16891400
2024-11-11,MSFT,415.9492116532179,418.20360735923634,409.53061759674426,411.5093688964844,24503300
2024-11-12,MSFT,411.7456609678349,417.8394007087299,410.71200186963034,416.4513244628906,19401200
2024-11-13,MSFT,415.0829505962656,422.65333320998997,411.70626883397995,418.58758544921875,21502200
2024-11-14,MSFT,418.390720208814,421.51143597611144,413.4684764416515,420.2513427734375,30246900
2024-11-15,MSFT,413.29122260558944,416.22486023548765,407.207337406915,408.5461730957031,28247600
2024-11-18,MSFT,408.4182293083614,411.8933320342017,405.6913172118432,409.2944030761719,24727000
2024-11-19,MSFT,406.68554340151616,411.440446924727,405.14980600150676,411.29278564453125,18133500
2024-11-20,MSFT,410.3870777929387,410.800559418531,404.19488776660336,409.0285339355469,19191700
2024-11-21,MSFT,413.80284233986384,414.0790385036892,404.71793020151534,407.26287841796875,20780200
2024-11-22,MSFT,405.7832773797643,411.73138418459337,405.4774898240383,411.3368225097656,24814600
2024-11-25,MSFT,412.69804256956826,415.36135617252853,409.2159842267064,413.10247802734375,27691100
2024-11-26,MSFT,413.891635863064,423.21330950979313,413.161695275106,422.17755126953125,23458900
2024-11-27,MSFT,419.33668746447955,421.4279216336492,416.28865548862075,417.2454833984375,18332400
2024-11-29,MSFT,414.38481768654003,419.1097738504757,412.1259094010287,417.70904541015625,16271900
2024-12-02,MSFT,415.84477479075025,427.11953971126485,415.58829615007085,425.1269836425781,20207200
2024-12-03,MSFT,424.0024483022702,426.59673575541547,421.9309618493427,425.343994140625,18302000
2024-12-04,MSFT,427.1490975254907,433.698935348809,426.754535872994,431.4794921875,26009400
2024-12-05,MSFT,431.97270407918,438.6211597736825,430.2464705000807,436.6088562011719,21697800
2024-12-06,MSFT,436.2931878578621,440.04159877439776,435.7703869006791,437.54595947265625,18821000
2024-12-09,MSFT,436.5891099408423,442.2412722506749,434.5176237615362,439.962646484375,19144400
2024-12-10,MSFT,438.3548361326827,443.51378920495125,435.6027181772746,437.3092041015625,18469500
2024-12-11,MSFT,438.01948123467236,444.23394093068583,438.01948123467236,442.89239501953125,19200200
2024-12-12,MSFT,443.0106891858234,449.96496224230685,443.0106891858234,443.45458984375,20834800
2024-12-13,MSFT,442.34980235220513,445.2991859531554,439.5286279530639,441.1956787109375,20177800
2024-12-16,MSFT,441.19569319284585,446.039014950384,439.23272866925197,445.45703125,23598800
2024-12-17,MSFT,444.8849575716068,449.1068307764244,443.4645114369834,448.2880859375,22733500
2024-12-18,MSFT,445.19070178831043,446.50262602359174,431.08488976149135,431.44989013671875,24444500
2024-12-19,MSFT,435.6224173363725,437.1612287919841,430.39440791706704,431.0947570800781,22963700
2024-12-20,MSFT,427.2279700671991,437.71361011588573,422.80883168125047,430.67059326171875,64263700
2024-12-23,MSFT,430.80874434392524,431.70638949616176,426.9518413679703,429.3389892578125,19152500
2024-12-24,MSFT,428.7470606574343,433.629847299066,428.29331629516184,433.3634948730469,7164500
2024-12-26,MSFT,433.1169536147247,434.9517090842379,430.70024449975995,432.1601257324219,8194200
2024-12-27,MSFT,428.69774687773787,429.3093219032342,420.55978930279264,424.6830139160156,18117700
2024-12-30,MSFT,420.27376177490316,421.7435167493127,416.17025429217676,419.0604553222656,13158700
2024-12-31,MSFT,420.313230174155,420.9346790911402,414.94710727917607,415.77569580078125,13246500
2025-01-02,MSFT,419.7509810335182,420.2836558558519,409.21603069875914,412.8953552246094,16896500
2025-01-03,MSFT,415.3613950253171,418.27134378737713,413.8423310893823,417.6005859375,16662900
2025-01-06,MSFT,422.1874466156374,428.42162361284306,419.7016808979234,422.03948974609375,20573600
2025-01-07,MSFT,423.1738448521772,424.801430542522,415.0851952170159,416.6338806152344,18139100
2025-01-08,MSFT,417.7090917280971,421.1714329663283,415.81518360520914,418.7941589355469,15054600
2025-01-10,MSFT,418.86316848876044,418.94206877538755,409.3836648034606,413.26031494140625,20201100
2025-01-13,MSFT,409.6007014640922,412.8164377086338,406.690782868284,411.52423095703125,17604800
2025-01-14,MSFT,412.1357932076061,414.03957499111027,405.14208486737954,410.0248718261719,16935900
2025-01-15,MSFT,413.43790279096226,422.3353935398116,412.5895665870108,420.5203857421875,19637800
2025-01-16,MSFT,422.87788427352234,423.6571336957602,418.6264203199314,418.8138122558594,15300000
2025-01-17,MSFT,428.1947398206691,428.57945778773313,422.35515456567043,423.2034606933594,26197500
2025-01-21,MSFT,424.35752761269225,425.0480029513297,419.819993531564,422.68060302734375,26085700
2025-01-22,MSFT,431.61761238386987,441.1957350447454,430.0788007344463,440.1402893066406,27803800
2025-01-23,MSFT,435.9973147591307,440.6828062638951,435.50410512705025,440.6433410644531,18389300
2025-01-24,MSFT,439.11439458237174,440.5841496239721,435.40544858930485,438.0293273925781,15549500
2025-01-27,MSFT,418.2516146753107,429.28964793288844,417.74853125025015,428.6583251953125,35647800
2025-01-28,MSFT,428.69779052094407,442.29064589853647,425.52151949148305,441.1266784667969,23491700
2025-01-29,MSFT,440.6235877197962,440.81100977301065,434.41900262341227,436.3227844238281,23581400
2025-01-30,MSFT,413.0827896381068,417.1172408671569,407.54899194570174,409.3541259765625,54586300
2025-01-31,MSFT,413.2899024984714,414.97667080056476,409.2751693701902,409.4231262207031,34161900
2025-02-03,MSFT,406.01014380943144,409.7683985075356,403.1100689884043,405.3393859863281,25679100
2025-02-04,MSFT,407.085314667825,408.2986210393196,404.1753661823544,406.7696533203125,20532100
2025-02-05,MSFT,406.74997908357795,408.2098602907994,404.8264495269334,407.6772155761719,16316700
2025-02-06,MSFT,408.3775613386283,412.5205341470821,408.3775613386283,410.1728515625,16309800
2025-02-07,MSFT,410.82388435232116,412.96439718513943,402.5576865372201,404.1852722167969,22886800
2025-02-10,MSFT,408.0914896331453,409.81772327895646,405.3394016663598,406.6217346191406,20817900
2025-02-11,MSFT,404.07678288840276,406.88805357704496,403.741373863551,405.8523254394531,18140600
2025-02-12,MSFT,401.6797906754277,405.17172339110687,398.8783635040398,403.4849548339844,19121700
2025-02-13,MSFT,401.472636502677,405.4183135199023,400.84131373042015,404.9645690917969,23891700
2025-02-14,MSFT,402.2518556192141,403.35664020130986,400.3677915145921,402.8831481933594,22758500
2025-02-18,MSFT,402.4590402622825,405.0237362453633,400.9794114377888,404.0767822265625,21423100
2025-02-19,MSFT,402.34067225656025,409.8473079963777,402.11378500109834,409.1370849609375,24114200
2025-02-20,MSFT,410.47144681938056,414.4447923675228,407.75335474991726,411.30169677734375,23508700
2025-02-21,MSFT,412.4976421272199,413.1993956224997,403.15730762956775,403.47357177734375,27524800
2025-02-24,MSFT,403.7700887978409,404.62009578289485,394.6867174896375,399.3124084472656,26443700
2025-02-25,MSFT,396.44608593506547,397.25657880262406,392.09714469383994,393.283203125,29387400
2025-02-26,MSFT,393.3919053914201,398.9170410828285,389.6755229646048,395.0919494628906,19619000
2025-02-27,MSFT,396.6141373782218,401.03227411101483,387.61974690299365,387.9755554199219,21127400
2025-02-28,MSFT,388.1040123360274,393.0163471729864,382.0846775634414,392.3837585449219,32845700
2025-03-03,MSFT,394.1925506012372,394.1925506012372,381.6794393165997,383.9823913574219,23007700
2025-03-04,MSFT,378.9514422192701,388.0249203607145,376.5792952112664,384.1009826660156,29342900
2025-03-05,MSFT,384.822503579622,397.0094560898268,384.2986543499986,396.3669738769531,23433100
2025-03-06,MSFT,389.70521049036057,397.4838909032578,388.12376908504734,392.2849426269531,23304600
2025-03-07,MSFT,387.76795648683793,390.2191619837315,381.0666253730808,388.7464599609375,22034100
2025-03-10,MSFT,381.36317334885786,381.9166733696952,372.8431942815155,375.74908447265625,32840100
2025-03-11,MSFT,374.6024872406928,381.5212666884101,372.5367409966354,376.0356750488281,30380200
2025-03-12,MSFT,378.5066728711865,380.7503233781215,374.55308456142495,378.82293701171875,24253600
2025-03-13,MSFT,378.7142611357114,380.8492026304598,373.0705217726956,374.37518310546875,20473000
2025-03-14,MSFT,375.37338972084297,385.7021498382421,375.10653340514665,384.051513671875,19952800
2025-03-17,MSFT,382.2131776873556,388.15342385678485,381.0962841175908,384.1899719238281,22474300
2025-03-18,MSFT,382.57889637930924,382.8754034622388,376.6781641211092,379.070068359375,19486900
2025-03-19,MSFT,381.0567221702146,385.158563988563,379.54447585576617,383.3201599121094,19185500
2025-03-20,MSFT,381.26425870483627,387.24407880313566,378.83281046953476,382.35150146484375,18470500
2025-03-21,MSFT,378.77352451177876,387.194656647968,378.3583844724842,386.7202453613281,39675900
2025-03-24,MSFT,390.81219242783766,390.81219242783766,385.2870564688155,388.51910400390625,21004500
2025-03-25,MSFT,389.34940942223693,391.7610706609813,388.0842623065983,390.57501220703125,15775000
2025-03-26,MSFT,390.4168571879551,390.72325787798576,384.0614710304359,385.4452209472656,16108400
2025-03-27,MSFT,385.6033961060126,387.6888996743445,382.9050609496304,386.04815673828125,13766800
2025-03-28,MSFT,383.5771084434194,384.6149434292676,372.55648752516225,374.40478515625,21632000
2025-03-31,MSFT,368.2174556076631,372.6948931611048,362.97893300010196,371.0343933105469,35184700
2025-04-01,MSFT,370.30297052308924,378.4078388750376,368.89946352111616,377.7554931640625,19689500
2025-04-02,MSFT,373.5844861787052,380.61197570359644,372.25014394283687,377.70611572265625,16092600
2025-04-03,MSFT,370.4413527847735,373.10014336261634,365.0644702169303,368.78082275390625,30198000
2025-04-04,MSFT,359.90502676066706,370.2436515761853,355.30898645827625,355.664794921875,49209900
2025-04-07,MSFT,346.8087713756296,366.6953157485582,340.7894367933375,353.707763671875,50425000
2025-04-08,MSFT,363.98712785508354,369.3145725706382,346.18608632628985,350.4460754394531,35868900
2025-04-09,MSFT,349.43788571366844,388.6673652686905,349.0029886182402,385.9591369628906,50199700
2025-04-10,MSFT,377.6269854135807,379.44563241847453,363.5324334212975,376.92523193359375,38024400
2025-04-11,MSFT,376.2234920445777,385.52428234575257,374.4937970946495,383.94287109375,23839200
2025-04-14,MSFT,388.6574731382522,390.07087362207807,379.7520064336394,383.31024169921875,19251200
2025-04-15,MSFT,384.0021677861047,387.3429548173336,379.702634359307,381.2544250488281,17199900
2025-04-16,MSFT,376.25312290658945,377.1821883945702,363.7301188576812,367.2982177734375,21967800
2025-04-17,MSFT,369.41342738591277,369.97682098932336,362.6330375516977,363.5126953125,21120200
2025-04-21,MSFT,358.6102676210093,360.2510105389955,351.5432339047138,354.95318603515625,20807300
2025-04-22,MSFT,359.1637844616611,363.50283254625396,355.68460696363,362.5638732910156,19485000
2025-04-23,MSFT,371.6965961898571,375.9763723537339,368.69186067990836,370.0459899902344,20545500
2025-04-24,MSFT,371.34083029267134,383.94289425966036,370.8367380816756,382.80621337890625,22232300
2025-04-25,MSFT,382.5097039822226,387.6098369882708,380.13755681192964,387.3034362792969,18973200
2025-04-28,MSFT,387.4121350910717,388.1830836548117,382.15388522315925,386.6214294433594,16579400
2025-04-29,MSFT,386.75975859738145,390.51568553400665,385.85045019118235,389.4679870605469,14974000
2025-04-30,MSFT,385.7713871677669,392.0576085897077,379.97939447353656,390.6738586425781,36461100
2025-05-01,MSFT,426.1078502028247,431.91962985286955,419.9699127886788,420.464111328125,58938100
2025-05-02,MSFT,426.7305277081965,434.3411969693003,425.00083289098967,430.2294616699219,30757400
2025-05-05,MSFT,427.84743296236513,434.40051033348516,427.0962415401901,431.1091613769531,20136100
2025-05-06,MSFT,427.18524232094876,432.65107712392626,426.1671945058241,428.2823486328125,15104200
2025-05-07,MSFT,428.8061738000786,433.0365119798482,426.10783898687293,428.3218688964844,23295300
2025-05-08,MSFT,432.8487017029497,438.52212113478646,430.6050513161737,433.0859375,23491300
2025-05-09,MSFT,434.89471877509555,435.6261229679929,430.8225275981773,433.63946533203125,15324200
2025-05-12,MSFT,440.76575596614896,444.1559504013246,434.6772268904453,444.0472412109375,22821900
2025-05-13,MSFT,442.5844751269483,445.4409573721911,440.19254074927665,443.9287109375,23618800
2025-05-14,MSFT,442.940276452347,448.6334230518337,442.940276452347,447.6845703125,19902800
2025-05-15,MSFT,446.3576953837484,451.7246558325709,446.0210270484144,448.6946105957031,21992300
2025-05-16,MSFT,447.6251846388841,449.9125712368337,444.33770477780746,449.8234558105469,23849800
2025-05-19,MSFT,446.4666664897976,455.0914021356244,446.38743262939596,454.3784484863281,21336500
2025-05-20,MSFT,451.1305396548173,453.85362179890075,449.87298168888566,453.685302734375,15441800
2025-05-21,MSFT,450.1205602088895,453.29913144928145,447.3875661224604,448.14013671875,19216900
2025-05-22,MSFT,450.4967994491365,455.74490907390424,449.4570590917957,450.40765380859375,18025600
2025-05-23,MSFT,445.57541331723985,449.24908978205974,444.5158796844098,445.7734375,16883500
2025-05-27,MSFT,452.0118507212909,456.43809825868186,451.6553587930952,456.1806335449219,20974300
2025-05-28,MSFT,456.7054113344306,457.9926743719098,452.45739496057166,452.8831787109375,17086300
2025-05-29,MSFT,457.0321797296883,457.2005290082406,450.8532686393741,454.1902770996094,13974800
2025-05-30,MSFT,455.2200705832806,457.16087682654637,451.08099341488645,455.8537902832031,34770500
2025-06-02,MSFT,452.66535029783114,457.58667299374565,452.41779739511384,457.44805908203125,16626500
2025-06-03,MSFT,456.9529759669727,459.5968543955761,456.3489311405408,458.43829345703125,15743800
2025-06-04,MSFT,459.4582306475514,461.1316908447896,458.4878122988585,459.3294982910156,14162700
2025-06-05,MSFT,460.408765640122,465.0528603462912,459.48787612751937,463.1021423339844,20131700
2025-06-06,MSFT,465.4886174973397,468.7068055435685,464.1914425792919,465.7757873535156,15285600
2025-06-09,MSFT,465.10242514198006,468.7958952647425,464.0329796350046,468.12255859375,16469900
2025-06-10,MSFT,466.5778015728124,468.1720277278758,462.38919566775553,466.3104553222656,15375900
2025-06-11,MSFT,465.4192790589967,470.81594475736864,465.0628173622344,467.99383544921875,16399200
2025-06-12,MSFT,470.37032681118086,475.7174938929388,468.88500933710617,474.1826477050781,18950600
2025-06-13,MSFT,471.74673205457395,474.48960742449077,468.13246560456287,470.3109130859375,16814500
2025-06-16,MSFT,470.5584575569121,475.98482813726486,470.3505215770748,474.45001220703125,15626100
2025-06-17,MSFT,470.7466055851971,474.0539088222925,469.4395189734987,473.36077880859375,15414100
2025-06-18,MSFT,473.3211507460615,476.29178558337986,469.81579317674493,475.5392150878906,17526500
2025-06-20,MSFT,477.50979012623617,478.72773115460745,472.2022397987241,472.72705078125,37576200
2025-06-23,MSFT,473.52910172023695,482.97572926336846,467.8849134818946,481.24285888671875,24864000
2025-06-24,MSFT,484.16394224686394,487.03554965531043,482.03496327099526,485.31256103515625,22305600
2025-06-25,MSFT,487.2237477118272,489.71907018583636,484.59969288856837,487.45147705078125,17495100
2025-06-26,MSFT,488.15456314430565,493.1650318097281,487.98621386300664,492.580810546875,21578900
2025-06-27,MSFT,492.6797669341534,494.41263722515527,488.20402140418383,491.0855407714844,34539200
2025-06-30,MSFT,492.17479474651304,495.8583832017286,490.4815111095117,492.5411682128906,28369000
2025-07-01,MSFT,491.61039147776194,493.1749126279045,486.17413905224953,487.233642578125,19945400
2025-07-02,MSFT,485.1937811955959,488.66943364597034,483.9164299655294,486.28302001953125,16319600
2025-07-03,MSFT,488.9764203666982,495.2345653483035,488.6100468852986,493.9571838378906,13984800
2025-07-07,MSFT,492.51150669264047,493.8680919045582,490.38255755326566,492.8481750488281,13981600
2025-07-08,MSFT,492.37283752871576,493.3234624825612,489.27347018920887,491.7589111328125,11846600
2025-07-09,MSFT,495.4028504286207,501.8194324629264,494.84833435120834,498.5814514160156,18659500
2025-07-10,MSFT,498.12595942487985,499.502368126141,492.8778497571002,496.57135009765625,16492100
2025-07-11,MSFT,493.59080845907414,500.08659454551145,492.9273533491097,498.3933410644531,16459500
2025-07-14,MSFT,496.61090454240406,499.03693501960714,496.1257105345073,498.0962219238281,12058800
2025-07-15,MSFT,498.09622485625505,503.3245408608939,497.8684955298327,500.86883544921875,14927200
2025-07-16,MSFT,500.2351113436526,501.7600457375481,496.9773367906475,500.6708068847656,15154400
2025-07-17,MSFT,500.7302212088446,508.34495123446135,500.67081092720053,506.6913146972656,17503100
2025-07-18,MSFT,509.44409517028413,509.6025628871289,502.46311478523944,505.0574645996094,21209700
2025-07-21,MSFT,501.75013722027745,507.0775109565722,500.6014880788464,505.0673522949219,14066800
2025-07-22,MSFT,505.96840625923335,506.19616579872985,500.3241882324219,500.3241882324219,13868600
2025-07-23,MSFT,501.78972599996087,501.8293429250601,495.79895793496456,500.9183349609375,16396600
2025-07-24,MSFT,503.79000158856684,508.6420329312165,502.33438916388565,505.8793640136719,16107000
2025-07-25,MSFT,507.4537274302719,513.2167663968169,505.3643953860848,508.681640625,19125700
2025-07-28,MSFT,509.0480107678364,509.9589885432546,505.12675096242896,507.48345947265625,14308000
2025-07-29,MSFT,510.48381297361453,512.5533213636355,506.55264151082275,507.5527648925781,16469200
2025-07-30,MSFT,510.12731827097724,510.89971236727115,504.4534248625209,508.2162170410156,26380400
2025-07-31,MSFT,549.7952990186136,550.0131770504155,526.6937003723208,528.2780151367188,51617300
2025-08-01,MSFT,529.7632787074629,530.5554360086387,515.7616702567567,518.9798583984375,28977600
2025-08-04,MSFT,523.0991779644736,532.9814718412621,522.960533815094,530.3970336914062,25349000
2025-08-05,MSFT,531.9217934112224,532.0406139533223,522.0790889225318,522.5841064453125,19171600
2025-08-06,MSFT,525.7033181364377,526.495475261871,518.9005698550214,519.8016357421875,21355700
2025-08-07,MSFT,521.6434435727333,522.9208551796034,512.483986539974,515.7418212890625,16079100
2025-08-08,MSFT,517.4845698020915,519.524403327164,514.3257923084495,516.9300537109375,15531000
2025-08-11,MSFT,517.1875004407061,522.4257584225397,514.6327376205326,516.6627197265625,20194400
2025-08-12,MSFT,518.6233787752558,525.7825900386109,517.5836685759962,524.0596313476562,18667000
2025-08-13,MSFT,526.9014833945702,527.4857348349631,514.2861971986356,515.484375,19619200
2025-08-14,MSFT,517.4449565045493,520.8017882377586,515.0486614235291,517.36572265625,20269100
2025-08-15,MSFT,517.6529556536844,520.9503168823401,513.9990723038397,515.078369140625,25213300
2025-08-18,MSFT,516.4844919382945,517.7024328589179,508.9885829187347,512.0383911132812,23760600
2025-08-19,MSFT,509.9589996924715,510.11740696385556,503.5721224631474,504.7801818847656,21481000
2025-08-20,MSFT,504.87920872605446,505.9981527246316,499.5023667236012,500.76983642578125,27723000
2025-08-21,MSFT,499.57962247206007,503.48747238505433,498.6175369804135,500.1251220703125,18443300
2025-08-22,MSFT,500.13506667774504,506.5621975190336,498.3100856343386,503.09075927734375,24324200
2025-08-25,MSFT,502.4956130920682,504.0428801746979,500.0060864475961,500.14495849609375,21638600
2025-08-26,MSFT,500.24412923099453,500.8590951140394,494.44189267773186,497.9430847167969,30835700
2025-08-27,MSFT,497.90345703690537,503.1502967625455,495.8205879159113,502.6047668457031,17277900
2025-08-28,MSFT,502.95187030654046,506.91922816363694,501.3748491905692,505.4810791015625,18015600
2025-08-29,MSFT,504.5090702372647,505.44140176386463,500.3730863144936,502.5551452636719,20961600
2025-09-02,MSFT,496.38587753866574,501.87074834041937,492.75574161607386,500.9979248046875,18128000
2025-09-03,MSFT,499.6788070917271,503.64616490840893,498.220801883355,501.22607421875,16345100
2025-09-04,MSFT,500.1846427841772,504.00323087503085,499.0440334241921,503.82470703125,15509500
2025-09-05,MSFT,504.9157294675595,507.79205789513924,488.35199810583333,490.9605407714844,31994800
2025-09-08,MSFT,494.0451682561979,497.10997900607424,490.99031585598385,494.13446044921875,16771000
2025-09-09,MSFT,497.33805669614713,498.15137232357364,493.63851485593227,494.34271240234375,14410500
2025-09-10,MSFT,498.8754294126598,499.1233892811019,492.66650462093776,496.2867126464844,21611800
2025-09-11,MSFT,498.15138006137016,499.0638857033828,493.8170463660224,496.9215087890625,18881600
2025-09-12,MSFT,502.5154742767582,508.367321245748,499.73833579713096,505.73895263671875,23624900
2025-09-15,MSFT,504.63802593930427,511.2634762434591,502.86262476523797,511.1543884277344,17143800
2025-09-16,MSFT,512.6620043570016,513.0091239663263,504.4495745277025,504.885986328125,19711900
2025-09-17,MSFT,506.4530503919847,507.1175961354426,501.80132099339164,505.8579406738281,15816600
2025-09-18,MSFT,507.31598208941665,508.88310546808697,503.51725007824297,504.3008117675781,18913700
2025-09-19,MSFT,506.39357782967863,515.0622454615835,506.1456179521661,513.7034301757812,52474100
2025-09-22,MSFT,511.3826037577857,513.5150225661836,508.3574445613838,510.25189208984375,20009300
2025-09-23,MSFT,509.60711582016205,510.3907077578639,503.17008724169204,505.0744323730469,19799600
2025-09-24,MSFT,506.21501140620444,508.29784998729696,502.7832554652563,505.98687744140625,13533700
2025-09-25,MSFT,504.15198973027213,505.84805701475193,500.9186136455738,502.8923645019531,15786500
2025-09-26,MSFT,505.8976246789574,509.74596656687834,502.4856945681329,507.28619384765625,16213100
2025-09-29,MSFT,507.3258652143003,512.6321819161793,504.7272507672145,510.4005432128906,17617800
2025-09-30,MSFT,509.05168089535164,513.9315141469417,505.5009089039439,513.7232666015625,19728200
2025-10-01,MSFT,510.5989067561486,516.2623314762835,507.51430077675985,515.4688720703125,22632300
2025-10-02,MSFT,513.4157691025699,517.3434144406598,506.51254498360566,511.53125,21222900
2025-10-03,MSFT,512.8801529316524,516.2425031799986,510.7973143114264,513.1281127929688,15112300
2025-10-06,MSFT,514.377848960065,526.6965386672223,513.9712214168786,524.256591796875,21388600
2025-10-07,MSFT,523.9788048028778,525.4764919541412,517.1847292577561,519.7039794921875,14615200
2025-10-08,MSFT,519.0098207695767,522.6498549115006,518.8213688365025,520.5669555664062,13363400
2025-10-09,MSFT,518.0773939158137,520.0511445409561,513.1777050939771,518.1369018554688,18343600
2025-10-10,MSFT,515.3995037763443,519.3073539147757,505.4711804745103,506.7903137207031,24133800
2025-10-13,MSFT,512.1958293204747,512.1958293204747,507.50444767633473,509.8551025390625,14284200
2025-10-14,MSFT,506.06622732552523,511.07503445038043,501.87073577210117,509.37896728515625,14684300
2025-10-15,MSFT,510.7577169104775,512.9694997370561,505.8381709448021,509.24017333984375,14694700
2025-10-16,MSFT,508.3970827878481,512.6321960787722,503.9833851231019,507.4349670410156,15559600
2025-10-17,MSFT,504.88595648751925,511.27337462741934,503.1700633614309,509.388916015625,19867800
2025-10-20,MSFT,510.41049011219013,514.4671401409408,509.2401268135401,512.5726928710938,14665600
2025-10-21,MSFT,513.2769402267872,514.4572316509175,508.8533142722573,513.4356079101562,15586200
2025-10-22,MSFT,516.8971823641815,520.943843958813,513.4852520447155,516.2921142578125,18962700
2025-10-23,MSFT,518.1964698863214,519.6743010066873,514.3778516149157,516.3119506835938,14023500
2025-10-24,MSFT,518.5237205252405,521.0628270774097,516.4607380708425,519.3370361328125,15532400
2025-10-27,MSFT,527.440383046071,530.2175212473691,524.6929685473742,527.1824951171875,18734700
2025-10-28,MSFT,545.5116410650497,549.2012543795508,536.356983260493,537.6463623046875,29986700
2025-10-29,MSFT,540.4929653309738,541.8121286840217,532.3499420595073,537.130615234375,36023000
2025-10-30,MSFT,526.1509968235328,530.6043464776645,517.8592331602406,521.4695434570312,41023100
2025-10-31,MSFT,524.5640198650095,525.0004316167937,510.896444053691,513.5843505859375,34006400
2025-11-03,MSFT,515.5680119038287,520.676008789008,510.3906395365282,512.8107299804688,22374700
2025-11-04,MSFT,507.5837474278435,511.34279700787874,503.6957236126803,510.1327819824219,20958700
2025-11-05,MSFT,509.11117977922714,510.6287232020861,502.4460174356622,503.02130126953125,23024300
2025-11-06,MSFT,501.53353925537283,501.5732213085109,491.7639146320967,493.04339599609375,27406500
2025-11-07,MSFT,492.89463000746537,495.30479262227396,489.2248119110569,492.76568603515625,24019800
2025-11-10,MSFT,495.9594336108676,502.7138582055711,494.729532044403,501.87078857421875,26101500
2025-11-11,MSFT,500.68058840039413,505.441436360325,498.2505996850444,504.5289306640625,17980000
2025-11-12,MSFT,505.203338237195,507.494515261433,495.0469117437556,506.9688415527344,26574900
2025-11-13,MSFT,506.1455939798088,509.3095642884979,497.1992129195551,499.1828918457031,25273100
2025-11-14,MSFT,494.1641988801248,507.4250879884235,493.38063720960855,506.01666259765625,28505700
2025-11-17,MSFT,504.3008205535495,507.94085467406336,500.7897001462128,503.3486328125,19092800
2025-11-18,MSFT,491.32749949419616,498.8754133867433,482.8076023204449,489.7604064941406,33815100
2025-11-19,MSFT,486.1005289347495,491.14898819063853,478.88983663624714,483.14483642578125,23245300
2025-11-20,MSFT,489.60385435710714,490.45844852333465,472.50235794747454,475.41387939453125,26802500
2025-11-21,MSFT,475.48346109105705,475.9008266883901,465.31794169549005,469.1436767578125,31769200
2025-11-24,MSFT,472.0055061050608,473.89352206444323,465.0694984877541,471.0118103027344,34421000
2025-11-25,MSFT,471.08136597664605,476.12932719889915,461.9592459889855,473.9829406738281,28019800
2025-11-26,MSFT,483.24419169180504,485.2315832491155,478.16642081896737,482.4393005371094,25709100
2025-11-28,MSFT,484.5260924315005,489.5243812398697,483.5820692635899,488.9082946777344,14386700
2025-12-01,MSFT,485.3608038657598,486.77183499200703,481.59468809959253,483.6715087890625,23964000
2025-12-02,MSFT,483.6516286444489,490.38888506208144,483.2541563831954,486.91094970703125,19562700
2025-12-03,MSFT,473.3171775583083,481.18723109312356,472.2042431453193,474.7182922363281,34615100
2025-12-04,MSFT,476.7355071807625,478.2856702042714,473.4861025034468,477.8086853027344,22318200
2025-12-05,MSFT,479.47806435073966,480.35252146637674,475.8610275749173,480.1140441894531,22608700
2025-12-08,MSFT,481.8331998835391,489.1964595164875,481.32640529111774,487.9245300292969,21965900
2025-12-09,MSFT,486.01663804004494,489.0175885389743,485.4204144751398,488.918212890625,14696100
2025-12-10,MSFT,480.97857754952304,481.19719183884354,472.084987996716,475.5430603027344,35756200
2025-12-11,MSFT,473.6252433732215,482.96597801292137,472.86007818396723,480.422119140625,24669200
2025-12-12,MSFT,476.79515128743174,479.4085762318817,473.3370788032073,475.5132751464844,21248100
2025-12-15,MSFT,477.0733729131614,477.6894594742654,469.5411415575728,471.82666015625,23727700
2025-12-16,MSFT,468.93498123657525,474.87729294411884,467.9114757916915,473.3867492675781,20705600
2025-12-17,MSFT,473.903466892556,476.9739832708393,472.0055042784347,473.1184387207031,24527200
2025-12-18,MSFT,475.1754171439269,486.51349034093164,474.87732052138307,480.9289245605469,28573500
2025-12-19,MSFT,484.2875835443981,484.7745151206103,479.44828972039977,482.856689453125,70836100
2025-12-22,MSFT,483.05539282771,485.6489546100234,479.6470235443271,481.86297607421875,16963000
2025-12-23,MSFT,481.9226163967179,484.7546252629152,481.6841087754749,483.78082275390625,14683600
2025-12-24,MSFT,482.61817584356095,486.0762481946253,481.77352833631136,484.94342041015625,5855900
2025-12-26,MSFT,483.64171061957336,485.04282544173617,482.8964387136479,484.6354064941406,8842200
2025-12-29,MSFT,481.80333660098637,485.27135560420123,481.1276307272214,484.02923583984375,10893400
2025-12-30,MSFT,482.8666136001516,486.5929730105466,482.43933166580535,484.4068603515625,13944500
2025-12-31,MSFT,484.7645645601486,485.06269150087525,480.25317705215497,480.5711669921875,15601600
2026-01-02,MSFT,481.3363251826272,481.6046121327098,467.1960229709088,469.95849609375,25571600
2026-01-05,MSFT,471.071443053882,473.0687813775576,466.5401924921144,469.86907958984375,25250300
2026-01-06,MSFT,470.81304872472026,475.7219083069673,466.78859294331005,475.4933776855469,23037700
2026-01-07,MSFT,476.73551614076564,486.6128550141313,474.936929133209,480.422119140625,25564200
2026-01-08,MSFT,478.20618966596595,479.6172511411785,472.86010104573086,475.0959167480469,18162600
2026-01-09,MSFT,471.07145138115897,476.7951491709672,469.2231916595613,476.258544921875,18491000
2026-01-12,MSFT,473.6649886945649,477.95773148860775,472.68120923483104,474.1717529296875,23519900
2026-01-13,MSFT,471.68751939768345,472.7805908527595,463.01257439213845,467.70281982421875,28545800
2026-01-14,MSFT,463.51936213123724,465.24841354789686,454.2879494306214,456.4840087890625,28184300
2026-01-15,MSFT,461.1940901109254,461.32327541703046,453.02590941718984,453.7811279296875,23225800
2026-01-16,MSFT,454.94376661538865,460.2699922453042,453.6023014516422,456.9609680175781,34246700
2026-01-20,MSFT,448.37541805572727,453.92022725149957,446.44764578645413,451.65460205078125,26130000
2026-01-21,MSFT,449.74670883889326,449.8361378186282,435.9144504613163,441.3102111816406,37980500
2026-01-22,MSFT,444.79810039972057,449.9851935867555,441.89652570286836,448.2959289550781,25349400
2026-01-23,MSFT,449.02131930234236,468.1301005814363,447.6897705604439,463.0125732421875,38000200
2026-01-26,MSFT,462.3766075757791,471.2602507862521,459.0874767807031,467.3152770996094,29291200
2026-01-27,MSFT,470.7137217228436,479.82589540353166,470.17711748937944,477.5503234863281,29213900
2026-01-28,MSFT,480.1637149068934,480.69037244143027,474.9865685400099,478.59368896484375,36875400
2026-01-29,MSFT,437.2162272399066,439.7104135269112,418.36581575660404,430.76715087890625,128855300
2026-01-30,MSFT,436.4013853645445,436.8286672682951,423.7615739365565,427.5773620605469,58566800
2026-02-02,MSFT,427.5276741085398,428.02452201181774,419.58805431821895,420.70098876953125,42219900
2026-02-03,MSFT,419.34957819955315,419.3893041977899,405.9843574339844,408.6176452636719,61424100
2026-02-04,MSFT,408.4089957411405,417.15350712085007,406.6600813351222,411.5788879394531,45012400
2026-02-05,MSFT,404.87144402823185,405.7260079125925,389.8467674620769,391.1882629394531,66289200
2026-02-06,MSFT,396.6535630940219,399.25704122003975,390.4429643868461,398.61114501953125,53515300
2026-02-09,MSFT,402.2977759502542,412.2744908996196,398.3428555009064,410.99261474609375,45480500
2026-02-10,MSFT,416.9746165751398,421.009018998737,410.09825878894065,410.6646423339844,44857900
2026-02-11,MSFT,413.5563153661985,413.8345489802859,398.4819668946231,401.8207702636719,42491000
2026-02-12,MSFT,402.44681466699853,403.6392618034954,395.50089045865866,399.3067321777344,40802400
2026-02-13,MSFT,401.90028127287496,402.98340606348665,395.54060384789733,398.7900085449219,34091600
2026-02-17,MSFT,396.7032617740463,397.9950542597942,392.04282577248057,394.3581237792969,32078800
2026-02-18,MSFT,395.6201070500213,400.02217209191446,393.8215201082963,397.0808410644531,23223400
2026-02-19,MSFT,399.07278661262325,402.7976819572589,395.0690225854118,396.8517761230469,28234000
2026-02-20,MSFT,394.51123443489973,398.5050592846536,393.56508699389525,395.6267395019531,34015200
2026-02-23,MSFT,393.405742102137,393.7642745182822,381.55377772275136,382.9182434082031,43238300
2026-02-24,MSFT,382.5895619940176,387.78846403174964,380.1693467763097,387.429931640625,33884700
2026-02-25,MSFT,388.95376053046306,399.84960746436826,388.5852587696308,398.9831237792969,43625500
2026-02-26,MSFT,403.0765245044552,405.8453028142193,397.1306190557743,400.0986022949219,34405900
2026-02-27,MSFT,389.30236795593413,395.2183958601928,388.30640407164015,391.15484619140625,51367200
2026-03-02,MSFT,391.2743390590049,399.57073485574693,389.0533591512552,396.9413757324219,35474900
2026-03-03,MSFT,391.5532542396072,405.05852201627056,391.0851500003899,402.2996826171875,38199200
2026-03-04,MSFT,399.6504140582061,409.3710312257941,398.69429724653685,403.5645751953125,35808000
2026-03-05,MSFT,402.78771732924594,409.9486695143622,402.7677785996419,409.0224304199219,39001300
2026-03-06,MSFT,407.54843921074234,411.38287590243635,406.8612216895844,407.30938720703125,31123900
2026-03-09,MSFT,403.2857003455267,408.55432729115563,401.8714182880504,407.757568359375,30131900
2026-03-10,MSFT,408.37506928692744,408.5443965203919,401.30371964643086,404.122314453125,31706400
2026-03-11,MSFT,403.9330670994013,407.35918518479474,399.96912002302975,403.245849609375,25512100
2026-03-12,MSFT,402.9968458288957,404.4808221962511,400.0886180975,400.2380065917969,27263900
2026-03-13,MSFT,399.3815063856616,403.16615688192843,392.65875035547907,393.9534912109375,26848000
2026-03-16,MSFT,396.4633374914087,399.01300251860397,393.1965772756644,398.33575439453125,27733700
2026-03-17,MSFT,398.6544574759768,402.7677932271478,396.1446394015159,397.7979431152344,26228300
2026-03-18,MSFT,395.5271224277118,396.3936061005556,389.42185925959103,390.20867919921875,25908500
2026-03-19,MSFT,388.52551763585893,390.90585551603124,385.4977789148814,387.4498596191406,25138800
2026-03-20,MSFT,385.2288602760525,385.43800417098345,378.58576812261686,380.3287048339844,50853200
2026-03-23,MSFT,382.3505545919761,385.64719283721575,380.1395134056624,381.4541931152344,29680100
2026-03-24,MSFT,380.8167328036651,380.9263046350485,370.34917314154325,371.2355651855469,42733600
2026-03-25,MSFT,375.39872248264555,375.5381416220395,368.13813722010167,369.5424499511719,31181200
2026-03-26,MSFT,369.32332012922615,373.2075730440749,363.7160388213271,364.4928894042969,36836600
2026-03-27,MSFT,360.43934753557875,360.9871459448897,355.07111764854045,355.3300476074219,37883400
2026-03-30,MSFT,360.43933630538186,363.88536295562653,354.84202394218255,357.5111999511719,44797000
2026-03-31,MSFT,363.07862179545566,371.3949263066763,361.6046146993887,368.67596435546875,45244400
2026-04-01,MSFT,371.98254731341393,372.48052926345224,366.7139201659809,367.8791809082031,29417200
2026-04-02,MSFT,365.7278929006101,372.1319638369453,362.680245817395,371.9526672363281,24099100
2026-04-06,MSFT,371.9825539180967,372.22160592655575,368.0086676124431,371.3750305175781,16146600
2026-04-07,MSFT,368.8452727581139,370.9467724245638,365.080530373921,370.78741455078125,21443300
2026-04-08,MSFT,383.4261612830284,383.44606961738685,369.91092498913014,372.8191223144531,33064800
2026-04-09,MSFT,370.9965328148009,371.9924966612836,365.5685176937085,371.5642395019531,30435300
2026-04-10,MSFT,371.47460743717505,374.1238749235223,368.5365019241105,369.37310791015625,28111100
2026-04-13,MSFT,372.10205289266787,382.98796126737693,369.5225100750242,382.8186340332031,35745800
2026-04-14,MSFT,386.3543213772784,393.09698589720546,384.95994763093,391.5233459472656,37504500
2026-04-15,MSFT,396.3936283702306,412.69755239260473,395.1287651714373,409.5602722167969,45063400
2026-04-16,MSFT,418.16537187855886,419.12151906860663,410.4765600541581,418.56378173828125,41642400
2026-04-17,MSFT,423.10539315661504,429.83808848207923,418.99205736838906,421.0835876464844,48568200
2026-04-20,MSFT,419.4501847919345,421.6213787702164,414.6197538627068,416.38262939453125,27582200
2026-04-21,MSFT,418.5438369146158,425.45582843737157,415.516128706763,422.4480285644531,32048500
2026-04-22,MSFT,424.4698510786937,431.9495495900464,421.9600330275293,431.1726989746094,29378200
2026-04-23,MSFT,418.19529609754903,421.9500690544079,409.7495112929088,414.0719909667969,38308000
2026-04-24,MSFT,415.28707116170386,423.23487407473965,414.12178001797366,422.90618896484375,27457400
2026-04-27,MSFT,420.6752229306716,425.38611256831246,415.3866572294081,423.1053771972656,30867300
2026-04-28,MSFT,422.8563830057505,428.1847957314844,420.197146128082,427.5174865722656,30438100
2026-04-29,MSFT,422.8663369761165,425.0973167681131,418.59367375245296,422.746826171875,38288300
2026-04-30,MSFT,409.15192465494977,412.74737011555624,396.4035989759817,406.1341552734375,70909400
2026-05-01,MSFT,411.1338775963461,415.4264794885345,408.7834174283456,412.76727294921875,31372400
2026-05-04,MSFT,409.87897009526375,419.0816663151199,409.14193618030583,411.9505615234375,28066500
2026-05-05,MSFT,413.6437044066962,415.09780308537887,407.1500007946646,409.7196044921875,25700900
2026-05-06,MSFT,406.3532485673598,416.73120520087787,403.4748984673602,412.2891845703125,30285900
2026-05-07,MSFT,418.41437649189606,426.25263786097554,417.06984955189336,419.07171630859375,34942400
2026-05-08,MSFT,415.70537649227293,416.9403619714099,412.32904436576047,413.44451904296875,33383800
2026-05-11,MSFT,406.22377045102496,411.02432350049145,403.86334099070683,410.99444580078125,35657900
2026-05-12,MSFT,412.8071154720842,413.8229876767416,404.9987623844293,406.1241760253906,38594200
2026-05-13,MSFT,401.57265715241186,404.6700902960666,399.41140211310335,403.57452392578125,29667100
2026-05-14,MSFT,402.8474630718804,410.17774231087935,399.2619871856725,407.7774658203125,27077500
2026-05-15,MSFT,412.5979239362014,426.4418454559798,411.2434277199191,420.2170715332031,50771200
2026-05-18,MSFT,414.93848271907115,423.40417602339767,413.9325494355234,421.83056640625,32564100
2026-05-19,MSFT,428.16486989475214,430.9535870211983,414.808990493047,415.7352600097656,33018700
2026-05-20,MSFT,412.49835957243755,420.3963455784958,409.63991780241736,419.36053466796875,27864000
2026-05-21,MSFT,423.9518891931334,425.5388979071037,414.92886694253497,418.3025207519531,31393500
2026-05-22,MSFT,418.7517174636334,423.60257118762803,415.54772693408205,417.7835388183594,22390300
2026-05-26,MSFT,415.6475333356961,418.9812539216563,412.24393696715845,415.248291015625,30398000
2026-05-27,MSFT,410.23773822181624,415.15846763645,408.8104019854481,411.8946228027344,28901500
2026-05-28,MSFT,412.2040283766931,428.68298564682067,411.89461329838434,426.18768310546875,47250500
2026-05-29,MSFT,431.7372486144539,449.48383969057267,431.54760317786213,449.3940124511719,79654400
2026-06-01,MSFT,463.96658383705716,465.4438139523178,457.40892124774234,459.6546936035156,53628900
2026-06-02,MSFT,446.0403151791343,452.64787129328397,439.6024225764256,440.48077392578125,37036800
2026-06-03,MSFT,437.62618910935214,439.56254639446627,423.45285793258154,426.53704833984375,39037000
2026-06-04,MSFT,434.9911260035114,435.33048350032107,425.60879436274143,427.2456970214844,26899500
2026-06-05,MSFT,427.5351398188391,428.66302140752947,413.6213308264138,415.8870849609375,34782200
2026-06-08,MSFT,413.3618539280056,416.37616844333525,407.79232157753756,410.9663391113281,32086700
2026-06-09,MSFT,408.26144336727174,411.20591258759293,397.7312786929967,402.6520080566406,35317300
2026-06-10,MSFT,397.80110870103243,404.2789346443135,396.41373636313654,396.61334228515625,32576000
2026-06-11,MSFT,394.46741202742857,396.1043451719433,383.278483574852,389.6065673828125,47224100
2026-06-12,MSFT,390.6945042817559,391.003919361718,381.55171206615995,390.00579833984375,34865800
2026-06-15,MSFT,396.05442037645633,400.99513175706005,392.11186050588947,399.0088806152344,32266400
2026-06-16,MSFT,395.0463355104342,396.094350419825,389.9559121071713,393.0899963378906,31506800
2026-06-17,MSFT,389.51671695343225,389.6364865987809,376.6110198431126,378.1980285644531,41987800
2026-06-18,MSFT,377.11008548581106,380.6534028700893,372.5786075934489,378.6871032714844,59714200
2026-06-22,MSFT,375.0339909424311,380.9129385065033,366.3802985575179,366.6497802734375,45171100
2026-06-23,MSFT,371.6802994138851,376.51120135394876,369.9735210485466,373.23736572265625,40647600
2026-06-24,MSFT,370.87185096853153,378.16811350773463,364.09460041679364,364.7733154296875,44509900
2026-06-25,MSFT,362.0883479855026,363.5456265920902,348.54386902384044,352.1670227050781,66179000
2026-06-26,MSFT,356.4789138154501,375.90234020580533,354.762144454129,372.2691955566406,186201600
2026-06-29,MSFT,376.790685328561,379.7850483907747,359.2237492715265,367.8774719238281,51229900
2026-06-30,MSFT,370.3328407149792,373.44697342275583,366.7595808670141,372.319091796875,44945700
2026-07-01,MSFT,380.1144231011508,388.09939143880604,374.18561213385976,383.5579528808594,48065800
2026-07-02,MSFT,383.7575696594082,391.4630649298244,382.97903650468743,389.7562561035156,42128900
2026-07-06,MSFT,386.31276024010407,388.418780928489,380.5036887115837,386.0133056640625,34224500
2026-07-07,MSFT,391.75251064257776,394.8267404517197,387.4905448392632,388.109375,29297500
2026-07-08,MSFT,383.3084264217563,384.58602015004215,380.6134873969759,382.6197204589844,25908300
2026-07-09,MSFT,373.74643420118315,383.92725049460796,372.64849496928053,383.6377868652344,31083200
2026-07-10,MSFT,387.07131223677504,391.1736053926777,380.783162110783,384.37640380859375,24644600
2026-07-13,MSFT,387.02143811329415,392.91034623109437,383.4281962321871,390.2553405761719,28914900
2026-07-14,MSFT,382.1007052927433,387.46061042423804,377.93852713765,384.20672607421875,27863900
2026-07-15,MSFT,387.07132248997675,398.2103568181361,385.6739591427675,394.8866271972656,36253700
2026-07-16,MSFT,397.56157784187184,405.2271399033625,391.31333055964967,400.3463439941406,37047400
2026-07-17,MSFT,394.1180409920291,397.64143734197864,388.6583483977542,393.08001708984375,33049800
2026-07-20,MSFT,390.67455694621333,402.4224305318551,388.91785418191677,401.53411865234375,27915800
2026-07-21,MSFT,398.0606303262699,400.7156358198418,395.57531880381754,397.00262451171875,24126600
2026-07-22,MSFT,398.8291961465565,400.246541441447,386.2329133568751,389.6065673828125,28142500
2026-07-23,MSFT,389.23725659651495,391.04385321150613,376.68090752842744,380.8630065917969,30351800
2026-07-24,MSFT,386.32274187573427,388.29903252889795,379.9347732203772,380.9828186035156,27659400
2026-07-27,MSFT,389.3470355932277,393.45931979821836,387.2609663085435,388.368896484375,27856200
2026-07-28,MSFT,392.4212554523594,399.56780545733704,390.5647345556998,392.61090087890625,32367500
2026-07-29,MSFT,392.6607942930367,400.4960502148319,388.00954678983055,389.8061828613281,47209000
2026-07-30,MSFT,437.07720086969465,457.8281459885008,431.6274684759506,450.2524108886719,110160700
2026-07-31,MSFT,449.1544591210436,465.962813447145,448.4857046349594,463.8468017578125,60846000
2026-08-03,MSFT,475.2353605631651,490.7261876465455,474.10747895013026,486.73370361328125,66762100
2026-08-04,MSFT,479.99640781848416,498.50158065157444,478.2696778930625,491.884033203125,50455500
2026-08-05,MSFT,495.42733843271316,497.3038108374591,484.7674131728324,486.5440673828125,33388900
2026-08-06,MSFT,487.6319998350186,500.61756372489685,487.60205742358346,498.9207458496094,36441500
2026-08-07,MSFT,498.2719734340298,504.23075699317457,497.79289485093346,499.0505065917969,28846200
2026-08-10,MSFT,502.4940586092805,512.7647021753171,501.32624359045303,505.109130859375,31206100
2026-08-11,MSFT,503.3823542433026,504.38047525067043,498.61133704649393,502.86334228515625,23049800
2026-08-12,MSFT,499.0505227551261,500.557695253814,490.59643643442394,491.5047302246094,29001500
2026-08-13,MSFT,492.34314786956145,500.3979918654044,492.0836571155829,495.9463806152344,23039000
2026-08-14,MSFT,495.42733437790497,499.07050046550256,492.991947114923,494.4691467285156,16217600
2026-08-17,MSFT,489.21906226283284,491.73431632358415,477.51109147171053,479.44744873046875,29635800
2026-08-18,MSFT,480.6352093836093,483.36006030134655,476.2534434403709,480.72503662109375,24087600
2026-08-19,MSFT,479.16797047398614,488.3806080919379,478.4592826108848,483.3999938964844,19961900
2026-08-20,MSFT,483.29998779296875,484.1600036621094,479.5,481.1499938964844,20020800
2026-08-21,MSFT,479.8800048828125,486.3599853515625,478.5299987792969,483.239990234375,22510800
2026-08-24,MSFT,483.2099914550781,490.6099853515625,481.8599853515625,487.30999755859375,17230800
2026-08-25,MSFT,485.44000244140625,492.44000244140625,484.29998779296875,491.7099914550781,19519000
2026-08-26,MSFT,487.8500061035156,497.3999938964844,487.30999755859375,496.3699951171875,20758900
2026-08-27,MSFT,494.8800048828125,506.4800109863281,490.0799865722656,505.05999755859375,28688800
2026-08-28,MSFT,505.3299865722656,517.780029296875,504.8699951171875,513.530029296875,29207300
2026-08-31,MSFT,510.3800048828125,512.1900024414062,506.3900146484375,507.2900085449219,27208900
2026-09-01,MSFT,497.5199890136719,505.9700012207031,496.7799987792969,501.0199890136719,21046900
2026-09-02,MSFT,499.8500061035156,500.2699890136719,493.80999755859375,496.82000732421875,15336100
2026-09-03,MSFT,501.6600036621094,515.6500244140625,500.79998779296875,510.1199951171875,24125900
2026-09-04,MSFT,510.0,511.0,499.3599853515625,499.70001220703125,18101800
2026-09-08,MSFT,493.010009765625,495.19000244140625,490.1499938964844,493.95001220703125,18882300
2026-09-09,MSFT,493.07000732421875,494.3900146484375,489.79998779296875,491.6499938964844,12889600
2026-09-10,MSFT,488.32000732421875,494.5199890136719,486.0,492.44000244140625,16038800
2026-09-11,MSFT,495.6499938964844,498.9700012207031,492.5799865722656,495.6300048828125,14510500
2026-09-14,MSFT,497.05999755859375,509.95001220703125,495.3399963378906,505.4100036621094,23091900
2026-09-15,MSFT,500.05999755859375,505.8999938964844,495.5400085449219,497.1199951171875,17794600
2026-09-16,MSFT,493.0299987792969,495.9700012207031,487.2300109863281,490.29998779296875,16670300
2026-09-17,MSFT,497.79998779296875,501.4700012207031,493.1700134277344,497.75,17841600
2026-09-18,MSFT,497.9700012207031,498.6499938964844,491.1000061035156,493.7799987792969,39622300
2026-09-21,MSFT,494.95001220703125,501.8699951171875,491.3299865722656,501.6099853515625,27959900
2026-09-22,MSFT,507.32000732421875,508.5,493.6499938964844,498.0,21652800
2026-09-23,MSFT,500.760009765625,509.44000244140625,495.8800048828125,500.5899963378906,19445600
2026-09-24,MSFT,495.07000732421875,498.8999938964844,491.2200012207031,497.92999267578125,16637200
2024-09-25,NVDA,121.69346336275538,124.60565503965537,121.28456450552947,123.17948150634766,284692900
2024-09-26,NVDA,126.46067739619816,127.32834434574869,121.47405774507013,123.70806121826172,302582900
2024-09-27,NVDA,123.63824884420143,123.6980858451405,118.94085404604166,121.07512664794922,271009200
2024-09-30,NVDA,117.99339940741461,121.1748653861715,117.83383152489164,121.11502838134766,226553700
2024-10-01,NVDA,121.4441210323085,122.11233379004094,115.4801287113044,116.6868896484375,302094500
2024-10-02,NVDA,116.12840510154699,119.06053238913914,114.831880901423,118.53195190429688,221845900
2024-10-03,NVDA,120.59641230247804,124.0272091849403,120.01796257527629,122.52124786376953,277118000
2024-10-04,NVDA,124.6056517279934,124.70538259718006,121.50397375972977,124.58570098876953,243678100
2024-10-07,NVDA,124.65551433206126,130.29039598837593,124.61562046227938,127.37821197509766,346250200
2024-10-08,NVDA,129.9114112143918,133.1227955252644,129.07366275536995,132.5343780517578,285722500
2024-10-09,NVDA,133.75111306364067,134.16001952786942,131.02842299164354,132.29501342773438,246191600
2024-10-10,NVDA,131.55700075403345,134.63872798675436,130.64943234270237,134.44923400878906,242311300
2024-10-11,NVDA,133.65136041631004,135.4166278489941,133.30230620805418,134.4392547607422,170209500
2024-10-14,NVDA,136.104806530019,139.22643549757692,135.93526327737888,137.70053100585938,232347700
2024-10-15,NVDA,137.50104323972985,138.1991821543322,128.3954862474048,131.24783325195312,377831000
2024-10-16,NVDA,133.62146232310147,136.25439701653355,131.22789086287455,135.3568115234375,264879700
2024-10-17,NVDA,138.96712260930138,140.512977854023,136.50373111006368,136.56356811523438,306435900
2024-10-18,NVDA,138.2989120156457,138.52829226592988,136.9126323168706,137.63070678710938,176090200
2024-10-21,NVDA,137.76036967912168,143.325439453125,137.63071268872676,143.325439453125,264554500
2024-10-22,NVDA,142.5275764963188,144.0335302578968,141.400595506541,143.20574951171875,226311600
2024-10-23,NVDA,141.64993025905358,142.04885378245024,137.09216737152124,139.18653869628906,285930000
2024-10-24,NVDA,140.44316244306268,140.9717429059513,138.08947737101022,140.0342559814453,172354900
2024-10-25,NVDA,140.55285615055817,143.74430494634163,140.4232143860229,141.16122436523438,205122100
2024-10-28,NVDA,142.6173258267159,142.7569505719539,139.67522319765803,140.1439666748047,173586700
2024-10-29,NVDA,139.91455642525435,141.87928563006452,138.5282768804448,140.8719940185547,157593600
2024-10-30,NVDA,139.16657905851807,139.9544735111022,136.4438889013892,138.9671173095703,179418100
2024-10-31,NVDA,137.2317836775648,137.24175143875112,131.756469630996,132.40472412109375,270039600
2024-11-01,NVDA,134.3395349599235,136.94255111570317,134.2098931927627,135.03765869140625,207127800
2024-11-04,NVDA,136.84284318415706,138.5881603174159,135.2072323079928,135.68594360351562,187528200
2024-11-05,NVDA,137.08217511986183,139.99435925396384,136.9625011145287,139.5355987548828,160537400
2024-11-06,NVDA,142.577419626437,146.09797148430005,141.58009580907174,145.22032165527344,242043900
2024-11-07,NVDA,145.9982407267333,148.53143666074,145.77882825788768,148.48158264160156,207323300
2024-11-08,NVDA,148.37188826922187,149.369212218998,145.8685954157921,147.2349395751953,175665800
2024-11-11,NVDA,148.28212306443757,148.45168153400843,143.18581210072784,144.87127685546875,182325600
2024-11-12,NVDA,146.3871741057391,149.24948830655927,145.61923058187799,147.89312744140625,198634700
2024-11-13,NVDA,148.67106495867824,148.93036366610121,145.5095351466514,145.87855529785156,191903300
2024-11-14,NVDA,147.24489842760545,148.60125952595652,145.16049515099348,146.36724853515625,194463300
2024-11-15,NVDA,144.48233309105467,144.85135334501234,139.70515749364313,141.60006713867188,250132900
2024-11-18,NVDA,139.1266784396513,141.1711953957962,136.7829612819808,139.77493286132812,221205300
2024-11-19,NVDA,140.9418317601378,146.73628163269873,140.61271302151263,146.61659240722656,227834900
2024-11-20,NVDA,147.0155246522584,147.16511715506326,142.34804073132528,145.4995880126953,309871700
2024-11-21,NVDA,148.95033233522298,152.48085228758558,140.3234713661803,146.27749633789062,400946600
2024-11-22,NVDA,145.539474391015,146.7661937868221,140.72241318136372,141.57012939453125,236406200
2024-11-25,NVDA,141.610046895497,141.66988390343687,135.45655935237875,135.65602111816406,344941900
2024-11-26,NVDA,137.33153099631315,138.92725570705397,135.30696421011146,136.55361938476562,190287700
2024-11-27,NVDA,134.64867978414378,136.8527720620769,131.44727893138864,134.97779846191406,226370900
2024-11-29,NVDA,136.41396798376013,138.97709782710584,135.68592576491588,137.88003540039062,141863200
2024-12-02,NVDA,138.45847968192444,140.07413953973298,137.45118801543165,138.25901794433594,171682800
2024-12-03,NVDA,137.89002585394636,140.16392360539365,137.58085781498016,139.88467407226562,164414000
2024-12-04,NVDA,141.6200054773523,145.39985667412174,139.9145747718299,144.75160217285156,231224300
2024-12-05,NVDA,144.73166589534063,146.15793025557377,143.57468662612678,144.68179321289062,172621200
2024-12-06,NVDA,144.22297517109268,145.32009789302302,140.9415450143936,142.068603515625,188505600
2024-12-09,NVDA,138.60766082087318,139.58510137793925,136.77246195727844,138.4480743408203,189308600
2024-12-10,NVDA,138.6475487860502,141.4502349567079,133.44115786086326,134.71783447265625,210020900
2024-12-11,NVDA,137.00184953896905,139.8045203384501,134.85746151474785,138.94676208496094,184905200
2024-12-12,NVDA,136.72258646567687,138.07904108019704,135.44592508954074,136.98190307617188,159211400
2024-12-13,NVDA,138.57775313836598,139.2360360155149,132.19443031399229,133.8999786376953,231514900
2024-12-16,NVDA,133.8301313094174,134.04955889819416,130.07994062496547,131.65582275390625,237951100
2024-12-17,NVDA,128.75340490862754,131.24688636654815,126.52922370948323,130.05001831054688,259410300
2024-12-18,NVDA,133.51098920213212,136.3435808551527,127.94553603601128,128.5738983154297,277444500
2024-12-19,NVDA,131.41644980197495,133.68053537391728,129.212220572867,130.33926391601562,209719200
2024-12-20,NVDA,129.4715360054975,134.92727495716574,127.88568536239204,134.34878540039062,306528600
2024-12-23,NVDA,135.92467137837366,139.42551415908295,134.76769223262775,139.3058319091797,176053500
2024-12-24,NVDA,139.63498826590208,141.53002844762267,138.28850193430708,139.8544158935547,105157000
2024-12-26,NVDA,139.33575896662117,140.48276971800976,137.37089410442982,139.56515502929688,116205600
2024-12-27,NVDA,138.1887488761999,138.65752461945982,134.35876491420703,136.6527557373047,170582600
2024-12-30,NVDA,134.47844750631418,139.9042657427297,133.67056192681179,137.1315155029297,167734700
2024-12-31,NVDA,137.67011945974758,137.71002369221526,133.48107297196478,133.9398651123047,155659200
2025-01-02,NVDA,135.64541181631114,138.51790776015002,134.2789886408903,137.9493865966797,198247200
2025-01-03,NVDA,139.64492988439244,144.52217900012494,139.36566117903786,144.0933074951172,229322500
2025-01-06,NVDA,148.2025685915748,151.7632676182901,147.43458721714921,149.04037475585938,265377400
2025-01-07,NVDA,152.63098706400407,152.73073241075815,139.6449312609891,139.77459716796875,351782200
2025-01-08,NVDA,142.2082666228464,143.57468988273558,137.20135052761552,139.7447052001953,227349900
2025-01-10,NVDA,137.09161147098868,139.55517244006612,133.870037595658,135.55563354492188,207602500
2025-01-13,NVDA,129.6510717959939,133.1419459563911,129.17231238202828,132.8826141357422,204808900
2025-01-14,NVDA,135.6952813829554,136.02442280388445,129.71092511662002,131.4164581298828,195590500
2025-01-15,NVDA,133.30153730793728,136.09424010113995,130.94768976753863,135.88479614257812,185217300
2025-01-16,NVDA,138.2785134363621,138.38822723428095,133.14194748607855,133.22174072265625,209235600
2025-01-17,NVDA,136.33360735729912,138.13888566634566,135.10681862678206,137.3509521484375,201188800
2025-01-21,NVDA,138.79717036536638,141.4602070208564,136.7325601923546,140.4628143310547,197749000
2025-01-22,NVDA,144.28284886721386,147.40467804215123,143.29542449743752,146.6865692138672,237651400
2025-01-23,NVDA,144.67181084027297,146.8461195709751,143.34527675360425,146.83615112304688,155915500
2025-01-24,NVDA,147.98313043457708,148.58157206293976,141.5100624088345,142.2481231689453,234657600
2025-01-27,NVDA,124.47459855123269,128.06520275177593,116.39571246675482,118.1112289428711,818830900
2025-01-28,NVDA,121.49239920882492,128.66365497133788,115.94689837533355,128.6536865234375,579666400
2025-01-29,NVDA,126.17018228394103,126.55916484585856,119.73700212037913,123.37747955322266,467120600
2025-01-30,NVDA,122.77903527699785,124.67408285834512,117.79207196266405,124.32499694824219,392925500
2025-01-31,NVDA,123.45726880122108,127.5166568388694,118.87923990097873,119.75694274902344,388161100
2025-02-03,NVDA,114.45081126895413,118.26085104341853,112.71535011762803,116.3558349609375,371235700
2025-02-04,NVDA,116.65504122535879,120.88398385074507,116.39571701060105,118.34063720703125,256550000
2025-02-05,NVDA,121.44252915135603,124.67407915232373,120.44513651813745,124.50452423095703,262230800
2025-02-06,NVDA,127.08778823658054,128.4342745987464,124.8835510706209,128.34449768066406,251483600
2025-02-07,NVDA,128.88307105233656,130.03006643749526,124.67407312607986,129.50144958496094,228186300
2025-02-10,NVDA,129.7508034170435,134.64800487659767,129.621152724233,133.22174072265625,216989100
2025-02-11,NVDA,132.23432300379022,134.12936300336048,130.67839286199495,132.45375061035156,178902400
2025-02-12,NVDA,129.68102059860516,131.89523390864048,128.74346889916592,130.798095703125,160278600
2025-02-13,NVDA,131.21697039655388,136.14409236479662,130.82798788427175,134.93724060058594,197430000
2025-02-14,NVDA,136.12416013401827,138.88694235090182,135.14671948687393,138.4879913330078,195479600
2025-02-18,NVDA,140.90167961185236,143.06602007700403,137.57037622357197,139.0365447998047,219176600
2025-02-19,NVDA,139.1462426003846,140.99142508356047,136.86222013681927,138.86697387695312,167536000
2025-02-20,NVDA,139.6649119502666,140.29327428157626,136.4333538136822,139.7447052001953,143903600
2025-02-21,NVDA,139.6748562571626,141.09116717483585,133.68053207054632,134.07948303222656,228217600
2025-02-24,NVDA,136.20394796569565,138.22865397806314,129.74084737496105,129.94032287597656,251381100
2025-02-25,NVDA,129.64109140603463,129.86051900489684,124.11554286315072,126.2998275756836,271428700
2025-02-26,NVDA,129.6510686159171,133.38130717279842,128.15497972672858,130.9376983642578,322553800
2025-02-27,NVDA,134.64800202891726,134.65797047615226,119.69708897132982,119.83672332763672,443175800
2025-02-28,NVDA,117.71228067710521,124.76384661623277,116.09650940652436,124.59429168701172,389091100
2025-03-03,NVDA,123.18797717385785,123.3774766164976,111.9872535622559,113.76261138916016,411381400
2025-03-04,NVDA,110.36150296756519,118.9989197292815,109.82291000037466,115.68757629394531,398163300
2025-03-05,NVDA,117.27342459632162,117.971596377653,114.2114295961939,116.99415588378906,284337900
2025-03-06,NVDA,113.2339891683523,115.04924353236196,109.93262184934352,110.28170776367188,321181900
2025-03-07,NVDA,110.95994642430617,113.18413566485785,107.27956464269721,112.39619445800781,341755500
2025-03-10,NVDA,109.61344966651625,111.5583622176382,105.18502403072868,106.70106506347656,366487400
2025-03-11,NVDA,106.71103594468934,111.94734728122161,104.49682307629253,108.47642517089844,354865700
2025-03-12,NVDA,113.83292501602207,116.46628328215824,112.59603885298675,115.44884490966797,323857500
2025-03-13,NVDA,116.73560262668995,117.46376961532557,113.50375517662202,115.28925323486328,299033100
2025-03-14,NVDA,118.31162236591584,121.57339292473429,117.85278046649132,121.36392211914062,277593500
2025-03-17,NVDA,122.43123309193861,122.58085727393843,117.73308248243704,119.22930908203125,255501500
2025-03-18,NVDA,117.70316017412442,118.7205909220559,114.25186503478537,115.1396255493164,299686900
2025-03-19,NVDA,116.97498651717953,120.14698705841565,115.3889900516623,117.22435760498047,273426200
2025-03-20,NVDA,116.25681189739694,119.89762393291265,116.17701131755277,118.23182678222656,248829700
2025-03-21,NVDA,116.64582513098318,117.6931791575635,115.1296446207881,117.4039077758789,266498500
2025-03-24,NVDA,119.5784337604655,121.91255134314885,119.03979124138472,121.1045913696289,228452500
2025-03-25,NVDA,120.24673586292965,120.98487211685925,118.62083157726417,120.38638305664062,167447200
2025-03-26,NVDA,118.43133002412056,118.54104631031402,112.42646947850851,113.47383117675781,293463300
2025-03-27,NVDA,111.0698805170997,114.16208047077859,110.38162149260253,111.1496810913086,236902100
2025-03-28,NVDA,111.20953292547101,112.58606625933987,108.79562251910656,109.39411163330078,229872500
2025-03-31,NVDA,104.86553641067388,110.68087252083329,103.38926370156523,108.10736083984375,299212700
2025-04-01,NVDA,108.2470050831867,109.92277920039626,106.20216660392524,109.87290954589844,222614000
2025-04-02,NVDA,107.02008887029169,111.69829255934154,106.52134673236147,110.1422119140625,220601200
2025-04-03,NVDA,103.24961996040646,105.36428217323731,101.34442096353821,101.5439224243164,338769400
2025-04-04,NVDA,98.66119636165205,99.87812106911886,91.87829866162578,94.07276153564453,532273800
2025-04-07,NVDA,87.23998007579976,101.49403230771996,86.40209687721266,97.39437103271484,611041300
2025-04-08,NVDA,103.54884894952201,105.5837179566193,94.2223717079774,96.05774688720703,476243400
2025-04-09,NVDA,98.6412345329499,114.8104562069238,97.28465510127192,114.04239654541016,612918300
2025-04-10,NVDA,109.09486759895934,110.58111717003517,98.9005761841806,107.29939270019531,437812400
2025-04-11,NVDA,108.22706011361765,111.26939065397997,107.20962934859612,110.65094757080078,313417300
2025-04-14,NVDA,113.82294410726054,114.00249160148302,108.79562187923341,110.4314956665039,264705000
2025-04-15,NVDA,110.69084593782598,113.33418114021705,110.22202704858428,111.9177474975586,228966900
2025-04-16,NVDA,104.28698893886386,106.52135168992342,100.19729712933866,104.22713470458984,397016900
2025-04-17,NVDA,104.18724851478048,104.20720246563869,99.79832299108041,101.23469543457031,292517500
2025-04-21,NVDA,98.52152791683338,99.18984822876095,94.80091547691985,96.66621398925781,288501100
2025-04-22,NVDA,98.53150383378456,99.55891150664588,97.03527729423074,98.64122772216797,241004800
2025-04-23,NVDA,104.25706634151078,104.53636836662163,101.76335533667917,102.45162200927734,247526000
2025-04-24,NVDA,103.21968611105362,106.2719858525715,102.85061415392688,106.16226196289062,220815000
2025-04-25,NVDA,106.58119738151521,111.63844254684066,105.46401982086034,110.7307357788086,251064700
2025-04-28,NVDA,109.4140660423662,110.09235573735528,105.75329251827114,108.45648193359375,207708500
2025-04-29,NVDA,107.39913288387578,109.9227669482824,107.16971575631223,108.74573516845703,170444300
2025-04-30,NVDA,104.20719367744803,108.64599609375,103.81817538074749,108.64599609375,235044600
2025-05-01,NVDA,112.79554223516973,114.65086390129245,111.02002115064856,111.32923889160156,236121500
2025-05-02,NVDA,113.8927727544179,115.10970497913567,113.08481279973248,114.21196746826172,190194800
2025-05-05,NVDA,112.62596928442517,114.38153638068397,112.3765981799359,113.53367614746094,133163200
2025-05-06,NVDA,111.19955636031543,114.45134979394626,110.54121305019045,113.2543716430664,158525600
2025-05-07,NVDA,112.76561133481998,117.38396123898741,111.9975441064208,116.76551818847656,206758800
2025-05-08,NVDA,117.95252869863282,118.38144728921775,115.55856464909375,117.07474517822266,198428100
2025-05-09,NVDA,117.05479580716789,117.9325869721132,114.92017974547274,116.35655975341797,132972200
2025-05-12,NVDA,121.66316698651148,122.6905746459961,119.97741600529791,122.6905746459961,225023300
2025-05-13,NVDA,124.66559728217729,130.88989748886456,124.1568781333485,129.60313415527344,330430100
2025-05-14,NVDA,132.8649261154048,135.099296769805,131.34874548490453,134.99954223632812,281180800
2025-05-15,NVDA,133.9521641466833,135.9571173935552,132.32627503661865,134.49081420898438,226632600
2025-05-16,NVDA,135.87731640314823,136.00699423634137,133.12426513669956,135.0593719482422,226542500
2025-05-19,NVDA,132.05696494191162,135.5282065455698,132.05696494191162,135.22897338867188,193154600
2025-05-20,NVDA,133.95217650431997,134.24145551049554,132.286379343903,134.04196166992188,161514200
2025-05-21,NVDA,132.72528507307794,137.05436414816955,130.26149714159004,131.4684600830078,270608700
2025-05-22,NVDA,131.8973680939745,133.91229099864714,131.21908595560456,132.49586486816406,187344000
2025-05-23,NVDA,129.67295354222074,132.3462040479136,128.83507041838283,130.95970153808594,198821300
2025-05-27,NVDA,133.81250879901197,135.31871978851976,132.974625664691,135.15911865234375,192953600
2025-05-28,NVDA,135.68780317037033,136.904735369061,134.45091702175245,134.4708709716797,304021100
2025-05-29,NVDA,141.89214330786072,143.12902933343943,137.56306504893934,138.83984375,369241900
2025-05-30,NVDA,138.37105052724368,139.26878048564038,132.5856374053386,134.7900848388672,333170900
2025-06-02,NVDA,135.14917875467413,137.77255260816483,135.05939358324852,137.034423828125,197663100
2025-06-03,NVDA,138.43088175862894,141.64278269656361,137.60296789247522,140.86474609375,225578800
2025-06-04,NVDA,141.83231333868676,142.03180718032695,139.18897047063936,141.56298828125,167120800
2025-06-05,NVDA,141.8123566062966,143.63775490128222,138.48076233301106,139.63784790039062,231397900
2025-06-06,NVDA,142.1515008770834,142.9095987862069,141.15401644541944,141.36349487304688,153986200
2025-06-09,NVDA,142.8297985646697,144.63524295526028,141.58294302195193,142.27120971679688,185114500
2025-06-10,NVDA,142.3310452201821,143.92701105784593,141.17395971410352,143.5978546142578,155881900
2025-06-11,NVDA,144.25623511410478,144.6353103750697,141.52293261104455,142.4805908203125,167694000
2025-06-12,NVDA,141.62269259555393,144.64527893066406,141.50299102868564,144.64527893066406,162365000
2025-06-13,NVDA,142.13145812905782,143.2287733742275,140.50545582034982,141.62271118164062,180820600
2025-06-16,NVDA,142.9993260342438,145.82238955213242,142.84968384945327,144.33604431152344,183133700
2025-06-17,NVDA,144.13653073401778,144.8647406282524,143.42826095310537,143.76742553710938,139108000
2025-06-18,NVDA,143.6576946584193,145.2936820241915,142.7698725249477,145.1240997314453,161494100
2025-06-20,NVDA,145.09416929186932,145.84233449814036,142.30101614416546,143.4980926513672,242956200
2025-06-23,NVDA,142.1513937655616,144.42581484809375,141.68254233682853,143.8173065185547,154308900
2025-06-24,NVDA,145.20392063963206,147.59805875973223,145.14406985038545,147.53819274902344,187566100
2025-06-25,NVDA,148.90483162044157,154.0721520137232,148.8948463426075,153.9324951171875,269146500
2025-06-26,NVDA,155.59840525486092,156.33660039378947,153.6232534017049,154.64076232910156,198145700
2025-06-27,NVDA,155.65826650868465,158.32174817747665,154.880175871103,157.3640899658203,263234500
2025-06-30,NVDA,158.01250107649778,158.2718747820143,155.57848281781088,157.603515625,194580300
2025-07-01,NVDA,155.9076636637482,156.81544119896878,151.1194180014287,152.92498779296875,213143600
2025-07-02,NVDA,152.60576718743292,157.2144758260153,152.5957971297394,156.86532592773438,171224100
2025-07-03,NVDA,157.98256705200242,160.58618269349765,157.3840439934681,158.9501953125,143716100
2025-07-07,NVDA,157.81297934590498,158.92026447090194,156.95508262544374,157.85289001464844,140139000
2025-07-08,NVDA,158.9402376292259,159.8280598400772,158.00253468758166,159.6085968017578,138133000
2025-07-09,NVDA,160.8256093227867,164.01777813022636,160.7657585360006,162.48155212402344,183656400
2025-07-10,NVDA,163.91802564623063,164.0975779997467,161.214648514871,163.6985626220703,167704100
2025-07-11,NVDA,163.319494380175,167.4792915182188,163.07010595303956,164.5165557861328,193633300
2025-07-14,NVDA,164.96544774793,165.08516454052796,161.62365204151925,163.66864013671875,136975800
2025-07-15,NVDA,170.771231752154,171.9782632858091,168.7860942767486,170.2824249267578,230627400
2025-07-16,NVDA,170.64153593048928,171.32985042878116,168.4868162544787,170.95077514648438,158831500
2025-07-17,NVDA,171.59918390717252,173.7339481189201,170.4120926228971,172.5767822265625,160841100
2025-07-18,NVDA,173.21520688358655,173.82371518980958,170.8410244393951,171.98822021484375,146456400
2025-07-21,NVDA,172.32739806402674,172.9558617527255,170.58167912560677,170.96075439453125,123126100
2025-07-22,NVDA,170.9208374301641,170.97071815657463,164.17738028748298,166.6213836669922,193114300
2025-07-23,NVDA,169.1152710575868,170.84103463039327,167.55908978070133,170.36221313476562,154082200
2025-07-24,NVDA,172.01814916975516,173.4047480967394,170.88093864849802,173.31497192382812,128984600
2025-07-25,NVDA,173.18529303585547,174.29257821699642,172.53688923976992,173.0755615234375,122316800
2025-07-28,NVDA,173.594294429185,176.56700011257405,173.54441370124516,176.31761169433594,140023500
2025-07-29,NVDA,177.52466141853475,178.9411858321479,174.5918511336965,175.0806427001953,154077500
2025-07-30,NVDA,176.07820855766118,179.44994513464422,175.60935707311754,178.8314666748047,174312200
2025-07-31,NVDA,182.45256948733228,182.85160010862035,175.49961883405416,177.43487548828125,221685400
2025-08-01,NVDA,173.6641186818972,176.1081221843386,170.47194991004753,173.29502868652344,204529000
2025-08-04,NVDA,174.7314908730668,179.75915428060495,174.09305718288007,179.5596466064453,148174600
2025-08-05,NVDA,179.18058718831315,179.81902093485988,175.46968627980374,177.82391357421875,156407600
2025-08-06,NVDA,175.89865688532507,179.4599159046609,175.81885075769642,178.98109436035156,137192300
2025-08-07,NVDA,181.12583532286254,183.43018196887525,178.3626072705472,180.32778930664062,151878400
2025-08-08,NVDA,181.10585596760288,182.85157473717487,179.9586602147226,182.25303649902344,123396700
2025-08-11,NVDA,181.6046539661726,183.39026839012567,179.80905426349312,181.6146240234375,138323200
2025-08-12,NVDA,182.51242163652668,184.02869221788941,179.0209838780724,182.71192932128906,145485700
2025-08-13,NVDA,182.1732462738988,183.51994981646104,178.9112567337155,181.14576721191406,179871700
2025-08-14,NVDA,179.3102712094187,182.57227595462552,179.02098734413144,181.57472229003906,129554000
2025-08-15,NVDA,181.43505449173978,181.45499460438234,177.6044370814236,180.008544921875,156602200
2025-08-18,NVDA,180.15820389652,182.49247589603021,180.14821861780752,181.5647430419922,132008000
2025-08-19,NVDA,181.98369406640825,182.0535301239894,175.0606849397743,175.21031188964844,185229200
2025-08-20,NVDA,174.74146841521826,175.56943975883806,168.38705663117767,174.9709014892578,215142700
2025-08-21,NVDA,174.42226928848822,176.4672421817212,173.38480492387563,174.55194091796875,140040900
2025-08-22,NVDA,172.1877371490149,178.15310374912357,170.78118284108405,177.55458068847656,172789400
2025-08-25,NVDA,177.91371253514103,181.46500135257926,176.13806812642193,179.37013244628906,163012800
2025-08-26,NVDA,179.61950918930867,181.94381103857447,178.37256711704984,181.32533264160156,168688200
2025-08-27,NVDA,181.5347912004848,182.04355325393357,178.66184732021665,181.15573120117188,235518900
2025-08-28,NVDA,180.3776517699909,184.01871637210735,175.9784366795831,179.72923278808594,281787800
2025-08-29,NVDA,177.67428483075477,177.714180280125,172.72641192849127,173.75389099121094,243257900
2025-09-02,NVDA,169.58412249632292,171.9583050821389,166.81092453439402,170.36221313476562,231164900
2025-09-03,NVDA,170.64153226145447,171.9882358353705,168.46687251736884,170.20260620117188,164424900
2025-09-04,NVDA,170.1527518438138,171.43958949445846,168.9955858311417,171.24008178710938,141670100
2025-09-05,NVDA,167.61894341349083,168.61649709218636,163.66863936987482,166.61141967773438,224441400
2025-09-08,NVDA,167.14010390134433,170.54176523233733,166.94059623139324,167.8982391357422,163769100
2025-09-09,NVDA,168.67632677148754,170.56170237945196,166.33208505275803,170.3422393798828,157548400
2025-09-10,NVDA,176.2078799889887,178.85139113084074,175.04074401948455,176.8961944580078,226852000
2025-09-11,NVDA,179.25053151190707,179.84910351407555,176.05818301908454,176.7465362548828,151159300
2025-09-12,NVDA,177.34513598621658,178.17315412234487,176.02828346447401,177.39501953125,124911000
2025-09-15,NVDA,175.2501343169162,178.4225418052247,174.0929031464731,177.32516479492188,147061600
2025-09-16,NVDA,176.5769489507663,177.0757538913052,173.96321593348455,174.46202087402344,140737800
2025-09-17,NVDA,172.22736966160153,172.78602876073558,168.00748411706098,169.8829803466797,211843800
2025-09-18,NVDA,173.56416328312818,176.67671647107687,172.54661216194535,175.8187713623047,191763300
2025-09-19,NVDA,175.34989886544702,177.65437533147113,174.76129744715922,176.24774169921875,237182100
2025-09-22,NVDA,174.88102184557565,184.10891359634738,174.2924356467209,183.17115783691406,269637000
2025-09-23,NVDA,181.53508786527138,181.98400930831284,175.78885990523673,178.0035400390625,192559600
2025-09-24,NVDA,179.34033838980653,179.35030900890538,174.98077271717747,176.54702758789062,143564100
2025-09-25,NVDA,174.06297010669513,179.82915407834395,172.7162058826927,177.2653045654297,191586700
2025-09-26,NVDA,177.74414266212372,179.3403244887289,174.51188131329135,177.76409912109375,148573700
2025-09-29,NVDA,179.99874009736317,183.56021461148362,179.8890176259668,181.4153594970703,193063500
2025-09-30,NVDA,181.6448190078555,186.90222763381766,181.04624695721463,186.13406372070312,236981000
2025-10-01,NVDA,184.79726069745416,187.6903232769056,183.46045188172369,186.79248046875,173844900
2025-10-02,NVDA,189.146847340247,190.59337868298996,187.6105195355423,188.43853759765625,136805800
2025-10-03,NVDA,188.73782471792558,189.90502650703218,184.93693332773543,187.17156982421875,137596900
2025-10-06,NVDA,185.0566446584491,186.78250559975277,182.8918329061041,185.09654235839844,157678100
2025-10-07,NVDA,185.78489078203316,188.6081286768816,183.56022492696124,184.5977325439453,140088000
2025-10-08,NVDA,186.12409742063042,189.14685437964263,186.0941551173159,188.65802001953125,130168900
2025-10-09,NVDA,191.7705575158363,194.833227386451,190.60335569438294,192.10975646972656,182997200
2025-10-10,NVDA,193.04748211324375,195.15243956582322,181.6148814298513,182.72222900390625,268774400
2025-10-13,NVDA,187.52076447158947,189.65564939423433,185.51557372807815,187.86993408203125,153482800
2025-10-14,NVDA,184.32839277968645,184.35831986008523,179.2705030798172,179.59971618652344,205641400
2025-10-15,NVDA,184.35831474003746,184.42813951825556,176.86625456034105,179.4001922607422,214450500
2025-10-16,NVDA,181.79445210488134,182.84194556906473,179.34034021746592,181.37545776367188,179723300
2025-10-17,NVDA,179.74936158304564,183.66000615888444,179.32039659193174,182.7821044921875,173135200
2025-10-20,NVDA,182.69231029505525,184.75735492260156,181.2956472677441,182.20347595214844,128544700
2025-10-21,NVDA,182.35311411361405,182.35311411361405,179.37027013728058,180.72702026367188,124240200
2025-10-22,NVDA,180.7070662621498,183.0015721983185,176.33752979723928,179.84912109375,162249600
2025-10-23,NVDA,179.98876279946896,182.59252505160657,179.36026373857848,181.724609375,111363700
2025-10-24,NVDA,183.40060514170608,187.02193404421294,183.06142142022418,185.8148193359375,131296700
2025-10-27,NVDA,189.5359184602369,191.54110896467577,187.9796341631504,191.03233337402344,153452700
2025-10-28,NVDA,192.58860677151606,202.6644582837766,191.45133202040452,200.54953002929688,297986200
2025-10-29,NVDA,207.48289118740504,211.68283533037862,204.29054272961417,206.54513549804688,308829600
2025-10-30,NVDA,204.65966800141675,205.66726375798942,200.9286166610889,202.4050750732422,178864400
2025-10-31,NVDA,205.95655376605836,207.4729250244422,201.58703290468912,202.0060272216797,179802200
2025-11-03,NVDA,207.58268802254912,210.83489110171476,205.06870659183733,206.38555908203125,180267300
2025-11-04,NVDA,202.51481474882632,203.4824975937368,197.4569251230167,198.21511840820312,188919300
2025-11-05,NVDA,198.29492759193732,202.43500266122365,194.18476438007542,194.74343872070312,171350300
2025-11-06,NVDA,195.95052515240693,197.14765392942226,185.9345289438528,187.63046264648438,223029800
2025-11-07,NVDA,184.45805485831954,187.86989393508227,178.48238160939712,187.70028686523438,264942300
2025-11-10,NVDA,194.6436788693004,199.46213677715232,193.32682642239038,198.5742645263672,198897100
2025-11-11,NVDA,194.69355355890158,194.9529266552934,190.84277869998112,192.69833374023438,176483300
2025-11-12,NVDA,195.25221648764446,195.4218083488666,190.673190567689,193.33680725097656,154935300
2025-11-13,NVDA,190.59337913278358,190.9824463944715,183.41059072037282,186.41339111328125,207423100
2025-11-14,NVDA,182.42294356130517,190.55345800755302,180.14839424900484,189.71546936035156,186591900
2025-11-17,NVDA,185.52552307898492,188.54828000089623,183.87947275520656,186.15402221679688,173628900
2025-11-18,NVDA,182.94172058465782,184.3583249108488,179.22062444838815,180.92654418945312,213598900
2025-11-19,NVDA,184.3483273978252,187.41099710874653,182.39302051116815,186.07420349121094,247246400
2025-11-20,NVDA,195.4816571057099,195.53154064523628,179.42014682895694,180.208251953125,343504800
2025-11-21,NVDA,180.80682891210233,184.11888595894638,172.51667761994415,178.4524688720703,346926200
2025-11-24,NVDA,179.06102433247585,183.06143495137792,176.05820849098825,182.11370849609375,256618300
2025-11-25,NVDA,174.49197074476177,177.73420328176402,169.14478047484366,177.39501953125,320600300
2025-11-26,NVDA,181.1958831941039,182.4728225932506,177.81398638784032,179.8291473388672,183852000
2025-11-28,NVDA,178.58215589898685,178.86148547381688,176.0781603452176,176.57696533203125,121332800
2025-12-01,NVDA,174.34228931397226,179.86905632530258,173.26486886531237,179.48995971679688,188131000
2025-12-02,NVDA,181.32559224007645,185.21628046187368,179.56980408021653,181.0263214111328,182632200
2025-12-03,NVDA,180.64719551618873,182.013916155068,178.68190287158453,179.16075134277344,165138000
2025-12-04,NVDA,181.19598816136636,184.08922700452197,179.53987513877786,182.95188903808594,167364900
2025-12-05,NVDA,183.4606866221248,184.22889322931675,180.4876480440623,181.98414611816406,143971100
2025-12-08,NVDA,182.21361127014939,187.5610985176648,181.97416608957425,185.1168212890625,204378100
2025-12-09,NVDA,185.12679644575,185.2864265695677,182.89203560496765,184.53817749023438,144719700
2025-12-10,NVDA,184.53819180758595,185.0469957406681,181.61502392815055,183.35096740722656,162785400
2025-12-11,NVDA,179.85912243695617,180.89670300875093,176.20766331092784,180.50759887695312,182136600
2025-12-12,NVDA,180.6871989054384,182.39321360477518,174.21234434473615,174.61141967773438,204274900
2025-12-15,NVDA,177.52459033283526,178.0034654802094,174.6213802569945,175.87843322753906,164775600
2025-12-16,NVDA,175.84850127733236,178.0733061224419,174.4916756985292,177.3050994873047,148588100
2025-12-17,NVDA,175.68888113429998,175.71880987812392,169.91239000563186,170.54092407226562,222775500
2025-12-18,NVDA,174.1225483861358,175.7387615308714,171.41888356310693,173.73345947265625,176096000
2025-12-19,NVDA,176.25756723043006,181.02640724251643,175.9283357789888,180.56748962402344,324925900
2025-12-22,NVDA,183.49062822521734,183.73007341419415,181.9243013805983,183.26116943359375,129064400
2025-12-23,NVDA,182.54285710968043,188.88801027625055,182.47301321780614,188.76829528808594,174873600
2025-12-24,NVDA,187.50124372172942,188.4689804086018,186.154389299292,188.169677734375,65528500
2025-12-26,NVDA,189.47662851874142,192.240166195598,187.5611125998212,190.085205078125,139740300
2025-12-29,NVDA,187.2717899684254,188.31932652162573,185.47598909796272,187.7805938720703,120006100
2025-12-30,NVDA,187.8005508490403,188.5487999407664,186.49359631469858,187.1021728515625,97687300
2025-12-31,NVDA,189.12744593978846,190.11512498868174,186.05463453876877,186.06460571289062,120100500
2026-01-02,NVDA,189.39681300359115,192.47959571470966,187.8204997023152,188.4091339111328,148240500
2026-01-05,NVDA,191.31231822272787,193.17796293683364,185.7154145267434,187.68081665039062,183529700
2026-01-06,NVDA,190.07522846701318,191.72137039337454,186.3838692947835,186.80288696289062,176862600
2026-01-07,NVDA,188.12978540958392,190.9232365533545,186.12446806753155,188.66851806640625,153543200
2026-01-08,NVDA,188.66852284990722,189.10749810453436,183.28113525242415,184.60801696777344,172457000
2026-01-09,NVDA,184.64792389684447,185.9049768874807,183.2412119543349,184.42843627929688,131327500
2026-01-12,NVDA,182.79226917353867,186.6831584288149,182.59273912358015,184.5082550048828,137968500
2026-01-13,NVDA,184.56809890645206,187.6708389078061,182.97182817799478,185.37620544433594,160128900
2026-01-14,NVDA,183.88971661277398,184.029389177148,180.37792970729708,182.71246337890625,159586100
2026-01-15,NVDA,186.06460797964908,189.25713440169068,185.895006678512,186.6133270263672,206188600
2026-01-16,NVDA,188.63859508159712,189.99542077422674,185.64559857342888,185.7952423095703,187967200
2026-01-20,NVDA,181.4753578011745,181.95424822676716,177.19537928172147,177.65431213378906,223345300
2026-01-21,NVDA,178.6319932794081,184.947217101084,177.9835016341843,182.89202880859375,200381000
2026-01-22,NVDA,184.31869154642928,185.7353746560278,183.5005985718231,184.40847778320312,139636600
2026-01-23,NVDA,187.06227125943187,189.15737478680413,186.38386606278428,187.23187255859375,142748100
2026-01-26,NVDA,186.7230748442759,188.6784906596197,185.55580805974404,186.03468322753906,124799600
2026-01-27,NVDA,186.80288446054914,189.55643562401056,185.2664711415707,188.07989501953125,143711600
2026-01-28,NVDA,190.82345963399504,191.9009400606663,189.39679023846315,191.0728759765625,148552700
2026-01-29,NVDA,190.89331059974717,193.0283141326731,185.62563804704834,192.06057739257812,171764400
2026-01-30,NVDA,190.76362243793778,194.0359639826301,189.0276790286862,190.68380737304688,179489500
2026-02-02,NVDA,186.7629659025267,189.8557348322644,184.44839001538193,185.1766815185547,165794100
2026-02-03,NVDA,185.8052108647954,185.8351396091497,175.81857039871747,179.91897583007812,204019600
2026-02-04,NVDA,179.04105715530034,179.16077214377114,171.50867959294058,173.78335571289062,207014100
2026-02-05,NVDA,174.52161198787914,176.40721432559468,170.63072277473634,171.47874450683594,206312900
2026-02-06,NVDA,176.27752805781466,186.5634574188361,174.1924107166939,184.9771728515625,231346200
2026-02-09,NVDA,183.8298238555102,193.20788788877485,183.5205500126207,189.59632873535156,196387400
2026-02-10,NVDA,190.9332352083219,192.03065816435006,187.68083581715956,188.099853515625,136764800
2026-02-11,NVDA,192.00071425091673,192.80882083578368,188.329312674443,189.6063232421875,144192700
2026-02-12,NVDA,192.5793648877844,193.1580126884611,186.07458174632154,186.5035858154297,189932500
2026-02-13,NVDA,187.04232046551596,187.0622780376601,181.16607138035295,182.3832244873047,161888000
2026-02-17,NVDA,181.3256935584433,186.71308084037668,178.76168607280786,184.53817749023438,162276900
2026-02-18,NVDA,188.3093443160685,189.92555739322245,186.3239846890322,187.5411376953125,164749100
2026-02-19,NVDA,186.62329889395997,187.9900957055448,185.22657333636724,187.46133422851562,126554500
2026-02-20,NVDA,186.13444888465776,189.88566546751952,185.5059147845697,189.37686157226562,178422300
2026-02-23,NVDA,190.9531547742145,193.49720463285962,189.13741163084848,191.10281372070312,171584800
2026-02-24,NVDA,191.04296985904048,193.31764595479845,186.96250644177093,192.39979553222656,175123600
2026-02-25,NVDA,193.9960453222018,197.16862939564908,193.33758246616242,195.10345458984375,250637100
2026-02-26,NVDA,193.81648130196652,193.83642365132246,183.8897126034445,184.4583740234375,360807900
2026-02-27,NVDA,180.82687141264745,182.16373952566906,175.96824531148394,176.77635192871094,311636500
2026-03-02,NVDA,174.6014235260267,183.03170868955394,174.23229218389588,182.05398559570312,209095300
2026-03-03,NVDA,178.07331350693755,180.4776756968921,176.50697142699124,179.62966918945312,178099400
2026-03-04,NVDA,180.01874995283958,184.26879914121506,179.6396322236537,182.6126708984375,177731200
2026-03-05,NVDA,180.74703993972415,183.63029235671348,177.46472744924466,182.91197204589844,198779700
2026-03-06,NVDA,179.4201653790109,182.33334690173646,176.40722643712078,177.40489196777344,189021900
2026-03-09,NVDA,176.4171820751478,182.48298979408452,175.1501427003192,182.2235870361328,177213600
2026-03-10,NVDA,181.97416098047233,186.00473767957752,181.58507208744064,184.33863830566406,179118500
2026-03-11,NVDA,185.4860219488843,187.1921136401388,184.02934488988058,185.60574340820312,145280400
2026-03-12,NVDA,183.63027948516628,184.51824924312825,181.33552155955923,182.72235107421875,155762700
2026-03-13,NVDA,184.49827615888313,185.6656060713691,179.5296376335348,179.83892822265625,160988400
2026-03-16,NVDA,182.55273992235968,188.44926587891726,180.9962999229416,182.8021697998047,217307400
2026-03-17,NVDA,184.63795767039014,184.97717862722422,181.26566108165355,181.5150909423828,182497800
2026-03-18,NVDA,182.06384475172882,182.96180140975886,179.91875397930713,179.98858642578125,156683100
2026-03-19,NVDA,177.60403750119184,179.56954607641802,175.38909905828712,178.1527862548828,170968500
2026-03-20,NVDA,177.59405294207926,177.85345450506617,171.32837633709812,172.30613708496094,241323500
2026-03-23,NVDA,176.85574153065542,177.96321071223454,174.36144294367455,175.23944091796875,182836300
2026-03-24,NVDA,174.4312942297872,175.81812366395545,173.58322660302642,174.80044555664062,147667800
2026-03-25,NVDA,176.69612335614488,180.8067226806179,176.44669348987364,178.2725067138672,162602100
2026-03-26,NVDA,175.66847416549638,176.10745794358192,170.74970926821888,170.8494873046875,186152200
2026-03-27,NVDA,169.61229451028825,170.58008352629554,166.62910808502988,167.13795471191406,196212700
2026-03-30,NVDA,168.3950875250076,169.0635577295173,163.89537828689438,164.79331970214844,185627000
2026-03-31,NVDA,166.58922503111532,174.22177306603788,166.57925331681818,174.0022735595703,226181300
2026-04-01,NVDA,175.59862725595661,176.96549806235143,174.3514779146501,175.3491973876953,168132000
2026-04-02,NVDA,171.7873183615289,177.0852211444685,170.9791680862979,176.98544311523438,143143200
2026-04-06,NVDA,176.75597747742694,177.3845303646084,175.35916114415525,177.23487854003906,107564300
2026-04-07,NVDA,175.32922705160684,177.8235255680002,173.26395579650787,177.69383239746094,132534900
2026-04-08,NVDA,184.079243714486,184.83750503722598,179.8888249511496,181.66476440429688,147732700
2026-04-09,NVDA,181.42529878487736,183.6601958045732,180.20807985372045,183.49058532714844,116428500
2026-04-10,NVDA,183.88967366981893,189.56669990817062,183.87970195572368,188.1998291015625,160459500
2026-04-13,NVDA,185.605746824658,189.2274732756209,185.3164148846483,188.87826538085938,133648200
2026-04-14,NVDA,190.40477641072036,196.0618438720703,190.33494396561244,196.0618438720703,161307000
2026-04-15,NVDA,196.09178511161633,199.94298301571828,195.2936216855987,198.41647338867188,185338400
2026-04-16,NVDA,196.97974400923295,199.39423847906178,195.36344336942167,197.8976593017578,134012900
2026-04-17,NVDA,199.44410763257105,201.2400056483541,198.8155547450397,201.2200469970703,160324400
2026-04-20,NVDA,199.52392392325544,201.70893187328167,197.38880498867078,201.59918212890625,119381400
2026-04-21,NVDA,201.66904795828867,202.28762917830338,198.54618104306965,199.42417907714844,107945300
2026-04-22,NVDA,200.53164182940822,202.03819274902344,198.54617460274403,202.03819274902344,107501000
2026-04-23,NVDA,201.99828375930824,203.3651545152774,196.77022843278436,199.18470764160156,113561800
2026-04-24,NVDA,199.50398270942756,210.46890943516505,199.35431566144254,207.79502868652344,214134400
2026-04-27,NVDA,209.17187844164343,216.33551207209098,206.90706623150768,216.1160125732422,187172400
2026-04-28,NVDA,209.01225288404052,214.2402930542568,207.72518626919629,212.68385314941406,180275400
2026-04-29,NVDA,212.2149257168926,212.23488436877426,207.10660696252424,208.77279663085938,123711800
2026-04-30,NVDA,209.45124259423534,209.82040915320695,198.24685712515335,199.11488342285156,225239200
2026-05-01,NVDA,200.8209691272831,202.5370477944956,196.67045257290908,197.99742126464844,128647000
2026-05-04,NVDA,199.04502180842945,201.2699318245734,194.29588290907526,198.02734375,125368100
2026-05-05,NVDA,198.84548202478717,199.7833407086998,195.58293528206713,196.05186462402344,113406600
2026-05-06,NVDA,199.43413852494058,207.7950323152332,198.15705885791613,207.3560333251953,188362800
2026-05-07,NVDA,207.86487247229027,213.7115092245668,206.02907228582575,211.01766967773438,168307900
2026-05-08,NVDA,212.5441790763045,217.30330524675068,212.40449895841255,214.709228515625,136421400
2026-05-11,NVDA,213.55186573785767,221.79303819063418,213.40221390900197,218.93955993652344,160685800
2026-05-12,NVDA,218.05159434962442,223.23973257586303,214.42986778297353,220.27650451660156,159176600
2026-05-13,NVDA,224.41703053540263,227.32039781394542,221.0647077692387,225.3149871826172,150405400
2026-05-14,NVDA,229.32582552778115,236.00055597235212,228.77707677625682,235.202392578125,180782900
2026-05-15,NVDA,229.23602944473367,230.9720668751014,223.7286287034134,224.80616760253906,180977600
2026-05-18,NVDA,229.34577348371204,229.4754818886306,217.8719993892805,221.81300354003906,146280900
2026-05-19,NVDA,219.11914008419038,223.96805720569674,217.41304835521052,220.1068878173828,140948200
2026-05-20,NVDA,222.6710257508039,225.61431038954527,219.9971448577806,222.9603729248047,184201600
2026-05-21,NVDA,221.78305837384474,226.8814055684356,217.43300079554024,219.0093994140625,203381800
2026-05-22,NVDA,220.39621757095847,220.50596731800164,214.3101381389001,214.83892822265625,169275700
2026-05-26,NVDA,216.04617181279934,217.68243116855118,211.5165320236786,214.37001037597656,187202600
2026-05-27,NVDA,213.63168066177133,213.66161102691768,208.30386252985457,212.1151580810547,167601200
2026-05-28,NVDA,210.79815519844968,215.02849096688144,210.73829446983814,213.76138305664062,143996000
2026-05-29,NVDA,214.09065053210412,217.36316924965476,210.64852132770383,210.6584930419922,289410600
2026-06-01,NVDA,215.23801892090273,224.35717434911126,215.20808855445495,223.8483428955078,212850700
2026-06-02,NVDA,226.66188583823322,231.75026086454594,220.84519513709748,222.3118438720703,193362900
2026-06-03,NVDA,221.2143597561905,222.31185725112735,214.02079575535723,214.26025390625,160907000
2026-06-04,NVDA,213.67091279390368,221.35231998810906,210.73419644348996,218.4156036376953,169022200
2026-06-05,NVDA,214.2902104723603,214.62982678346356,204.10161444712602,204.87075805664062,219655500
2026-06-08,NVDA,209.94507132882276,210.23475572682116,205.76975069388217,208.40679931640625,138372800
2026-06-09,NVDA,210.3845825512031,211.16370951624515,199.11719156565087,207.95730590820312,180962500
2026-06-10,NVDA,204.20149632565034,206.98838641050182,199.696542748819,200.19598388671875,161746600
2026-06-11,NVDA,201.26479475008583,205.43013200106668,199.31696212361035,204.64100646972656,158643200
2026-06-12,NVDA,204.6310298517525,206.83856645475237,203.21261880599855,204.96066284179688,112001800
2026-06-15,NVDA,208.68648640498938,212.47225882321928,208.10713284720606,212.21253967285156,149936700
2026-06-16,NVDA,210.94395209283806,211.25361840198772,207.05830064217733,207.1781768798828,125694100
2026-06-17,NVDA,208.29691745433288,208.9761653200819,202.8530121596522,204.42124938964844,128363500
2026-06-18,NVDA,207.09826842291386,211.1537281092123,206.26919428756833,210.4545135498047,241272000
2026-06-22,NVDA,211.2036686200953,213.7508214450341,207.48782537372824,208.41677856445312,122041400
2026-06-23,NVDA,201.94403040148535,203.54224815949766,199.77645766483005,199.81640625,153496200
2026-06-24,NVDA,199.89631590195674,201.44458647582786,196.36027935647695,198.77757263183594,151810700
2026-06-25,NVDA,199.85637045714446,200.5755669254449,191.9152592982058,195.52122497558594,149550000
2026-06-26,NVDA,192.90414096411192,195.33143282930595,191.0062707295152,192.31480407714844,179304100
2026-06-29,NVDA,193.63333194293918,195.96071419295149,189.58785574691487,194.7520751953125,148835700
2026-06-30,NVDA,197.0195429632178,200.4057532237791,194.89191886651452,199.86634826660156,166476700
2026-07-01,NVDA,195.98069896251877,199.62662840490702,193.23377271109229,197.35916137695312,146147600
2026-07-02,NVDA,196.9196593659626,199.8363939026278,192.1350197738411,194.61224365234375,142068700
2026-07-06,NVDA,194.20269428466304,197.32920075051607,193.77318221313826,195.33143615722656,108999000
2026-07-07,NVDA,192.15498377986222,198.18824142626735,190.92636281467173,196.7098846435547,124154600
2026-07-08,NVDA,194.9618356993413,204.93069180759116,194.84197470333905,203.891845703125,147419100
2026-07-09,NVDA,204.23147485952867,204.36131918975943,198.73762239526957,202.5533447265625,132037400
2026-07-10,NVDA,201.7742207048944,210.7641612313501,201.69430829342895,210.72421264648438,148421000
2026-07-13,NVDA,208.3069001369788,210.33464515051216,202.77309911383117,203.30250549316406,121411000
2026-07-14,NVDA,207.96729575339148,212.31243993744155,203.57221964678251,211.5632781982422,124379600
2026-07-15,NVDA,211.7230919717581,213.57101502024952,205.80969553973085,212.26248168945312,124797200
2026-07-16,NVDA,209.93509060438328,210.84407715298516,205.61992700554663,207.16818237304688,122986100
2026-07-17,NVDA,202.41350482950477,206.41901728963356,197.74872640584337,202.58331298828125,144281900
2026-07-20,NVDA,205.63989694335598,207.50781723343968,202.05391309694542,203.05279541015625,88701500
2026-07-21,NVDA,207.30802440628602,208.4167843613107,203.78197113093626,207.0583038330078,108685600
2026-07-22,NVDA,205.57996827489498,214.15038042761168,204.72092886821054,211.82298278808594,137645600
2026-07-23,NVDA,209.22588688656515,210.63429930291466,205.72979894313582,208.5266571044922,110505300
2026-07-24,NVDA,207.21812923496972,211.6731509810223,204.5810805834776,206.6088104248047,114836800
2026-07-27,NVDA,207.96729627325774,208.51668459839084,195.22156333884286,196.2903594970703,154353700
2026-07-28,NVDA,194.78204700134697,198.47790843456414,192.52457850774027,196.789794921875,134111500
2026-07-29,NVDA,195.63110696844683,196.84974460884015,189.79762268066406,189.79762268066406,147680800
2026-07-30,NVDA,193.23377181769484,197.02952748682713,191.3059363552755,194.82199096679688,129010200
2026-07-31,NVDA,198.2182038580375,201.77422236802423,194.73209918257555,200.52561950683594,139961200
2026-08-03,NVDA,197.46904862701152,208.50670133078404,196.62999113475112,206.40904235839844,128406900
2026-08-04,NVDA,211.06382570110384,212.82185300096492,208.8163406042335,211.70310974121094,134922000
2026-08-05,NVDA,216.6176127852948,221.9716224388697,216.15812022814887,218.9749755859375,158187400
2026-08-06,NVDA,221.28239358061882,223.38005249670454,216.75745800384053,218.7452392578125,113940600
2026-08-07,NVDA,221.29237770419127,224.50877992471257,220.41337164588714,223.70968627929688,105669400
2026-08-10,NVDA,223.15029107269072,223.88946943306019,216.5277120448001,217.3068389892578,115846600
2026-08-11,NVDA,221.92167541427946,221.9516406634887,215.95834695389817,217.25689697265625,101273100
2026-08-12,NVDA,220.7929293559802,224.84840415873398,219.95387191061064,223.8395233154297,108783600
2026-08-13,NVDA,224.80845001468583,226.97602279610956,223.45996804263754,225.04818725585938,98867200
2026-08-14,NVDA,226.51654155338588,227.23573802273873,224.24907448357243,224.90834045410156,75680900
2026-08-17,NVDA,225.72741618855906,227.66525027466162,224.60867289832842,224.7584991455078,93678700
2026-08-18,NVDA,220.20359791537197,221.39227027986857,218.44557057093272,219.49440002441406,103128200
2026-08-19,NVDA,221.4222404106533,222.62089613745684,216.51772459764655,217.31683349609375,96797300
2026-08-20,NVDA,218.1159423024499,219.6142657707553,215.41896310784705,216.60763549804688,92457000
2026-08-21,NVDA,218.17587248780362,218.49552214328025,214.26025565862156,214.48001098632812,98869300
2026-08-24,NVDA,215.28910206110334,215.34903256074918,207.01835779182306,208.24697875976562,135187300
2026-08-25,NVDA,210.79412790131315,214.48998931653267,209.87515802586688,212.81187438964844,122309000
2026-08-26,NVDA,212.40232405945306,213.3612577394914,208.99613188036045,209.4256591796875,179900000
2026-08-27,NVDA,222.61090164325523,230.21239627098788,220.6530857022795,227.7251739501953,298909800
2026-08-28,NVDA,227.10587153371227,229.00374173344596,216.56766062888835,217.3068389892578,195116400
2026-08-31,NVDA,218.62536478578363,221.05265670783686,215.96834944345454,220.53323364257812,124702700
2026-09-01,NVDA,216.50774446342592,220.1636574397174,214.8595947199138,217.1969757080078,109756200
2026-09-02,NVDA,218.5454508199983,227.6952163087265,218.23579974693772,224.1591796875,157104700
2026-09-03,NVDA,225.76737972053164,230.14247379152744,224.49879494304554,228.1946563720703,134681600
2026-09-04,NVDA,230.83170360414334,234.49759976142684,229.37334400327853,230.10252380371094,135352400
2026-09-08,NVDA,232.84944771666764,233.44878317831424,224.59868561283858,225.47769165039062,122965600
2026-09-09,NVDA,225.0281992525124,225.92718720955042,223.21024142511232,223.4199981689453,82955500
2026-09-10,NVDA,220.52999877929688,220.99000549316406,217.1999969482422,218.36000061035156,105768000
2026-09-11,NVDA,221.24000549316406,222.0,218.14999389648438,218.2899932861328,89060100
2026-09-14,NVDA,211.24000549316406,212.77000427246094,208.92999267578125,210.9600067138672,132267200
2026-09-15,NVDA,213.3800048828125,213.94000244140625,211.16000366210938,212.1699981689453,88059700
2026-09-16,NVDA,214.13999938964844,216.75999450683594,212.5,213.89999389648438,96563600
2026-09-17,NVDA,218.3800048828125,219.91000366210938,217.14999389648438,219.33999633789062,94191300
2026-09-18,NVDA,219.35000610351562,222.72999572753906,218.02999877929688,222.27000427246094,190287400
2026-09-21,NVDA,222.94000244140625,228.5,221.55999755859375,227.3800048828125,109806100
2026-09-22,NVDA,226.85000610351562,229.97999572753906,226.5,228.8699951171875,95746700
2026-09-23,NVDA,228.02999877929688,228.9499969482422,224.02000427246094,225.50999450683594,89547300
2026-09-24,NVDA,222.0800018310547,224.94000244140625,221.08999633789062,224.5800018310547,77305200
2024-09-25,TSLA,252.5399932861328,257.04998779296875,252.27999877929688,257.0199890136719,65034300
2024-09-26,TSLA,260.6000061035156,261.75,251.52999877929688,254.22000122070312,67142200
2024-09-27,TSLA,257.3800048828125,260.70001220703125,254.1199951171875,260.4599914550781,70988100
2024-09-30,TSLA,259.0400085449219,264.8599853515625,255.77000427246094,261.6300048828125,80705700
2024-10-01,TSLA,262.6700134277344,263.9800109863281,248.52999877929688,258.0199890136719,87397600
2024-10-02,TSLA,247.5500030517578,251.16000366210938,241.5,249.02000427246094,93983900
2024-10-03,TSLA,244.47999572753906,249.7899932861328,237.80999755859375,240.66000366210938,80729200
2024-10-04,TSLA,246.69000244140625,250.9600067138672,244.5800018310547,250.0800018310547,86573200
2024-10-07,TSLA,249.0,249.8300018310547,240.6999969482422,240.8300018310547,68113300
2024-10-08,TSLA,243.55999755859375,246.2100067138672,240.55999755859375,244.5,56303200
2024-10-09,TSLA,243.82000732421875,247.42999267578125,239.50999450683594,241.0500030517578,66289500
2024-10-10,TSLA,241.80999755859375,242.7899932861328,232.33999633789062,238.77000427246094,83087100
2024-10-11,TSLA,220.1300048828125,223.33999633789062,214.3800048828125,217.8000030517578,142628900
2024-10-14,TSLA,220.1300048828125,221.91000366210938,213.74000549316406,219.16000366210938,86291900
2024-10-15,TSLA,220.00999450683594,224.25999450683594,217.1199951171875,219.57000732421875,62988800
2024-10-16,TSLA,221.39999389648438,222.82000732421875,218.92999267578125,221.3300018310547,49632800
2024-10-17,TSLA,221.58999633789062,222.0800018310547,217.89999389648438,220.88999938964844,50791800
2024-10-18,TSLA,220.7100067138672,222.27999877929688,219.22999572753906,220.6999969482422,49611900
2024-10-21,TSLA,218.89999389648438,220.47999572753906,215.72999572753906,218.85000610351562,47329000
2024-10-22,TSLA,217.30999755859375,218.22000122070312,215.25999450683594,217.97000122070312,43268700
2024-10-23,TSLA,217.1300048828125,218.72000122070312,212.11000061035156,213.64999389648438,80938900
2024-10-24,TSLA,244.67999267578125,262.1199951171875,242.64999389648438,260.4800109863281,204491900
2024-10-25,TSLA,256.010009765625,269.489990234375,255.32000732421875,269.19000244140625,161611900
2024-10-28,TSLA,270.0,273.5400085449219,262.239990234375,262.510009765625,107653600
2024-10-29,TSLA,264.510009765625,264.9800109863281,255.50999450683594,259.5199890136719,80521800
2024-10-30,TSLA,258.0400085449219,263.3500061035156,255.82000732421875,257.54998779296875,53993600
2024-10-31,TSLA,257.989990234375,259.75,249.25,249.85000610351562,66575300
2024-11-01,TSLA,252.0399932861328,254.0,246.6300048828125,248.97999572753906,57544800
2024-11-04,TSLA,244.55999755859375,248.89999389648438,238.8800048828125,242.83999633789062,68802400
2024-11-05,TSLA,247.33999633789062,255.27999877929688,246.2100067138672,251.44000244140625,69282500
2024-11-06,TSLA,284.6700134277344,289.5899963378906,275.6199951171875,288.5299987792969,165228700
2024-11-07,TSLA,288.8900146484375,299.75,285.5199890136719,296.9100036621094,117309200
2024-11-08,TSLA,299.1400146484375,328.7099914550781,297.6600036621094,321.2200012207031,204782800
2024-11-11,TSLA,346.29998779296875,358.6400146484375,336.0,350.0,210521600
2024-11-12,TSLA,342.739990234375,345.8399963378906,323.30999755859375,328.489990234375,155726000
2024-11-13,TSLA,335.8500061035156,344.6000061035156,322.5,330.239990234375,125405600
2024-11-14,TSLA,327.69000244140625,329.9800109863281,310.3699951171875,311.17999267578125,120726100
2024-11-15,TSLA,310.57000732421875,324.67999267578125,309.2200012207031,320.7200012207031,114440300
2024-11-18,TSLA,340.7300109863281,348.54998779296875,330.010009765625,338.739990234375,126085600
2024-11-19,TSLA,335.760009765625,347.3800048828125,332.75,346.0,88852500
2024-11-20,TSLA,345.0,346.6000061035156,334.29998779296875,342.0299987792969,66340700
2024-11-21,TSLA,343.80999755859375,347.989990234375,335.2799987792969,339.6400146484375,58011700
2024-11-22,TSLA,341.0899963378906,361.5299987792969,337.70001220703125,352.55999755859375,89140700
2024-11-25,TSLA,360.1400146484375,361.92999267578125,338.20001220703125,338.5899963378906,95890900
2024-11-26,TSLA,341.0,346.9599914550781,335.6600036621094,338.2300109863281,62295900
2024-11-27,TSLA,341.79998779296875,342.54998779296875,326.5899963378906,332.8900146484375,57896400
2024-11-29,TSLA,336.0799865722656,345.45001220703125,334.6499938964844,345.1600036621094,37167600
2024-12-02,TSLA,352.3800048828125,360.0,351.1499938964844,357.0899963378906,77986500
2024-12-03,TSLA,351.79998779296875,355.69000244140625,348.20001220703125,351.4200134277344,58267200
2024-12-04,TSLA,353.0,358.1000061035156,348.6000061035156,357.92999267578125,50810900
2024-12-05,TSLA,359.8699951171875,375.42999267578125,359.5,369.489990234375,81403600
2024-12-06,TSLA,377.4200134277344,389.489990234375,370.79998779296875,389.2200012207031,81455800
2024-12-09,TSLA,397.6099853515625,404.79998779296875,378.010009765625,389.7900085449219,96359200
2024-12-10,TSLA,392.67999267578125,409.7300109863281,390.8500061035156,400.989990234375,97563600
2024-12-11,TSLA,409.70001220703125,424.8800048828125,402.3800048828125,424.7699890136719,104287600
2024-12-12,TSLA,424.8399963378906,429.29998779296875,415.0,418.1000061035156,87752200
2024-12-13,TSLA,420.0,436.29998779296875,415.7099914550781,436.2300109863281,89000200
2024-12-16,TSLA,441.0899963378906,463.19000244140625,436.1499938964844,463.0199890136719,114083800
2024-12-17,TSLA,475.8999938964844,483.989990234375,457.510009765625,479.8599853515625,131223000
2024-12-18,TSLA,466.5,488.5400085449219,427.010009765625,440.1300048828125,149340800
2024-12-19,TSLA,451.8800048828125,456.3599853515625,420.0199890136719,436.1700134277344,118566100
2024-12-20,TSLA,425.510009765625,447.0799865722656,417.6400146484375,421.05999755859375,132216200
2024-12-23,TSLA,431.0,434.510009765625,415.4100036621094,430.6000061035156,72698100
2024-12-24,TSLA,435.8999938964844,462.7799987792969,435.1400146484375,462.2799987792969,59551800
2024-12-26,TSLA,465.1600036621094,465.3299865722656,451.0199890136719,454.1300048828125,76366400
2024-12-27,TSLA,449.5199890136719,450.0,426.5,431.6600036621094,82666800
2024-12-30,TSLA,419.3999938964844,427.0,415.75,417.4100036621094,64941000
2024-12-31,TSLA,423.7900085449219,427.92999267578125,402.5400085449219,403.8399963378906,76825100
2025-01-02,TSLA,390.1000061035156,392.7300109863281,373.0400085449219,379.2799987792969,109710700
2025-01-03,TSLA,381.4800109863281,411.8800048828125,379.45001220703125,410.44000244140625,95423300
2025-01-06,TSLA,423.20001220703125,426.42999267578125,401.70001220703125,411.04998779296875,85516500
2025-01-07,TSLA,405.8299865722656,414.3299865722656,390.0,394.3599853515625,75699500
2025-01-08,TSLA,392.95001220703125,402.5,387.3999938964844,394.94000244140625,73038800
2025-01-10,TSLA,391.3999938964844,399.2799987792969,377.2900085449219,394.739990234375,62287300
2025-01-13,TSLA,383.2099914550781,403.7900085449219,380.07000732421875,403.30999755859375,67580500
2025-01-14,TSLA,414.3399963378906,422.6400146484375,394.5400085449219,396.3599853515625,84565000
2025-01-15,TSLA,409.8999938964844,429.79998779296875,405.6600036621094,428.2200012207031,81375500
2025-01-16,TSLA,423.489990234375,424.0,409.1300048828125,413.82000732421875,68335200
2025-01-17,TSLA,421.5,439.739990234375,419.75,426.5,94991400
2025-01-21,TSLA,432.6400146484375,433.20001220703125,406.30999755859375,424.07000732421875,87320900
2025-01-22,TSLA,416.80999755859375,428.0,414.5899963378906,415.1099853515625,60963300
2025-01-23,TSLA,416.05999755859375,420.7300109863281,408.95001220703125,412.3800048828125,50690600
2025-01-24,TSLA,414.45001220703125,418.8800048828125,405.7799987792969,406.5799865722656,56427100
2025-01-27,TSLA,394.79998779296875,406.69000244140625,389.0,397.1499938964844,58125500
2025-01-28,TSLA,396.9100036621094,400.5899963378906,386.5,398.0899963378906,48910700
2025-01-29,TSLA,395.2099914550781,398.5899963378906,384.4800109863281,389.1000061035156,68033600
2025-01-30,TSLA,410.7799987792969,412.5,384.4100036621094,400.2799987792969,98092900
2025-01-31,TSLA,401.5299987792969,419.989990234375,401.3399963378906,404.6000061035156,83283600
2025-02-03,TSLA,386.67999267578125,389.1700134277344,374.3599853515625,383.67999267578125,93732100
2025-02-04,TSLA,382.6300048828125,394.0,381.3999938964844,392.2099914550781,57072200
2025-02-05,TSLA,387.510009765625,388.3900146484375,375.5299987792969,378.1700134277344,57223300
2025-02-06,TSLA,373.0299987792969,375.3999938964844,363.17999267578125,374.32000732421875,77918200
2025-02-07,TSLA,370.19000244140625,380.54998779296875,360.3399963378906,361.6199951171875,70298300
2025-02-10,TSLA,356.2099914550781,362.70001220703125,350.510009765625,350.7300109863281,77514900
2025-02-11,TSLA,345.79998779296875,349.3699951171875,325.1000061035156,328.5,118543400
2025-02-12,TSLA,329.94000244140625,346.3999938964844,329.1199951171875,336.510009765625,105382700
2025-02-13,TSLA,345.0,358.69000244140625,342.8500061035156,355.94000244140625,89441500
2025-02-14,TSLA,360.6199951171875,362.0,347.5,355.8399963378906,68277300
2025-02-18,TSLA,355.010009765625,359.1000061035156,350.0199890136719,354.1099853515625,51631700
2025-02-19,TSLA,354.0,367.3399963378906,353.6700134277344,360.55999755859375,67094400
2025-02-20,TSLA,361.510009765625,362.29998779296875,348.0,354.3999938964844,45965400
2025-02-21,TSLA,353.44000244140625,354.9800109863281,334.4200134277344,337.79998779296875,74058600
2025-02-24,TSLA,338.1400146484375,342.3999938964844,324.70001220703125,330.5299987792969,76052300
2025-02-25,TSLA,327.0199890136719,328.8900146484375,297.25,302.79998779296875,134228800
2025-02-26,TSLA,303.7099914550781,309.0,288.0400085449219,290.79998779296875,100118300
2025-02-27,TSLA,291.1600036621094,297.2300109863281,280.8800048828125,281.95001220703125,101748200
2025-02-28,TSLA,279.5,293.8800048828125,273.6000061035156,292.9800109863281,115697000
2025-03-03,TSLA,300.3399963378906,303.94000244140625,277.29998779296875,284.6499938964844,115551400
2025-03-04,TSLA,270.92999267578125,284.3500061035156,261.8399963378906,272.0400085449219,126706600
2025-03-05,TSLA,272.9200134277344,279.54998779296875,267.7099914550781,279.1000061035156,94042900
2025-03-06,TSLA,272.05999755859375,272.6499938964844,260.0199890136719,263.45001220703125,98451600
2025-03-07,TSLA,259.32000732421875,266.25,250.72999572753906,262.6700134277344,102369600
2025-03-10,TSLA,252.5399932861328,253.3699951171875,220.0,222.14999389648438,189076900
2025-03-11,TSLA,225.30999755859375,237.05999755859375,217.02000427246094,230.5800018310547,174896400
2025-03-12,TSLA,247.22000122070312,251.83999633789062,241.10000610351562,248.08999633789062,142215700
2025-03-13,TSLA,248.1300048828125,248.2899932861328,232.60000610351562,240.67999267578125,114813500
2025-03-14,TSLA,247.30999755859375,251.5800018310547,240.72999572753906,249.97999572753906,100242300
2025-03-17,TSLA,245.05999755859375,245.39999389648438,232.8000030517578,238.00999450683594,111900600
2025-03-18,TSLA,228.16000366210938,230.10000610351562,222.27999877929688,225.30999755859375,111477600
2025-03-19,TSLA,231.61000061035156,241.41000366210938,229.1999969482422,235.86000061035156,111993800
2025-03-20,TSLA,233.35000610351562,238.0,230.0500030517578,236.25999450683594,99028300
2025-03-21,TSLA,234.99000549316406,249.52000427246094,234.5500030517578,248.7100067138672,132728700
2025-03-24,TSLA,258.0799865722656,278.6400146484375,256.3299865722656,278.3900146484375,169079900
2025-03-25,TSLA,283.6000061035156,288.20001220703125,271.2799987792969,288.1400146484375,150361500
2025-03-26,TSLA,282.6600036621094,284.8999938964844,266.510009765625,272.05999755859375,153629800
2025-03-27,TSLA,272.4800109863281,291.8500061035156,271.82000732421875,273.1300048828125,162572100
2025-03-28,TSLA,275.5799865722656,276.1000061035156,260.57000732421875,263.54998779296875,123809400
2025-03-31,TSLA,249.30999755859375,260.55999755859375,243.36000061035156,259.1600036621094,134008900
2025-04-01,TSLA,263.79998779296875,277.45001220703125,259.25,268.4599914550781,146486900
2025-04-02,TSLA,254.60000610351562,284.989990234375,251.27000427246094,282.760009765625,212787800
2025-04-03,TSLA,265.2900085449219,276.29998779296875,261.510009765625,267.2799987792969,136174300
2025-04-04,TSLA,255.3800048828125,261.0,236.0,239.42999267578125,181229400
2025-04-07,TSLA,223.77999877929688,252.0,214.25,233.2899932861328,183453800
2025-04-08,TSLA,245.0,250.44000244140625,217.8000030517578,221.86000061035156,171603500
2025-04-09,TSLA,224.69000244140625,274.69000244140625,223.8800048828125,272.20001220703125,219433400
2025-04-10,TSLA,260.0,262.489990234375,239.3300018310547,252.39999389648438,181722600
2025-04-11,TSLA,251.83999633789062,257.739990234375,241.36000061035156,252.30999755859375,128948100
2025-04-14,TSLA,258.3599853515625,261.79998779296875,245.92999267578125,252.35000610351562,100135200
2025-04-15,TSLA,249.91000366210938,258.75,247.5399932861328,254.11000061035156,79594300
2025-04-16,TSLA,247.61000061035156,251.97000122070312,233.88999938964844,241.5500030517578,112378700
2025-04-17,TSLA,243.47000122070312,244.33999633789062,237.67999267578125,241.3699951171875,83404800
2025-04-21,TSLA,230.25999450683594,232.2100067138672,222.7899932861328,227.5,97768000
2025-04-22,TSLA,230.9600067138672,242.7899932861328,229.85000610351562,237.97000122070312,120858500
2025-04-23,TSLA,254.86000061035156,259.45001220703125,244.42999267578125,250.74000549316406,150381900
2025-04-24,TSLA,250.5,259.5400085449219,249.1999969482422,259.510009765625,94464200
2025-04-25,TSLA,261.69000244140625,286.8500061035156,259.6300048828125,284.95001220703125,167560700
2025-04-28,TSLA,288.9800109863281,294.8599853515625,272.4200134277344,285.8800048828125,151731800
2025-04-29,TSLA,285.5,293.32000732421875,279.4700012207031,292.0299987792969,108906600
2025-04-30,TSLA,279.8999938964844,284.45001220703125,270.7799987792969,282.1600036621094,128961100
2025-05-01,TSLA,280.010009765625,290.8699951171875,279.80999755859375,280.5199890136719,99659000
2025-05-02,TSLA,284.8999938964844,294.7799987792969,279.80999755859375,287.2099914550781,114454700
2025-05-05,TSLA,284.57000732421875,284.8500061035156,274.3999938964844,280.260009765625,94618900
2025-05-06,TSLA,273.1099853515625,277.7300109863281,271.3500061035156,275.3500061035156,76715800
2025-05-07,TSLA,276.8800048828125,277.9200134277344,271.0,276.2200012207031,71592600
2025-05-08,TSLA,279.6300048828125,289.79998779296875,279.4100036621094,284.82000732421875,97539400
2025-05-09,TSLA,290.2099914550781,307.0400085449219,290.0,298.260009765625,132387800
2025-05-12,TSLA,321.989990234375,322.2099914550781,311.5,318.3800048828125,112826700
2025-05-13,TSLA,320.0,337.5899963378906,316.79998779296875,334.07000732421875,136992600
2025-05-14,TSLA,342.5,350.0,337.0,347.67999267578125,136997300
2025-05-15,TSLA,340.3399963378906,346.1400146484375,334.7200012207031,342.82000732421875,97882600
2025-05-16,TSLA,346.239990234375,351.6199951171875,342.3299865722656,349.9800109863281,95895700
2025-05-19,TSLA,336.29998779296875,343.0,333.3699951171875,342.0899963378906,88869900
2025-05-20,TSLA,347.8699951171875,354.989990234375,341.6300048828125,343.82000732421875,131715500
2025-05-21,TSLA,344.42999267578125,347.3500061035156,332.20001220703125,334.6199951171875,102354800
2025-05-22,TSLA,331.8999938964844,347.2699890136719,331.3900146484375,341.0400085449219,97113400
2025-05-23,TSLA,337.9200134277344,343.17999267578125,333.2099914550781,339.3399963378906,84654800
2025-05-27,TSLA,347.3500061035156,363.7900085449219,347.32000732421875,362.8900146484375,120146400
2025-05-28,TSLA,364.8399963378906,365.0,355.9100036621094,356.8999938964844,91404300
2025-05-29,TSLA,365.2900085449219,367.7099914550781,356.0,358.42999267578125,88087800
2025-05-30,TSLA,355.5199890136719,363.67999267578125,345.2900085449219,346.4599914550781,123474900
2025-06-02,TSLA,343.5,348.0199890136719,333.3299865722656,342.69000244140625,81873800
2025-06-03,TSLA,346.6000061035156,355.3999938964844,343.0400085449219,344.2699890136719,99324500
2025-06-04,TSLA,345.1000061035156,345.6000061035156,327.3299865722656,332.04998779296875,98912100
2025-06-05,TSLA,322.489990234375,324.54998779296875,273.2099914550781,284.70001220703125,287499800
2025-06-06,TSLA,298.8299865722656,305.5,291.1400146484375,295.1400146484375,164747700
2025-06-09,TSLA,285.9599914550781,309.8299865722656,281.8500061035156,308.5799865722656,140908900
2025-06-10,TSLA,314.94000244140625,327.8299865722656,310.6700134277344,326.0899963378906,151256500
2025-06-11,TSLA,334.3999938964844,335.5,322.5,326.42999267578125,122611400
2025-06-12,TSLA,323.0799865722656,332.55999755859375,316.8599853515625,319.1099853515625,105127500
2025-06-13,TSLA,313.9700012207031,332.989990234375,313.29998779296875,325.30999755859375,128964300
2025-06-16,TSLA,331.2900085449219,332.04998779296875,326.4100036621094,329.1300048828125,83925900
2025-06-17,TSLA,326.0899963378906,327.260009765625,314.739990234375,316.3500061035156,88282700
2025-06-18,TSLA,317.30999755859375,329.32000732421875,315.45001220703125,322.04998779296875,95137700
2025-06-20,TSLA,327.95001220703125,332.3599853515625,317.7799987792969,322.1600036621094,108688000
2025-06-23,TSLA,327.5400085449219,357.5400085449219,327.4800109863281,348.67999267578125,190716800
2025-06-24,TSLA,356.1700134277344,356.260009765625,340.44000244140625,340.4700012207031,114736200
2025-06-25,TSLA,342.70001220703125,343.0,320.3999938964844,327.54998779296875,119845100
2025-06-26,TSLA,324.6099853515625,331.04998779296875,323.6099853515625,325.7799987792969,80440900
2025-06-27,TSLA,324.510009765625,329.3399963378906,317.5,323.6300048828125,89067000
2025-06-30,TSLA,319.8999938964844,325.5799865722656,316.6000061035156,317.6600036621094,76695100
2025-07-01,TSLA,298.4599914550781,305.8900146484375,293.2099914550781,300.7099914550781,145085700
2025-07-02,TSLA,312.6300048828125,316.8299865722656,303.82000732421875,315.6499938964844,119483700
2025-07-03,TSLA,317.989990234375,318.45001220703125,312.760009765625,315.3500061035156,58042300
2025-07-07,TSLA,291.3699951171875,296.1499938964844,288.7699890136719,293.94000244140625,131177900
2025-07-08,TSLA,297.0,304.04998779296875,294.3500061035156,297.80999755859375,103246700
2025-07-09,TSLA,297.54998779296875,300.1499938964844,293.54998779296875,295.8800048828125,75586800
2025-07-10,TSLA,300.04998779296875,310.4800109863281,300.0,309.8699951171875,104365300
2025-07-11,TSLA,307.8900146484375,314.0899963378906,305.6499938964844,313.510009765625,79236400
2025-07-14,TSLA,317.7300109863281,322.6000061035156,312.6700134277344,316.8999938964844,78043400
2025-07-15,TSLA,319.67999267578125,321.20001220703125,310.5,310.7799987792969,77556300
2025-07-16,TSLA,312.79998779296875,323.5,312.6199951171875,321.6700134277344,97284800
2025-07-17,TSLA,323.1499938964844,324.3399963378906,317.05999755859375,319.4100036621094,73922900
2025-07-18,TSLA,321.6600036621094,330.8999938964844,321.4200134277344,329.6499938964844,94255000
2025-07-21,TSLA,334.3999938964844,338.0,326.8800048828125,328.489990234375,75768800
2025-07-22,TSLA,329.739990234375,335.4100036621094,321.54998779296875,332.1099853515625,77370400
2025-07-23,TSLA,330.8999938964844,336.20001220703125,328.6700134277344,332.55999755859375,92553800
2025-07-24,TSLA,310.0,310.1499938964844,300.4100036621094,305.29998779296875,156966000
2025-07-25,TSLA,308.739990234375,323.6300048828125,308.010009765625,316.05999755859375,148227000
2025-07-28,TSLA,318.45001220703125,330.489990234375,315.69000244140625,325.5899963378906,112673800
2025-07-29,TSLA,325.54998779296875,326.25,318.25,321.20001220703125,87358900
2025-07-30,TSLA,322.17999267578125,324.45001220703125,311.6199951171875,319.0400085449219,83931900
2025-07-31,TSLA,319.6099853515625,321.3699951171875,306.1000061035156,308.2699890136719,85270900
2025-08-01,TSLA,306.2099914550781,309.30999755859375,297.82000732421875,302.6300048828125,89121400
2025-08-04,TSLA,309.0799865722656,312.1199951171875,303.0,309.260009765625,78683900
2025-08-05,TSLA,308.95001220703125,312.45001220703125,305.5,308.7200012207031,57961300
2025-08-06,TSLA,307.8900146484375,320.4700012207031,306.92999267578125,319.9100036621094,78523600
2025-08-07,TSLA,319.7900085449219,322.3999938964844,316.1600036621094,322.2699890136719,66658700
2025-08-08,TSLA,321.42999267578125,335.1499938964844,320.9800109863281,329.6499938964844,91200300
2025-08-11,TSLA,335.0,346.6400146484375,334.1499938964844,339.0299987792969,105320200
2025-08-12,TSLA,345.0,345.260009765625,332.94000244140625,340.8399963378906,80522100
2025-08-13,TSLA,341.5,348.9800109863281,338.20001220703125,339.3800048828125,67838900
2025-08-14,TSLA,335.760009765625,340.4700012207031,330.3999938964844,335.5799865722656,75000700
2025-08-15,TSLA,337.6600036621094,339.29998779296875,327.0199890136719,330.55999755859375,74319800
2025-08-18,TSLA,329.6199951171875,336.2699890136719,329.5899963378906,335.1600036621094,56956600
2025-08-19,TSLA,335.7900085449219,340.54998779296875,327.8500061035156,329.30999755859375,75956000
2025-08-20,TSLA,329.2200012207031,331.3699951171875,314.6000061035156,323.8999938964844,77481800
2025-08-21,TSLA,322.0799865722656,324.8999938964844,318.67999267578125,320.1099853515625,55744400
2025-08-22,TSLA,321.6600036621094,340.25,319.69000244140625,340.010009765625,94016300
2025-08-25,TSLA,338.8999938964844,349.5299987792969,335.0299987792969,346.6000061035156,86670000
2025-08-26,TSLA,344.92999267578125,351.8999938964844,343.7200012207031,351.6700134277344,76651600
2025-08-27,TSLA,351.94000244140625,355.3900146484375,349.1600036621094,349.6000061035156,65519000
2025-08-28,TSLA,350.9100036621094,353.54998779296875,340.260009765625,345.9800109863281,67903200
2025-08-29,TSLA,347.2300109863281,348.75,331.70001220703125,333.8699951171875,81145700
2025-09-02,TSLA,328.2300109863281,333.3299865722656,325.6000061035156,329.3599853515625,58392000
2025-09-03,TSLA,335.20001220703125,343.3299865722656,328.510009765625,334.0899963378906,88733300
2025-09-04,TSLA,336.1499938964844,338.8900146484375,331.4800109863281,338.5299987792969,60711000
2025-09-05,TSLA,348.0,355.8699951171875,344.67999267578125,350.8399963378906,108989800
2025-09-08,TSLA,354.6400146484375,358.44000244140625,344.8399963378906,346.3999938964844,75208300
2025-09-09,TSLA,348.44000244140625,350.7699890136719,343.82000732421875,346.9700012207031,53816000
2025-09-10,TSLA,350.54998779296875,356.3299865722656,346.07000732421875,347.7900085449219,72121700
2025-09-11,TSLA,350.1700134277344,368.989990234375,347.6000061035156,368.80999755859375,103756000
2025-09-12,TSLA,370.94000244140625,396.69000244140625,370.239990234375,395.94000244140625,168156400
2025-09-15,TSLA,423.1300048828125,425.70001220703125,402.42999267578125,410.0400085449219,163823700
2025-09-16,TSLA,414.5,423.25,411.42999267578125,421.6199951171875,104285700
2025-09-17,TSLA,415.75,428.30999755859375,409.6700134277344,425.8599853515625,106133500
2025-09-18,TSLA,428.8699951171875,432.2200012207031,416.55999755859375,416.8500061035156,90454500
2025-09-19,TSLA,421.82000732421875,429.4700012207031,421.7200012207031,426.07000732421875,93131000
2025-09-22,TSLA,431.1099853515625,444.9800109863281,429.1300048828125,434.2099914550781,97108800
2025-09-23,TSLA,439.8800048828125,440.9700012207031,423.7200012207031,425.8500061035156,83422700
2025-09-24,TSLA,429.8299865722656,444.2099914550781,429.0299987792969,442.7900085449219,93133600
2025-09-25,TSLA,435.239990234375,435.3500061035156,419.0799865722656,423.3900146484375,96746400
2025-09-26,TSLA,428.29998779296875,440.4700012207031,421.0199890136719,440.3999938964844,101628200
2025-09-29,TSLA,444.3500061035156,450.9800109863281,439.5,443.2099914550781,79491500
2025-09-30,TSLA,441.5199890136719,445.0,433.1199951171875,444.7200012207031,74358000
2025-10-01,TSLA,443.79998779296875,462.2900085449219,440.75,459.4599914550781,98122300
2025-10-02,TSLA,470.5400085449219,470.75,435.57000732421875,436.0,137009000
2025-10-03,TSLA,443.2900085449219,446.7699890136719,416.5799865722656,429.8299865722656,133188200
2025-10-06,TSLA,440.75,453.54998779296875,436.69000244140625,453.25,85324900
2025-10-07,TSLA,447.82000732421875,452.67999267578125,432.45001220703125,433.0899963378906,102296100
2025-10-08,TSLA,437.57000732421875,441.3299865722656,425.2300109863281,438.69000244140625,71192100
2025-10-09,TSLA,431.80999755859375,436.3500061035156,426.17999267578125,435.5400085449219,69339900
2025-10-10,TSLA,436.5400085449219,443.1300048828125,411.45001220703125,413.489990234375,112107900
2025-10-13,TSLA,423.5299987792969,436.8900146484375,419.70001220703125,435.8999938964844,79552800
2025-10-14,TSLA,426.7900085449219,434.20001220703125,417.8599853515625,429.239990234375,72669400
2025-10-15,TSLA,434.8999938964844,440.510009765625,426.3299865722656,435.1499938964844,71558200
2025-10-16,TSLA,434.7300109863281,439.3500061035156,421.30999755859375,428.75,77189900
2025-10-17,TSLA,425.5,441.4599914550781,423.6000061035156,439.30999755859375,89331600
2025-10-20,TSLA,443.8699951171875,449.79998779296875,440.6099853515625,447.42999267578125,63719000
2025-10-21,TSLA,445.760009765625,449.29998779296875,442.04998779296875,442.6000061035156,54412200
2025-10-22,TSLA,443.45001220703125,445.5400085449219,429.0,438.9700012207031,84023500
2025-10-23,TSLA,420.0,449.3999938964844,413.8999938964844,448.9800109863281,126709800
2025-10-24,TSLA,446.8299865722656,451.67999267578125,430.1700134277344,433.7200012207031,94727800
2025-10-27,TSLA,439.9800109863281,460.1600036621094,438.69000244140625,452.4200134277344,105867500
2025-10-28,TSLA,454.7799987792969,467.0,451.6000061035156,460.54998779296875,80185700
2025-10-29,TSLA,462.5,465.70001220703125,452.6499938964844,461.510009765625,67983500
2025-10-30,TSLA,451.04998779296875,455.05999755859375,439.6099853515625,440.1000061035156,72447900
2025-10-31,TSLA,446.75,458.0,443.69000244140625,456.55999755859375,83135800
2025-11-03,TSLA,455.989990234375,474.07000732421875,453.79998779296875,468.3699951171875,84595200
2025-11-04,TSLA,454.4599914550781,460.2200012207031,443.6000061035156,444.260009765625,87756600
2025-11-05,TSLA,452.04998779296875,466.3299865722656,440.7099914550781,462.07000732421875,85573000
2025-11-06,TSLA,461.9599914550781,467.45001220703125,435.0899963378906,445.9100036621094,109622900
2025-11-07,TSLA,437.9200134277344,439.3599853515625,421.8800048828125,429.5199890136719,103471500
2025-11-10,TSLA,439.6000061035156,449.6700134277344,433.3599853515625,445.2300109863281,76515900
2025-11-11,TSLA,439.3999938964844,442.489990234375,432.3599853515625,439.6199951171875,60533200
2025-11-12,TSLA,442.1499938964844,442.3299865722656,426.55999755859375,430.6000061035156,58513500
2025-11-13,TSLA,423.1300048828125,424.5,396.3399963378906,401.989990234375,118948000
2025-11-14,TSLA,386.29998779296875,412.19000244140625,382.7799987792969,404.3500061035156,105506700
2025-11-17,TSLA,398.739990234375,423.9599914550781,398.739990234375,408.9200134277344,102214300
2025-11-18,TSLA,405.3800048828125,408.8999938964844,393.7099914550781,401.25,80688600
2025-11-19,TSLA,406.17999267578125,411.7799987792969,398.5,403.989990234375,72047700
2025-11-20,TSLA,414.6300048828125,428.94000244140625,394.739990234375,395.2300109863281,113548800
2025-11-21,TSLA,402.32000732421875,402.79998779296875,383.760009765625,391.0899963378906,100460600
2025-11-24,TSLA,402.1700134277344,421.7200012207031,401.0899963378906,417.7799987792969,96806400
2025-11-25,TSLA,414.4200134277344,420.4800109863281,405.95001220703125,419.3999938964844,71915600
2025-11-26,TSLA,423.95001220703125,426.94000244140625,416.8900146484375,426.5799865722656,63463000
2025-11-28,TSLA,426.5899963378906,432.92999267578125,426.20001220703125,430.1700134277344,36252900
2025-12-01,TSLA,425.32000732421875,433.6600036621094,425.2900085449219,430.1400146484375,57463600
2025-12-02,TSLA,430.80999755859375,436.79998779296875,422.1199951171875,429.239990234375,69336600
2025-12-03,TSLA,432.1000061035156,447.9200134277344,431.1099853515625,446.739990234375,87483000
2025-12-04,TSLA,449.94000244140625,454.6300048828125,445.3900146484375,454.5299987792969,71906500
2025-12-05,TSLA,453.0299987792969,458.8699951171875,451.6600036621094,455.0,56427500
2025-12-08,TSLA,447.45001220703125,449.75,435.25,439.5799865722656,69165800
2025-12-09,TSLA,437.5400085449219,452.3900146484375,435.70001220703125,445.1700134277344,62367400
2025-12-10,TSLA,446.07000732421875,456.8800048828125,443.6099853515625,451.45001220703125,63257500
2025-12-11,TSLA,448.95001220703125,449.2699890136719,440.3299865722656,446.8900146484375,55979500
2025-12-12,TSLA,448.0899963378906,463.010009765625,441.6700134277344,458.9599914550781,95656700
2025-12-15,TSLA,469.44000244140625,481.7699890136719,467.6600036621094,475.30999755859375,114542200
2025-12-16,TSLA,472.2099914550781,491.5,465.8299865722656,489.8800048828125,107608100
2025-12-17,TSLA,488.2200012207031,495.2799987792969,466.20001220703125,467.260009765625,106490400
2025-12-18,TSLA,478.1600036621094,490.8599853515625,473.1199951171875,483.3699951171875,95168400
2025-12-19,TSLA,488.1199951171875,490.489990234375,474.7200012207031,481.20001220703125,103305400
2025-12-22,TSLA,489.8800048828125,498.8299865722656,485.3299865722656,488.7300109863281,86916100
2025-12-23,TSLA,489.3999938964844,491.9700012207031,482.8399963378906,485.55999755859375,58223600
2025-12-24,TSLA,488.4800109863281,490.8999938964844,476.79998779296875,485.3999938964844,41285400
2025-12-26,TSLA,485.2300109863281,489.0899963378906,473.82000732421875,475.19000244140625,58780700
2025-12-29,TSLA,469.0,469.3999938964844,459.0,459.6400146484375,66263000
2025-12-30,TSLA,461.0899963378906,463.1199951171875,453.8299865722656,454.42999267578125,59238500
2025-12-31,TSLA,456.1000061035156,456.54998779296875,449.29998779296875,449.7200012207031,49078000
2026-01-02,TSLA,457.79998779296875,458.3399963378906,435.29998779296875,438.07000732421875,85535400
2026-01-05,TSLA,447.989990234375,457.54998779296875,444.57000732421875,451.6700134277344,67940800
2026-01-06,TSLA,446.3800048828125,448.25,428.7799987792969,432.9599914550781,89093800
2026-01-07,TSLA,435.8999938964844,438.3699951171875,431.2900085449219,431.4100036621094,59828800
2026-01-08,TSLA,427.8900146484375,436.8900146484375,424.3699951171875,435.79998779296875,57041100
2026-01-09,TSLA,435.95001220703125,449.04998779296875,430.3900146484375,445.010009765625,67331500
2026-01-12,TSLA,441.2300109863281,454.29998779296875,438.0,448.9599914550781,61649600
2026-01-13,TSLA,450.20001220703125,451.80999755859375,443.95001220703125,447.20001220703125,53719200
2026-01-14,TSLA,442.80999755859375,443.9100036621094,434.2200012207031,439.20001220703125,57259500
2026-01-15,TSLA,441.1300048828125,445.3599853515625,437.6499938964844,438.57000732421875,49465800
2026-01-16,TSLA,439.5,447.25,435.260009765625,437.5,60220600
2026-01-20,TSLA,429.3599853515625,430.7300109863281,417.44000244140625,419.25,63187300
2026-01-21,TSLA,421.6600036621094,438.20001220703125,419.6199951171875,431.44000244140625,68124000
2026-01-22,TSLA,435.1600036621094,449.5,432.6300048828125,449.3599853515625,71546700
2026-01-23,TSLA,447.42999267578125,452.42999267578125,444.0400085449219,449.05999755859375,56771400
2026-01-26,TSLA,445.0,445.0400085449219,434.2799987792969,435.20001220703125,49397400
2026-01-27,TSLA,437.4100036621094,437.5199890136719,430.69000244140625,430.8999938964844,37733100
2026-01-28,TSLA,431.9100036621094,438.260009765625,430.1000061035156,431.4599914550781,54857400
2026-01-29,TSLA,437.79998779296875,440.2300109863281,414.6199951171875,416.55999755859375,81686100
2026-01-30,TSLA,425.3500061035156,439.8800048828125,422.70001220703125,430.4100036621094,82626100
2026-02-02,TSLA,421.2900085449219,427.1499938964844,414.5,421.80999755859375,58739500
2026-02-03,TSLA,424.2699890136719,428.55999755859375,413.69000244140625,421.9599914550781,56886500
2026-02-04,TSLA,420.4599914550781,423.8999938964844,399.17999267578125,406.010009765625,74606900
2026-02-05,TSLA,397.0199890136719,402.1000061035156,387.5299987792969,397.2099914550781,72819800
2026-02-06,TSLA,400.8699951171875,414.54998779296875,397.75,411.1099853515625,62677100
2026-02-09,TSLA,409.9100036621094,421.25,407.2900085449219,417.32000732421875,54484300
2026-02-10,TSLA,418.0799865722656,427.25,417.0,425.2099914550781,64450200
2026-02-11,TSLA,427.9599914550781,436.3500061035156,420.0299987792969,428.2699890136719,57362000
2026-02-12,TSLA,430.29998779296875,436.2300109863281,414.0,417.07000732421875,61933400
2026-02-13,TSLA,414.30999755859375,424.05999755859375,410.8800048828125,417.44000244140625,51434100
2026-02-17,TSLA,412.3599853515625,413.7200012207031,400.510009765625,410.6300048828125,59678800
2026-02-18,TSLA,411.1099853515625,416.8999938964844,409.5799865722656,411.32000732421875,45921400
2026-02-19,TSLA,407.25,415.25,404.1099853515625,411.7099914550781,51019600
2026-02-20,TSLA,408.29998779296875,414.70001220703125,405.5,411.82000732421875,57912200
2026-02-23,TSLA,407.2900085449219,407.70001220703125,394.0400085449219,399.8299865722656,69680000
2026-02-24,TSLA,399.5,410.82000732421875,397.6400146484375,409.3800048828125,58579500
2026-02-25,TSLA,412.1499938964844,420.3399963378906,412.1499938964844,417.3999938964844,54809700
2026-02-26,TSLA,414.4200134277344,416.80999755859375,403.6600036621094,408.5799865722656,53602500
2026-02-27,TSLA,402.94000244140625,407.1199951171875,398.1099853515625,402.510009765625,56890100
2026-03-02,TSLA,390.6000061035156,404.5400085449219,388.25,403.32000732421875,55088300
2026-03-03,TSLA,395.0899963378906,396.3399963378906,385.3900146484375,392.42999267578125,62617300
2026-03-04,TSLA,397.8500061035156,408.3299865722656,394.5799865722656,405.94000244140625,68305500
2026-03-05,TSLA,401.57000732421875,408.6199951171875,399.4200134277344,405.54998779296875,51925900
2026-03-06,TSLA,398.0899963378906,402.3500061035156,394.2099914550781,396.7300109863281,64054600
2026-03-09,TSLA,390.04998779296875,401.5899963378906,381.3999938964844,398.67999267578125,67018900
2026-03-10,TSLA,402.2200012207031,406.5899963378906,398.19000244140625,399.239990234375,59258700
2026-03-11,TSLA,402.2799987792969,416.3800048828125,402.1499938964844,407.82000732421875,62559900
2026-03-12,TSLA,405.17999267578125,406.5,394.6499938964844,395.010009765625,60973800
2026-03-13,TSLA,399.1700134277344,400.20001220703125,389.95001220703125,391.20001220703125,58504100
2026-03-16,TSLA,396.2200012207031,403.7300109863281,394.4200134277344,395.55999755859375,58068300
2026-03-17,TSLA,395.69000244140625,400.1199951171875,393.0,399.2699890136719,46890500
2026-03-18,TSLA,399.0,403.07000732421875,392.30999755859375,392.7799987792969,50853100
2026-03-19,TSLA,387.2699890136719,387.2699890136719,378.7300109863281,380.29998779296875,67078300
2026-03-20,TSLA,379.8500061035156,379.8900146484375,364.4599914550781,367.9599914550781,78628600
2026-03-23,TSLA,373.0899963378906,385.3299865722656,372.7300109863281,380.8500061035156,74606000
2026-03-24,TSLA,376.55999755859375,387.4800109863281,376.30999755859375,383.0299987792969,60004900
2026-03-25,TSLA,389.989990234375,396.2300109863281,385.010009765625,385.95001220703125,55157300
2026-03-26,TSLA,381.6000061035156,384.44000244140625,371.8699951171875,372.1099853515625,55522900
2026-03-27,TSLA,369.69000244140625,369.8599853515625,359.4700012207031,361.8299865722656,62065700
2026-03-30,TSLA,365.8599853515625,367.2900085449219,352.1400146484375,355.2799987792969,67954400
2026-03-31,TSLA,361.510009765625,373.3299865722656,361.0,371.75,75534900
2026-04-01,TSLA,378.6300048828125,383.1400146484375,374.0799865722656,381.260009765625,58683800
2026-04-02,TSLA,364.20001220703125,370.2799987792969,359.0299987792969,360.5899963378906,83031200
2026-04-06,TSLA,362.5899963378906,367.7200012207031,346.6400146484375,352.82000732421875,77697600
2026-04-07,TSLA,346.44000244140625,348.0199890136719,337.239990234375,346.6499938964844,74515400
2026-04-08,TSLA,363.7900085449219,364.5,339.6700134277344,343.25,78838600
2026-04-09,TSLA,343.1499938964844,348.8800048828125,337.25,345.6199951171875,62164000
2026-04-10,TSLA,346.2900085449219,350.3599853515625,342.739990234375,348.95001220703125,51336000
2026-04-13,TSLA,350.07000732421875,356.3500061035156,348.57000732421875,352.4200134277344,53617500
2026-04-14,TSLA,357.6700134277344,367.6300048828125,354.7699890136719,364.20001220703125,59979600
2026-04-15,TSLA,366.8299865722656,394.6499938964844,362.5,391.95001220703125,113810400
2026-04-16,TSLA,393.80999755859375,394.05999755859375,381.79998779296875,388.8999938964844,63515100
2026-04-17,TSLA,395.9200134277344,409.2799987792969,391.6499938964844,400.6199951171875,90640000
2026-04-20,TSLA,402.5799865722656,406.79998779296875,388.3299865722656,392.5,64603900
2026-04-21,TSLA,393.0,393.95001220703125,385.2200012207031,386.4200134277344,50530600
2026-04-22,TSLA,387.57000732421875,393.010009765625,385.29998779296875,387.510009765625,62362800
2026-04-23,TSLA,375.2799987792969,386.0,368.3900146484375,373.7200012207031,93969500
2026-04-24,TSLA,373.5,382.760009765625,370.7300109863281,376.29998779296875,62893300
2026-04-27,TSLA,372.0899963378906,380.7799987792969,364.0199890136719,378.6700134277344,66735800
2026-04-28,TSLA,374.67999267578125,382.2900085449219,372.5400085449219,376.0199890136719,50864400
2026-04-29,TSLA,375.3999938964844,376.3999938964844,370.0400085449219,372.79998779296875,45384800
2026-04-30,TSLA,372.75,384.75,368.1700134277344,381.6300048828125,51076000
2026-05-01,TSLA,382.489990234375,397.82000732421875,378.79998779296875,390.82000732421875,65338300
2026-05-04,TSLA,390.2300109863281,394.6400146484375,384.79998779296875,392.510009765625,48765100
2026-05-05,TSLA,395.19000244140625,402.1199951171875,389.0,389.3699951171875,47780600
2026-05-06,TSLA,386.25,401.67999267578125,384.0199890136719,398.7300109863281,53465400
2026-05-07,TSLA,407.4800109863281,415.8299865722656,402.1199951171875,411.7900085449219,64294200
2026-05-08,TSLA,416.4800109863281,431.20001220703125,416.3900146484375,428.3500061035156,65050000
2026-05-11,TSLA,422.1600036621094,449.1600036621094,416.79998779296875,445.0,78376100
2026-05-12,TSLA,441.4100036621094,447.79998779296875,422.260009765625,433.45001220703125,60569300
2026-05-13,TSLA,436.6700134277344,453.3999938964844,430.2099914550781,445.2699890136719,68283200
2026-05-14,TSLA,446.489990234375,451.9800109863281,441.1600036621094,443.29998779296875,46070400
2026-05-15,TSLA,433.9800109863281,434.6600036621094,422.0,422.239990234375,52688700
2026-05-18,TSLA,419.2699890136719,421.1300048828125,405.3299865722656,409.989990234375,52474200
2026-05-19,TSLA,403.1600036621094,405.6300048828125,393.6300048828125,404.1099853515625,46500600
2026-05-20,TSLA,407.6000061035156,417.4599914550781,406.3900146484375,417.260009765625,45294700
2026-05-21,TSLA,422.17999267578125,426.95001220703125,412.8999938964844,417.8500061035156,42636900
2026-05-22,TSLA,422.6700134277344,431.510009765625,420.510009765625,426.010009765625,46104700
2026-05-26,TSLA,430.260009765625,435.20001220703125,426.1199951171875,433.5899963378906,45658900
2026-05-27,TSLA,442.8900146484375,445.6000061035156,435.5199890136719,440.3599853515625,44656500
2026-05-28,TSLA,437.6199951171875,443.9599914550781,436.29998779296875,442.1000061035156,32435000
2026-05-29,TSLA,439.8500061035156,441.07000732421875,428.1400146484375,435.7900085449219,45176800
2026-06-01,TSLA,427.489990234375,429.6000061035156,415.42999267578125,415.8800048828125,44937900
2026-06-02,TSLA,418.2200012207031,424.4200134277344,413.6499938964844,423.739990234375,37596000
2026-06-03,TSLA,418.70001220703125,433.6000061035156,416.0,423.70001220703125,44500700
2026-06-04,TSLA,419.8399963378906,426.3500061035156,417.1600036621094,418.45001220703125,35323300
2026-06-05,TSLA,420.5,424.67999267578125,388.5899963378906,391.0,63420200
2026-06-08,TSLA,396.3299865722656,412.94000244140625,394.7200012207031,408.95001220703125,50328800
2026-06-09,TSLA,411.0299987792969,418.5,384.239990234375,396.67999267578125,59940200
2026-06-10,TSLA,391.5400085449219,397.0899963378906,380.1499938964844,381.5899963378906,49695600
2026-06-11,TSLA,388.2799987792969,399.5400085449219,380.6600036621094,399.1499938964844,45324300
2026-06-12,TSLA,399.489990234375,406.67999267578125,386.760009765625,406.42999267578125,63514500
2026-06-15,TSLA,412.3699951171875,416.0,407.1000061035156,411.1499938964844,45620500
2026-06-16,TSLA,404.1099853515625,412.4200134277344,400.5400085449219,404.6600036621094,40255500
2026-06-17,TSLA,401.5299987792969,405.94000244140625,393.760009765625,396.3800048828125,43534300
2026-06-18,TSLA,398.1000061035156,402.5199890136719,384.70001220703125,400.489990234375,58384700
2026-06-22,TSLA,394.8500061035156,414.75,394.3999938964844,405.04998779296875,47819500
2026-06-23,TSLA,392.6099853515625,392.8699951171875,379.05999755859375,381.6099853515625,50420200
2026-06-24,TSLA,380.0799865722656,384.5799865722656,373.04998779296875,375.5299987792969,37081400
2026-06-25,TSLA,375.2699890136719,379.1199951171875,371.2200012207031,375.1199951171875,30138800
2026-06-26,TSLA,370.1499938964844,387.79998779296875,368.6000061035156,379.7099914550781,53434100
2026-06-29,TSLA,381.7900085449219,413.2699890136719,379.29998779296875,411.8399963378906,57645800
2026-06-30,TSLA,406.0,424.5400085449219,406.0,420.6000061035156,43385600
2026-07-01,TSLA,421.4599914550781,432.8599853515625,418.0899963378906,425.29998779296875,40127900
2026-07-02,TSLA,428.010009765625,432.3500061035156,389.29998779296875,393.45001220703125,73717700
2026-07-06,TSLA,397.5,420.0,390.5,419.7699890136719,54727900
2026-07-07,TSLA,416.9599914550781,419.55999755859375,401.8800048828125,402.8999938964844,38149900
2026-07-08,TSLA,399.3800048828125,399.6300048828125,390.510009765625,394.05999755859375,33844900
2026-07-09,TSLA,393.989990234375,407.8599853515625,390.8599853515625,406.54998779296875,37835000
2026-07-10,TSLA,410.489990234375,413.1600036621094,402.80999755859375,407.760009765625,33410000
2026-07-13,TSLA,404.6099853515625,405.57000732421875,391.3699951171875,394.760009765625,32809200
2026-07-14,TSLA,399.04998779296875,402.2200012207031,394.760009765625,396.17999267578125,23385000
2026-07-15,TSLA,399.3999938964844,406.5899963378906,390.6600036621094,394.4599914550781,31549800
2026-07-16,TSLA,392.3500061035156,395.30999755859375,385.32000732421875,391.05999755859375,29269100
2026-07-17,TSLA,381.7799987792969,385.69000244140625,377.2200012207031,380.8399963378906,31394600
2026-07-20,TSLA,386.04998779296875,386.6099853515625,369.42999267578125,369.57000732421875,33901500
2026-07-21,TSLA,371.1700134277344,384.07000732421875,369.9800109863281,378.92999267578125,32735300
2026-07-22,TSLA,375.5299987792969,380.1700134277344,372.8999938964844,374.010009765625,30646100
2026-07-23,TSLA,341.0,342.1099853515625,315.739990234375,319.69000244140625,115606400
2026-07-24,TSLA,320.7200012207031,322.9599914550781,306.510009765625,313.0299987792969,62760000
2026-07-27,TSLA,313.239990234375,317.0,304.2799987792969,309.2200012207031,44919400
2026-07-28,TSLA,305.92999267578125,311.1600036621094,300.69000244140625,307.44000244140625,39802400
2026-07-29,TSLA,307.1400146484375,309.05999755859375,297.3800048828125,298.32000732421875,39478000
2026-07-30,TSLA,302.70001220703125,310.8699951171875,301.3299865722656,308.8500061035156,38005400
2026-07-31,TSLA,309.69000244140625,315.5,301.9700012207031,311.2099914550781,36630600
2026-08-03,TSLA,310.9599914550781,324.6499938964844,310.42999267578125,322.0799865722656,38281400
2026-08-04,TSLA,324.0,329.57000732421875,320.7900085449219,327.3500061035156,33318300
2026-08-05,TSLA,323.4200134277344,327.1400146484375,320.2799987792969,321.54998779296875,27820800
2026-08-06,TSLA,317.04998779296875,323.0,315.5199890136719,319.5299987792969,26033800
2026-08-07,TSLA,322.3399963378906,333.7300109863281,321.25,328.5799865722656,39492300
2026-08-10,TSLA,326.6000061035156,332.04998779296875,326.1499938964844,330.8800048828125,25003800
2026-08-11,TSLA,332.79998779296875,336.20001220703125,329.5299987792969,332.80999755859375,23345200
2026-08-12,TSLA,335.0,335.5,323.6400146484375,327.510009765625,28698900
2026-08-13,TSLA,327.20001220703125,341.6400146484375,325.239990234375,339.9599914550781,34708300
2026-08-14,TSLA,342.3299865722656,351.260009765625,335.3299865722656,342.2699890136719,45437100
2026-08-17,TSLA,340.69000244140625,345.45001220703125,337.4800109863281,339.29998779296875,26037100
2026-08-18,TSLA,333.2200012207031,340.5299987792969,331.1199951171875,336.8699951171875,27994500
2026-08-19,TSLA,338.8900146484375,351.6199951171875,335.70001220703125,351.1199951171875,36735400
2026-08-20,TSLA,346.20001220703125,347.5,338.9599914550781,345.1300048828125,30766400
2026-08-21,TSLA,349.8800048828125,366.5,346.8999938964844,362.8599853515625,59224000
2026-08-24,TSLA,361.4100036621094,363.239990234375,348.260009765625,348.95001220703125,39190500
2026-08-25,TSLA,349.5799865722656,357.0,349.20001220703125,350.25,29816700
2026-08-26,TSLA,345.2699890136719,351.92999267578125,342.5299987792969,345.82000732421875,28573000
2026-08-27,TSLA,346.1600036621094,355.739990234375,345.45001220703125,354.80999755859375,30136200
2026-08-28,TSLA,357.1000061035156,358.79998779296875,345.20001220703125,348.75,32972200
2026-08-31,TSLA,347.2099914550781,368.9200134277344,347.1499938964844,367.95001220703125,61732300
2026-09-01,TSLA,360.8999938964844,362.70001220703125,352.9599914550781,356.0899963378906,36193900
2026-09-02,TSLA,360.4100036621094,360.6199951171875,349.9200134277344,357.010009765625,33951900
2026-09-03,TSLA,365.82000732421875,384.0400085449219,365.82000732421875,376.3699951171875,63601000
2026-09-04,TSLA,362.07000732421875,364.69000244140625,351.32000732421875,354.0799865722656,65018200
2026-09-08,TSLA,357.1000061035156,370.0,355.75,368.1600036621094,51078800
2026-09-09,TSLA,368.25,375.44000244140625,366.0,367.80999755859375,32564300
2026-09-10,TSLA,360.6000061035156,369.2099914550781,357.67999267578125,363.55999755859375,29667200
2026-09-11,TSLA,364.20001220703125,368.6600036621094,361.6000061035156,365.44000244140625,30153000
2026-09-14,TSLA,359.7799987792969,367.7300109863281,357.0400085449219,358.9700012207031,32477200
2026-09-15,TSLA,358.75,362.3900146484375,354.04998779296875,356.5799865722656,30317700
2026-09-16,TSLA,357.92999267578125,365.1000061035156,354.8900146484375,358.0799865722656,32177400
2026-09-17,TSLA,367.4800109863281,374.1199951171875,363.2200012207031,366.20001220703125,38924100
2026-09-18,TSLA,369.0,370.8999938964844,360.75,364.2699890136719,51922300
2026-09-21,TSLA,371.6400146484375,378.3599853515625,371.07000732421875,375.29998779296875,36599600
2026-09-22,TSLA,379.07000732421875,380.4200134277344,372.8800048828125,378.8999938964844,28229900
2026-09-23,TSLA,380.1000061035156,386.70001220703125,377.5799865722656,380.1199951171875,33522500
2026-09-24,TSLA,377.3500061035156,383.3299865722656,375.70001220703125,377.94000244140625,26088000
